0
SECTION
2
HEADER
999
*** POWERPCB  HEADER ***
9
$EXTMIN
10
-4236
20
-6506
9
$EXTMAX
10
16036
20
6581
9
$FILLMODE
70
0
9
$GRIDMODE
70
1
9
$GRIDUNIT
10
100
20
100
9
$INSBASE
10
-1400
20
4525
9
$LIMCHECK
70
0
9
$PLINEWID
40
6
9
$SNAPMODE
70
1
9
$SNAPUNIT
10
25
20
25
9
$TEXTSIZE
40
100
9
$TEXTSTYLE
7
W10
9
$USERI1
70
100
9
$USERI2
70
0
9
$USERI5
70
150
9
$VIEWCTR
10
658.6667191601
20
1190.4823097113
0
ENDSEC
0
SECTION
2
TABLES
999
*** POWERPCB  LTYPE ***
0
TABLE
2
LTYPE
70
89
0
LTYPE
2
CONTINUOUS
70
64
3
---
72
65
73
0
40
0
0
LTYPE
2
TRMIDX_2048
70
64
3
---
72
65
73
2
40
2
49
1
49
1
0
LTYPE
2
TRMIDX_4096
70
64
3
---
72
65
73
2
40
2
49
1
49
1
0
LTYPE
2
POUR_00_-1_0_000000
70
64
3
---
72
65
73
2
40
2
49
1
49
1
0
LTYPE
2
SIG_3
70
64
3
GND:=0 0 0
72
65
73
2
40
2
49
1
49
1
0
LTYPE
2
CON_23
70
64
3
3 0 1 1 1
72
65
73
2
40
2
49
1
49
1
0
LTYPE
2
CON_24
70
64
3
3 25 27 2 2
72
65
73
2
40
2
49
1
49
1
0
LTYPE
2
CON_25
70
64
3
3 3 2 26 4
72
65
73
2
40
2
49
1
49
1
0
LTYPE
2
CON_26
70
64
3
3 27 4 4 2
72
65
73
2
40
2
49
1
49
1
0
LTYPE
2
CON_27
70
64
3
3 0 1 5 2
72
65
73
2
40
2
49
1
49
1
0
LTYPE
2
CON_28
70
64
3
3 0 1 6 3
72
65
73
2
40
2
49
1
49
1
0
LTYPE
2
CON_29
70
64
3
3 7 1 25 33
72
65
73
2
40
2
49
1
49
1
0
LTYPE
2
CON_30
70
64
3
3 13 2 25 21
72
65
73
2
40
2
49
1
49
1
0
LTYPE
2
CON_31
70
64
3
3 7 1 18 1
72
65
73
2
40
2
49
1
49
1
0
LTYPE
2
CON_32
70
64
3
3 20 1 25 21
72
65
73
2
40
2
49
1
49
1
0
LTYPE
2
CON_33
70
64
3
3 1 1 25 1
72
65
73
2
40
2
49
1
49
1
0
LTYPE
2
CON_34
70
64
3
3 25 8 1 1
72
65
73
2
40
2
49
1
49
1
0
LTYPE
2
CON_35
70
64
3
3 25 11 1 1
72
65
73
2
40
2
49
1
49
1
0
LTYPE
2
CON_36
70
64
3
3 25 20 25 21
72
65
73
2
40
2
49
1
49
1
0
LTYPE
2
CON_37
70
64
3
3 25 21 25 22
72
65
73
2
40
2
49
1
49
1
0
LTYPE
2
CON_38
70
64
3
3 25 22 25 26
72
65
73
2
40
2
49
1
49
1
0
LTYPE
2
CON_39
70
64
3
3 25 24 25 26
72
65
73
2
40
2
49
1
49
1
0
LTYPE
2
CON_40
70
64
3
3 25 26 25 27
72
65
73
2
40
2
49
1
49
1
0
LTYPE
2
CON_41
70
64
3
3 25 27 6 3
72
65
73
2
40
2
49
1
49
1
0
LTYPE
2
CON_42
70
64
3
3 25 28 25 27
72
65
73
2
40
2
49
1
49
1
0
LTYPE
2
CON_43
70
64
3
3 6 3 25 33
72
65
73
2
40
2
49
1
49
1
0
LTYPE
2
CON_44
70
64
3
3 25 41 18 1
72
65
73
2
40
2
49
1
49
1
0
LTYPE
2
CON_45
70
64
3
3 25 47 25 41
72
65
73
2
40
2
49
1
49
1
0
LTYPE
2
CON_46
70
64
3
3 26 3 26 4
72
65
73
2
40
2
49
1
49
1
0
LTYPE
2
CON_47
70
64
3
3 26 4 1 1
72
65
73
2
40
2
49
1
49
1
0
LTYPE
2
CON_48
70
64
3
3 26 7 26 3
72
65
73
2
40
2
49
1
49
1
0
LTYPE
2
CON_49
70
64
3
3 27 4 13 2
72
65
73
2
40
2
49
1
49
1
0
LTYPE
2
CON_50
70
64
3
3 27 7 0 1
72
65
73
2
40
2
49
1
49
1
0
LTYPE
2
CON_51
70
64
3
3 28 4 25 41
72
65
73
2
40
2
49
1
49
1
0
LTYPE
2
SIG_0
70
64
3
+3.3V:=0 0 0
72
65
73
2
40
2
49
1
49
1
0
LTYPE
2
CON_0
70
64
3
0 4 1 1 2
72
65
73
2
40
2
49
1
49
1
0
LTYPE
2
CON_1
70
64
3
0 28 8 3 1
72
65
73
2
40
2
49
1
49
1
0
LTYPE
2
CON_2
70
64
3
0 27 8 4 1
72
65
73
2
40
2
49
1
49
1
0
LTYPE
2
CON_3
70
64
3
0 1 2 5 1
72
65
73
2
40
2
49
1
49
1
0
LTYPE
2
CON_4
70
64
3
0 6 2 0 2
72
65
73
2
40
2
49
1
49
1
0
LTYPE
2
CON_5
70
64
3
0 1 2 14 1
72
65
73
2
40
2
49
1
49
1
0
LTYPE
2
CON_6
70
64
3
0 28 5 19 1
72
65
73
2
40
2
49
1
49
1
0
LTYPE
2
CON_7
70
64
3
0 28 5 21 2
72
65
73
2
40
2
49
1
49
1
0
LTYPE
2
CON_8
70
64
3
0 3 1 22 1
72
65
73
2
40
2
49
1
49
1
0
LTYPE
2
CON_9
70
64
3
0 24 1 23 1
72
65
73
2
40
2
49
1
49
1
0
LTYPE
2
CON_10
70
64
3
0 28 8 24 1
72
65
73
2
40
2
49
1
49
1
0
LTYPE
2
CON_11
70
64
3
0 14 1 25 12
72
65
73
2
40
2
49
1
49
1
0
LTYPE
2
CON_12
70
64
3
0 6 2 25 34
72
65
73
2
40
2
49
1
49
1
0
LTYPE
2
CON_13
70
64
3
0 28 8 26 8
72
65
73
2
40
2
49
1
49
1
0
LTYPE
2
CON_14
70
64
3
0 27 3 27 8
72
65
73
2
40
2
49
1
49
1
0
LTYPE
2
CON_15
70
64
3
0 0 2 27 8
72
65
73
2
40
2
49
1
49
1
0
LTYPE
2
CON_16
70
64
3
0 28 5 28 6
72
65
73
2
40
2
49
1
49
1
0
LTYPE
2
CON_17
70
64
3
0 28 6 28 7
72
65
73
2
40
2
49
1
49
1
0
LTYPE
2
CON_18
70
64
3
0 28 7 0 2
72
65
73
2
40
2
49
1
49
1
0
LTYPE
2
CON_19
70
64
3
0 28 8 28 7
72
65
73
2
40
2
49
1
49
1
0
LTYPE
2
SIG_1
70
64
3
ALERT:=0 0 0
72
65
73
2
40
2
49
1
49
1
0
LTYPE
2
CON_20
70
64
3
1 24 2 28 3
72
65
73
2
40
2
49
1
49
1
0
LTYPE
2
CON_21
70
64
3
1 28 3 12 1
72
65
73
2
40
2
49
1
49
1
0
LTYPE
2
SIG_2
70
64
3
CTS:=0 0 0
72
65
73
2
40
2
49
1
49
1
0
LTYPE
2
CON_22
70
64
3
2 25 3 8 1
72
65
73
2
40
2
49
1
49
1
0
LTYPE
2
SIG_4
70
64
3
N16777648:=0 0 0
72
65
73
2
40
2
49
1
49
1
0
LTYPE
2
CON_52
70
64
3
4 25 31 6 4
72
65
73
2
40
2
49
1
49
1
0
LTYPE
2
SIG_5
70
64
3
N16777671:=0 0 0
72
65
73
2
40
2
49
1
49
1
0
LTYPE
2
CON_53
70
64
3
5 25 30 6 5
72
65
73
2
40
2
49
1
49
1
0
LTYPE
2
SIG_6
70
64
3
N16777707:=0 0 0
72
65
73
2
40
2
49
1
49
1
0
LTYPE
2
CON_54
70
64
3
6 13 1 25 23
72
65
73
2
40
2
49
1
49
1
0
LTYPE
2
SIG_7
70
64
3
RESET:=0 0 0
72
65
73
2
40
2
49
1
49
1
0
LTYPE
2
CON_55
70
64
3
7 7 2 6 1
72
65
73
2
40
2
49
1
49
1
0
LTYPE
2
CON_56
70
64
3
7 17 1 7 2
72
65
73
2
40
2
49
1
49
1
0
LTYPE
2
CON_57
70
64
3
7 2 1 17 1
72
65
73
2
40
2
49
1
49
1
0
LTYPE
2
CON_58
70
64
3
7 21 1 6 1
72
65
73
2
40
2
49
1
49
1
0
LTYPE
2
CON_59
70
64
3
7 25 32 7 2
72
65
73
2
40
2
49
1
49
1
0
LTYPE
2
SIG_8
70
64
3
RTS:=0 0 0
72
65
73
2
40
2
49
1
49
1
0
LTYPE
2
CON_60
70
64
3
8 25 2 9 1
72
65
73
2
40
2
49
1
49
1
0
LTYPE
2
SIG_9
70
64
3
RX:=0 0 0
72
65
73
2
40
2
49
1
49
1
0
LTYPE
2
CON_61
70
64
3
9 25 7 16 1
72
65
73
2
40
2
49
1
49
1
0
LTYPE
2
SIG_10
70
64
3
SCL:=0 0 0
72
65
73
2
40
2
49
1
49
1
0
LTYPE
2
CON_62
70
64
3
10 23 2 26 6
72
65
73
2
40
2
49
1
49
1
0
LTYPE
2
CON_63
70
64
3
10 28 2 26 6
72
65
73
2
40
2
49
1
49
1
0
LTYPE
2
CON_64
70
64
3
10 26 6 27 6
72
65
73
2
40
2
49
1
49
1
0
LTYPE
2
CON_65
70
64
3
10 11 1 28 2
72
65
73
2
40
2
49
1
49
1
0
LTYPE
2
SIG_11
70
64
3
SDA:=0 0 0
72
65
73
2
40
2
49
1
49
1
0
LTYPE
2
CON_66
70
64
3
11 10 1 22 2
72
65
73
2
40
2
49
1
49
1
0
LTYPE
2
CON_67
70
64
3
11 22 2 26 5
72
65
73
2
40
2
49
1
49
1
0
LTYPE
2
CON_68
70
64
3
11 10 1 27 5
72
65
73
2
40
2
49
1
49
1
0
LTYPE
2
CON_69
70
64
3
11 22 2 28 1
72
65
73
2
40
2
49
1
49
1
0
LTYPE
2
SIG_12
70
64
3
TX:=0 0 0
72
65
73
2
40
2
49
1
49
1
0
LTYPE
2
CON_70
70
64
3
12 25 6 15 1
72
65
73
2
40
2
49
1
49
1
0
LTYPE
2
KEEPOUT_00011110$0
70
64
3
---
72
65
73
2
40
2
49
1
49
1
0
LTYPE
2
PADS_DASH_762000
70
64
3
PADS DASHED LINE STYLE
72
65
73
2
40
200
49
100
49
-100
0
ENDTAB
999
*** POWERPCB  LAYER ***
0
TABLE
2
LAYER
70
59
0
LAYER
2
DBLAYERS
70
1
62
-3
6
CONTINUOUS
0
LAYER
2
BOARD_OUTLINE_00
70
0
62
3
6
CONTINUOUS
0
LAYER
2
PART_ATTR
70
1
62
-3
6
CONTINUOUS
0
LAYER
2
2D_LINE_00
70
0
62
5
6
CONTINUOUS
0
LAYER
2
DIMENSION7_24
70
0
62
3
6
CONTINUOUS
0
LAYER
2
DIMENSION1_24
70
0
62
3
6
CONTINUOUS
0
LAYER
2
DIMENSION3_24
70
0
62
3
6
CONTINUOUS
0
LAYER
2
DIMENSION2_24
70
0
62
3
6
CONTINUOUS
0
LAYER
2
DIMENSION4_24
70
0
62
3
6
CONTINUOUS
0
LAYER
2
DIMENSION5_24
70
0
62
3
6
CONTINUOUS
0
LAYER
2
DIMENSION6_24
70
0
62
3
6
CONTINUOUS
0
LAYER
2
TEXT_24
70
0
62
3
6
CONTINUOUS
0
LAYER
2
TEXT_27
70
1
62
-130
6
CONTINUOUS
0
LAYER
2
TEXT_00
70
0
62
5
6
CONTINUOUS
0
LAYER
2
TEXT_26
70
0
62
2
6
CONTINUOUS
0
LAYER
2
POUR_HEADER_01
70
0
62
5
6
CONTINUOUS
0
LAYER
2
POUR_OUTLINE_01
70
1
62
-5
6
CONTINUOUS
0
LAYER
2
POUR_VOID_01
70
1
62
-5
6
CONTINUOUS
0
LAYER
2
POUR_VIATHERM_01
70
1
62
-5
6
CONTINUOUS
0
LAYER
2
POUR_HEADER_02
70
0
62
1
6
CONTINUOUS
0
LAYER
2
POUR_OUTLINE_02
70
1
62
-1
6
CONTINUOUS
0
LAYER
2
POUR_VOID_02
70
1
62
-1
6
CONTINUOUS
0
LAYER
2
POUR_VIATHERM_02
70
1
62
-1
6
CONTINUOUS
0
LAYER
2
LABEL_INFO
70
1
62
-3
6
CONTINUOUS
0
LAYER
2
LABEL_ATTRIBUTE
70
1
62
-3
6
CONTINUOUS
0
LAYER
2
PART_TYPE_02
70
1
62
-250
6
CONTINUOUS
0
LAYER
2
PART_NAME_02
70
0
62
6
6
CONTINUOUS
0
LAYER
2
PART_INFO
70
1
62
-3
6
CONTINUOUS
0
LAYER
2
PART_PTS
70
1
62
-3
6
CONTINUOUS
0
LAYER
2
PART_TYPE_01
70
1
62
-250
6
CONTINUOUS
0
LAYER
2
PART_NAME_01
70
0
62
254
6
CONTINUOUS
0
LAYER
2
PART_TYPE_TOP
70
1
62
-250
6
CONTINUOUS
0
LAYER
2
TRACE_01
70
0
62
5
6
CONTINUOUS
0
LAYER
2
TRACE_02
70
0
62
1
6
CONTINUOUS
0
LAYER
2
SYM_NAME
70
1
62
-3
6
CONTINUOUS
0
LAYER
2
SYM_PART_TYPE_01
70
1
62
-3
6
CONTINUOUS
0
LAYER
2
SYM_PART_NAME_01
70
1
62
-3
6
CONTINUOUS
0
LAYER
2
SYM_TERMINAL
70
1
62
-3
6
CONTINUOUS
0
LAYER
2
PKG_INFO
70
1
62
-3
6
CONTINUOUS
0
LAYER
2
VIAPTS
70
0
62
5
6
CONTINUOUS
0
LAYER
2
PART_BOT_2DLINE_00
70
0
62
6
6
CONTINUOUS
0
LAYER
2
DRIL_PLTE_THRU_01
70
0
62
176
6
CONTINUOUS
0
LAYER
2
DRIL_PLTE_THRU_02
70
0
62
16
6
CONTINUOUS
0
LAYER
2
PADS_INNER
70
0
62
5
6
CONTINUOUS
0
LAYER
2
PADS_BOT
70
0
62
1
6
CONTINUOUS
0
LAYER
2
PADS_TOP
70
0
62
5
6
CONTINUOUS
0
LAYER
2
PART_TOP_2DLINE_00
70
0
62
2
6
CONTINUOUS
0
LAYER
2
PART_TOP_2DLINE_01
70
0
62
2
6
CONTINUOUS
0
LAYER
2
PART_TOP_2DLINE_27
70
1
62
-130
6
CONTINUOUS
0
LAYER
2
PART_TOP_2DLINE_26
70
0
62
2
6
CONTINUOUS
0
LAYER
2
PART_TOP_2DLINE_20
70
1
62
-250
6
CONTINUOUS
0
LAYER
2
PADS_XR_21
70
0
62
43
6
CONTINUOUS
0
LAYER
2
PADS_XR_23
70
0
62
16
6
CONTINUOUS
0
LAYER
2
PART_BOT_2DLINE_26
70
0
62
6
6
CONTINUOUS
0
LAYER
2
KEEPOUT_01
70
0
62
183
6
CONTINUOUS
0
LAYER
2
DRIL_NPLTE_THRU_01
70
0
62
176
6
CONTINUOUS
0
LAYER
2
DRIL_NPLTE_THRU_02
70
0
62
16
6
CONTINUOUS
0
LAYER
2
PCB_PARAMS
70
1
62
-3
6
CONTINUOUS
0
LAYER
2
DRIL_SYMBOL
70
0
62
3
6
CONTINUOUS
0
ENDTAB
999
*** POWERPCB  TEXT STYLE ***
0
TABLE
2
STYLE
70
8
0
STYLE
2
W10
70
64
40
0
41
0.75
42
0
50
0
71
0
3
simplex
0
STYLE
2
W8
70
64
40
0
41
0.75
42
0
50
0
71
0
3
simplex
0
STYLE
2
W5
70
64
40
0
41
0.75
42
0
50
0
71
0
3
simplex
0
STYLE
2
W6
70
64
40
0
41
0.75
42
0
50
0
71
0
3
simplex
0
STYLE
2
W5$0154593176
70
64
40
0
41
0.75
42
0
50
0
71
0
3
simplex
0
STYLE
2
W10R0
70
64
40
0
41
0.75
42
0
50
0
71
0
3
simplex
0
STYLE
2
W5$0076377953R1
70
64
40
0
41
0.75
42
0
50
0
71
0
3
simplex
0
STYLE
2
W5$0154593176R1
70
64
40
0
41
0.75
42
0
50
0
71
0
3
simplex
0
ENDTAB
0
ENDSEC
0
SECTION
2
BLOCKS
999
*** POWERPCB  DBLAYER ***
0
BLOCK
2
DBLAYERS
8
0
10
0
20
0
3
DBLAYERS
70
64
0
TEXT
8
DBLAYERS
10
0
20
-120
40
70
1
__It__Is__Job__Name__:=RN2903A3.pcb
999
 *  1.Number             2.Type                  3.RouteColor
999
 *  4.ViaColor           5.PadColor              6.CopperColor
999
 *  7.2DLineColor        8.TextColor             9.ErrorColor
999
 * 10.TopComponentColor 11.BottomComponentColor 12.RoutingDirection
999
 * 13.LayerThickness    14.CopperThickness      15.Dielectric
999
 * 16.IsRouteable       17.IsVisible            18.IsSelectable
999
 * 19.IsPrepreg         20.AssSilkScreen        21.AssPasteMask
999
 * 22.AssSolderMask     23.AssAssembly
0
TEXT
8
DBLAYERS
10
0
20
-240
40
70
1
<All Layers>:=0 0 8 9 9 9 9 9 15 14 15 2 0 0 3.2999999523 0 1 1 0 -1 -1 -1 -1 0 0 0 8 14 14 29 
0
TEXT
8
DBLAYERS
10
0
20
-360
40
70
1
Top:=1 1 9 9 9 9 9 9 15 14 15 0 381000 51435 4.3000001907 1 1 1 0 26 23 21 27 0 0 1 8 0 0 29 
0
TEXT
8
DBLAYERS
10
0
20
-480
40
70
1
Bottom:=2 1 12 12 12 12 12 12 15 15 13 1 0 51435 3.2999999523 1 1 1 0 29 22 28 30 0 0 1 13 0 0 29 
0
TEXT
8
DBLAYERS
10
0
20
-600
40
70
1
Layer_3:=3 0 0 0 0 0 0 0 0 0 0 2 0 0 3.2999999523 0 1 1 0 -1 -1 -1 -1 0 0 0 0 0 0 0 
0
TEXT
8
DBLAYERS
10
0
20
-720
40
70
1
Layer_4:=4 0 13 13 13 13 13 13 13 0 0 2 0 0 3.2999999523 0 0 1 0 -1 -1 -1 -1 0 0 0 0 0 0 0 
0
TEXT
8
DBLAYERS
10
0
20
-840
40
70
1
Layer_5:=5 0 0 0 0 0 0 0 0 0 0 2 0 0 3.2999999523 0 1 1 0 -1 -1 -1 -1 0 0 0 0 0 0 0 
0
TEXT
8
DBLAYERS
10
0
20
-960
40
70
1
Layer_6:=6 0 0 0 0 0 0 0 0 0 0 2 0 0 3.2999999523 0 1 1 0 -1 -1 -1 -1 0 0 0 0 0 0 0 
0
TEXT
8
DBLAYERS
10
0
20
-1080
40
70
1
Layer_7:=7 0 0 0 0 0 0 0 0 0 0 2 0 0 3.2999999523 0 1 1 0 -1 -1 -1 -1 0 0 0 0 0 0 0 
0
TEXT
8
DBLAYERS
10
0
20
-1200
40
70
1
Layer_8:=8 0 0 0 0 0 0 0 0 0 0 2 0 0 3.2999999523 0 1 1 0 -1 -1 -1 -1 0 0 0 0 0 0 0 
0
TEXT
8
DBLAYERS
10
0
20
-1320
40
70
1
Layer_9:=9 0 0 0 0 0 0 0 0 0 0 2 0 0 3.2999999523 0 1 1 0 -1 -1 -1 -1 0 0 0 0 0 0 0 
0
TEXT
8
DBLAYERS
10
0
20
-1440
40
70
1
Layer_10:=10 0 0 0 0 0 31 0 0 0 0 2 0 0 3.2999999523 0 0 1 0 -1 -1 -1 -1 0 0 0 0 0 0 0 
0
TEXT
8
DBLAYERS
10
0
20
-1560
40
70
1
Layer_11:=11 0 0 0 0 4 4 4 0 0 0 2 0 0 3.2999999523 0 1 1 0 -1 -1 -1 -1 0 0 0 0 0 0 0 
0
TEXT
8
DBLAYERS
10
0
20
-1680
40
70
1
Layer_12:=12 0 0 0 0 0 0 0 0 0 0 2 0 0 3.2999999523 0 1 1 0 -1 -1 -1 -1 0 0 0 0 0 0 0 
0
TEXT
8
DBLAYERS
10
0
20
-1800
40
70
1
Layer_13:=13 0 0 0 0 0 0 0 0 0 0 2 0 0 3.2999999523 0 1 1 0 -1 -1 -1 -1 0 0 0 0 0 0 0 
0
TEXT
8
DBLAYERS
10
0
20
-1920
40
70
1
Layer_14:=14 0 0 0 0 0 0 0 0 0 0 2 0 0 3.2999999523 0 1 1 0 -1 -1 -1 -1 0 0 0 0 0 0 0 
0
TEXT
8
DBLAYERS
10
0
20
-2040
40
70
1
Layer_15:=15 0 14 14 14 14 14 14 14 14 14 2 0 0 3.2999999523 0 1 1 0 -1 -1 -1 -1 0 0 0 14 14 14 14 
0
TEXT
8
DBLAYERS
10
0
20
-2160
40
70
1
Layer_16:=16 0 0 0 0 0 0 0 0 0 0 2 0 0 3.2999999523 0 1 1 0 -1 -1 -1 -1 0 0 0 0 0 0 0 
0
TEXT
8
DBLAYERS
10
0
20
-2280
40
70
1
Layer_17:=17 0 0 0 0 0 0 0 0 0 0 2 0 0 3.2999999523 0 1 1 0 -1 -1 -1 -1 0 0 0 0 0 0 0 
0
TEXT
8
DBLAYERS
10
0
20
-2400
40
70
1
Layer_18:=18 0 0 0 0 0 0 0 0 0 0 2 0 0 3.2999999523 0 1 1 0 -1 -1 -1 -1 0 0 0 0 0 0 0 
0
TEXT
8
DBLAYERS
10
0
20
-2520
40
70
1
Layer_19:=19 0 0 0 0 0 0 0 0 0 0 2 0 0 3.2999999523 0 1 1 0 -1 -1 -1 -1 0 0 0 0 0 0 0 
0
TEXT
8
DBLAYERS
10
0
20
-2640
40
70
1
Layer_20:=20 0 0 0 0 0 0 0 0 0 0 2 0 0 3.2999999523 0 1 1 0 -1 -1 -1 -1 0 0 0 0 0 0 0 
0
TEXT
8
DBLAYERS
10
0
20
-2760
40
70
1
Solder Mask Top:=21 5 25 30 30 30 30 30 30 30 30 2 0 0 3.2999999523 0 1 1 0 -1 -1 -1 -1 0 0 0 30 30 30 30 
0
TEXT
8
DBLAYERS
10
0
20
-2880
40
70
1
Paste Mask Bottom:=22 4 7 7 7 7 7 7 7 7 7 2 0 0 3.2999999523 0 1 1 0 -1 -1 -1 -1 0 0 0 7 7 7 7 
0
TEXT
8
DBLAYERS
10
0
20
-3000
40
70
1
Paste Mask Top:=23 4 4 4 4 4 4 4 4 4 4 2 0 0 3.2999999523 0 1 1 0 -1 -1 -1 -1 0 0 0 4 4 4 4 
0
TEXT
8
DBLAYERS
10
0
20
-3120
40
70
1
Drill Drawing:=24 2 10 10 10 10 10 10 10 10 10 2 0 0 3.2999999523 0 1 1 0 -1 -1 -1 -1 0 0 0 10 10 10 10 
0
TEXT
8
DBLAYERS
10
0
20
-3240
40
70
1
Layer_25:=25 0 0 0 0 0 0 0 0 0 0 2 0 0 3.2999999523 0 1 1 0 -1 -1 -1 -1 0 0 0 0 0 0 0 
0
TEXT
8
DBLAYERS
10
0
20
-3360
40
70
1
Silkscreen Top:=26 3 14 14 14 14 14 14 14 14 14 2 0 0 3.2999999523 0 1 1 0 -1 -1 -1 -1 0 0 0 14 14 14 14 
0
TEXT
8
DBLAYERS
10
0
20
-3480
40
70
1
Assembly Drawing Top:=27 6 0 27 27 27 27 27 27 27 27 2 0 0 3.2999999523 0 0 1 0 -1 -1 -1 -1 0 0 0 27 27 27 27 
0
TEXT
8
DBLAYERS
10
0
20
-3600
40
70
1
Solder Mask Bottom:=28 5 31 31 31 31 31 31 31 31 31 2 0 0 3.2999999523 0 1 1 0 -1 -1 -1 -1 0 0 0 31 31 31 31 
0
TEXT
8
DBLAYERS
10
0
20
-3720
40
70
1
Silkscreen Bottom:=29 3 13 13 13 13 13 13 13 13 13 2 0 0 3.2999999523 0 1 1 0 -1 -1 -1 -1 0 0 0 13 13 13 13 
0
TEXT
8
DBLAYERS
10
0
20
-3840
40
70
1
Assembly Drawing Bottom:=30 6 0 0 0 0 0 0 0 0 0 2 0 0 3.2999999523 0 1 1 0 -1 -1 -1 -1 0 0 0 0 0 0 0 
0
ENDBLK
999
*** POWERPCB  BOARD ***
0
BLOCK
2
BOARD_1
8
0
10
0
20
0
3
BOARD_1
70
64
0
POLYLINE
8
BOARD_OUTLINE_00
66
1
40
10
41
10
70
1
0
VERTEX
8
BOARD_OUTLINE_00
10
-3250
20
3275
0
VERTEX
8
BOARD_OUTLINE_00
10
-2200
20
3275
0
VERTEX
8
BOARD_OUTLINE_00
10
-2200
20
4675
0
VERTEX
8
BOARD_OUTLINE_00
10
-3250
20
4675
0
SEQEND
0
INSERT
2
SMOOTH_10
8
BOARD_OUTLINE_00
10
-3250
20
3275
0
INSERT
2
SMOOTH_10
8
BOARD_OUTLINE_00
10
-2200
20
3275
0
INSERT
2
SMOOTH_10
8
BOARD_OUTLINE_00
10
-2200
20
4675
0
INSERT
2
SMOOTH_10
8
BOARD_OUTLINE_00
10
-3250
20
4675
0
ENDBLK
0
BLOCK
2
ATTRIBUTES
8
0
10
0
20
0
3
ATTRIBUTES
70
64
0
TEXT
8
PART_ATTR
10
0
20
-120
40
70
1
ATTRIBUTES DICTIONARY
0
TEXT
8
PART_ATTR
10
0
20
-240
40
70
1
ATTRIBUTE Value
0
TEXT
8
PART_ATTR
10
0
20
-360
40
70
1
TYPE FREETEXT
0
TEXT
8
PART_ATTR
10
0
20
-480
40
70
1
INHERITANCE  PART PARTTYPE
0
TEXT
8
PART_ATTR
10
0
20
-600
40
70
1
ECO_REGISTRATION Y
0
TEXT
8
PART_ATTR
10
0
20
-720
40
70
1
READONLY N
0
TEXT
8
PART_ATTR
10
0
20
-840
40
70
1
SYSTEM Y
0
TEXT
8
PART_ATTR
10
0
20
-960
40
70
1
HIDDEN N
0
TEXT
8
PART_ATTR
10
0
20
-1080
40
70
1
ATTRIBUTE Tolerance
0
TEXT
8
PART_ATTR
10
0
20
-1200
40
70
1
TYPE FREETEXT
0
TEXT
8
PART_ATTR
10
0
20
-1320
40
70
1
INHERITANCE  PART PARTTYPE
0
TEXT
8
PART_ATTR
10
0
20
-1440
40
70
1
ECO_REGISTRATION Y
0
TEXT
8
PART_ATTR
10
0
20
-1560
40
70
1
READONLY N
0
TEXT
8
PART_ATTR
10
0
20
-1680
40
70
1
SYSTEM Y
0
TEXT
8
PART_ATTR
10
0
20
-1800
40
70
1
HIDDEN N
0
TEXT
8
PART_ATTR
10
0
20
-1920
40
70
1
ATTRIBUTE Part Number
0
TEXT
8
PART_ATTR
10
0
20
-2040
40
70
1
TYPE FREETEXT
0
TEXT
8
PART_ATTR
10
0
20
-2160
40
70
1
INHERITANCE  PART PARTTYPE
0
TEXT
8
PART_ATTR
10
0
20
-2280
40
70
1
ECO_REGISTRATION Y
0
TEXT
8
PART_ATTR
10
0
20
-2400
40
70
1
READONLY N
0
TEXT
8
PART_ATTR
10
0
20
-2520
40
70
1
SYSTEM N
0
TEXT
8
PART_ATTR
10
0
20
-2640
40
70
1
HIDDEN N
0
TEXT
8
PART_ATTR
10
0
20
-2760
40
70
1
ATTRIBUTE Description
0
TEXT
8
PART_ATTR
10
0
20
-2880
40
70
1
TYPE FREETEXT
0
TEXT
8
PART_ATTR
10
0
20
-3000
40
70
1
INHERITANCE  PART PARTTYPE
0
TEXT
8
PART_ATTR
10
0
20
-3120
40
70
1
ECO_REGISTRATION Y
0
TEXT
8
PART_ATTR
10
0
20
-3240
40
70
1
READONLY N
0
TEXT
8
PART_ATTR
10
0
20
-3360
40
70
1
SYSTEM N
0
TEXT
8
PART_ATTR
10
0
20
-3480
40
70
1
HIDDEN N
0
TEXT
8
PART_ATTR
10
0
20
-3600
40
70
1
ATTRIBUTE Cost
0
TEXT
8
PART_ATTR
10
0
20
-3720
40
70
1
TYPE FREETEXT
0
TEXT
8
PART_ATTR
10
0
20
-3840
40
70
1
INHERITANCE  PART PARTTYPE
0
TEXT
8
PART_ATTR
10
0
20
-3960
40
70
1
ECO_REGISTRATION Y
0
TEXT
8
PART_ATTR
10
0
20
-4080
40
70
1
READONLY N
0
TEXT
8
PART_ATTR
10
0
20
-4200
40
70
1
SYSTEM N
0
TEXT
8
PART_ATTR
10
0
20
-4320
40
70
1
HIDDEN N
0
TEXT
8
PART_ATTR
10
0
20
-4440
40
70
1
ATTRIBUTE Manufacturer #1
0
TEXT
8
PART_ATTR
10
0
20
-4560
40
70
1
TYPE FREETEXT
0
TEXT
8
PART_ATTR
10
0
20
-4680
40
70
1
INHERITANCE  PART PARTTYPE
0
TEXT
8
PART_ATTR
10
0
20
-4800
40
70
1
ECO_REGISTRATION Y
0
TEXT
8
PART_ATTR
10
0
20
-4920
40
70
1
READONLY N
0
TEXT
8
PART_ATTR
10
0
20
-5040
40
70
1
SYSTEM N
0
TEXT
8
PART_ATTR
10
0
20
-5160
40
70
1
HIDDEN N
0
TEXT
8
PART_ATTR
10
0
20
-5280
40
70
1
ATTRIBUTE Manufacturer #2
0
TEXT
8
PART_ATTR
10
0
20
-5400
40
70
1
TYPE FREETEXT
0
TEXT
8
PART_ATTR
10
0
20
-5520
40
70
1
INHERITANCE  PART PARTTYPE
0
TEXT
8
PART_ATTR
10
0
20
-5640
40
70
1
ECO_REGISTRATION Y
0
TEXT
8
PART_ATTR
10
0
20
-5760
40
70
1
READONLY N
0
TEXT
8
PART_ATTR
10
0
20
-5880
40
70
1
SYSTEM N
0
TEXT
8
PART_ATTR
10
0
20
-6000
40
70
1
HIDDEN N
0
TEXT
8
PART_ATTR
10
0
20
-6120
40
70
1
ATTRIBUTE ASSEMBLY_OPTIONS
0
TEXT
8
PART_ATTR
10
0
20
-6240
40
70
1
TYPE FREETEXT
0
TEXT
8
PART_ATTR
10
0
20
-6360
40
70
1
INHERITANCE  PCB
0
TEXT
8
PART_ATTR
10
0
20
-6480
40
70
1
INHERITANCE  PART
0
TEXT
8
PART_ATTR
10
0
20
-6600
40
70
1
INHERITANCE  JUMPER
0
TEXT
8
PART_ATTR
10
0
20
-6720
40
70
1
ECO_REGISTRATION N
0
TEXT
8
PART_ATTR
10
0
20
-6840
40
70
1
READONLY Y
0
TEXT
8
PART_ATTR
10
0
20
-6960
40
70
1
SYSTEM Y
0
TEXT
8
PART_ATTR
10
0
20
-7080
40
70
1
HIDDEN Y
0
TEXT
8
PART_ATTR
10
0
20
-7200
40
70
1
ATTRIBUTE PowerGround
0
TEXT
8
PART_ATTR
10
0
20
-7320
40
70
1
TYPE BOOLEAN
0
TEXT
8
PART_ATTR
10
0
20
-7440
40
70
1
INHERITANCE  NET NETCLASS PCB
0
TEXT
8
PART_ATTR
10
0
20
-7560
40
70
1
ECO_REGISTRATION Y
0
TEXT
8
PART_ATTR
10
0
20
-7680
40
70
1
READONLY N
0
TEXT
8
PART_ATTR
10
0
20
-7800
40
70
1
SYSTEM Y
0
TEXT
8
PART_ATTR
10
0
20
-7920
40
70
1
HIDDEN N
0
TEXT
8
PART_ATTR
10
0
20
-8040
40
70
1
ATTRIBUTE Voltage
0
TEXT
8
PART_ATTR
10
0
20
-8160
40
70
1
TYPE QUANTITY
0
TEXT
8
PART_ATTR
10
0
20
-8280
40
70
1
QUANTITY Voltage
0
TEXT
8
PART_ATTR
10
0
20
-8400
40
70
1
ABBR V
0
TEXT
8
PART_ATTR
10
0
20
-8520
40
70
1
UNIT Volt
0
TEXT
8
PART_ATTR
10
0
20
-8640
40
70
1
MIN 
0
TEXT
8
PART_ATTR
10
0
20
-8760
40
70
1
MAX 100kV
0
TEXT
8
PART_ATTR
10
0
20
-8880
40
70
1
INHERITANCE  NET NETCLASS
0
TEXT
8
PART_ATTR
10
0
20
-9000
40
70
1
ECO_REGISTRATION Y
0
TEXT
8
PART_ATTR
10
0
20
-9120
40
70
1
READONLY N
0
TEXT
8
PART_ATTR
10
0
20
-9240
40
70
1
SYSTEM Y
0
TEXT
8
PART_ATTR
10
0
20
-9360
40
70
1
HIDDEN N
0
TEXT
8
PART_ATTR
10
0
20
-9480
40
70
1
ATTRIBUTE Geometry.Height
0
TEXT
8
PART_ATTR
10
0
20
-9600
40
70
1
TYPE QUANTITY
0
TEXT
8
PART_ATTR
10
0
20
-9720
40
70
1
QUANTITY Size/Dimension
0
TEXT
8
PART_ATTR
10
0
20
-9840
40
70
1
ABBR 
0
TEXT
8
PART_ATTR
10
0
20
-9960
40
70
1
UNIT 
0
TEXT
8
PART_ATTR
10
0
20
-10080
40
70
1
MIN 
0
TEXT
8
PART_ATTR
10
0
20
-10200
40
70
1
MAX 25000.00mil
0
TEXT
8
PART_ATTR
10
0
20
-10320
40
70
1
INHERITANCE  PCB
0
TEXT
8
PART_ATTR
10
0
20
-10440
40
70
1
INHERITANCE  PART PARTTYPE DECAL
0
TEXT
8
PART_ATTR
10
0
20
-10560
40
70
1
ECO_REGISTRATION N
0
TEXT
8
PART_ATTR
10
0
20
-10680
40
70
1
READONLY N
0
TEXT
8
PART_ATTR
10
0
20
-10800
40
70
1
SYSTEM Y
0
TEXT
8
PART_ATTR
10
0
20
-10920
40
70
1
HIDDEN N
0
TEXT
8
PART_ATTR
10
0
20
-11040
40
70
1
ATTRIBUTE DFT.Nail Count Per Net
0
TEXT
8
PART_ATTR
10
0
20
-11160
40
70
1
TYPE INTEGER
0
TEXT
8
PART_ATTR
10
0
20
-11280
40
70
1
MIN 0
0
TEXT
8
PART_ATTR
10
0
20
-11400
40
70
1
MAX 1000
0
TEXT
8
PART_ATTR
10
0
20
-11520
40
70
1
INHERITANCE  NET NETCLASS PCB
0
TEXT
8
PART_ATTR
10
0
20
-11640
40
70
1
ECO_REGISTRATION Y
0
TEXT
8
PART_ATTR
10
0
20
-11760
40
70
1
READONLY N
0
TEXT
8
PART_ATTR
10
0
20
-11880
40
70
1
SYSTEM Y
0
TEXT
8
PART_ATTR
10
0
20
-12000
40
70
1
HIDDEN N
0
TEXT
8
PART_ATTR
10
0
20
-12120
40
70
1
ATTRIBUTE DFT.Nail Diameter
0
TEXT
8
PART_ATTR
10
0
20
-12240
40
70
1
TYPE FREETEXT
0
TEXT
8
PART_ATTR
10
0
20
-12360
40
70
1
INHERITANCE  PIN
0
TEXT
8
PART_ATTR
10
0
20
-12480
40
70
1
INHERITANCE  VIA
0
TEXT
8
PART_ATTR
10
0
20
-12600
40
70
1
ECO_REGISTRATION N
0
TEXT
8
PART_ATTR
10
0
20
-12720
40
70
1
READONLY N
0
TEXT
8
PART_ATTR
10
0
20
-12840
40
70
1
SYSTEM Y
0
TEXT
8
PART_ATTR
10
0
20
-12960
40
70
1
HIDDEN N
0
TEXT
8
PART_ATTR
10
0
20
-13080
40
70
1
ATTRIBUTE DFT.Nail Number
0
TEXT
8
PART_ATTR
10
0
20
-13200
40
70
1
TYPE FREETEXT
0
TEXT
8
PART_ATTR
10
0
20
-13320
40
70
1
INHERITANCE  PIN
0
TEXT
8
PART_ATTR
10
0
20
-13440
40
70
1
INHERITANCE  VIA
0
TEXT
8
PART_ATTR
10
0
20
-13560
40
70
1
ECO_REGISTRATION N
0
TEXT
8
PART_ATTR
10
0
20
-13680
40
70
1
READONLY N
0
TEXT
8
PART_ATTR
10
0
20
-13800
40
70
1
SYSTEM Y
0
TEXT
8
PART_ATTR
10
0
20
-13920
40
70
1
HIDDEN N
0
TEXT
8
PART_ATTR
10
0
20
-14040
40
70
1
ATTRIBUTE DFT.Probe to Trace Clearance
0
TEXT
8
PART_ATTR
10
0
20
-14160
40
70
1
TYPE QUANTITY
0
TEXT
8
PART_ATTR
10
0
20
-14280
40
70
1
QUANTITY Size/Dimension
0
TEXT
8
PART_ATTR
10
0
20
-14400
40
70
1
ABBR 
0
TEXT
8
PART_ATTR
10
0
20
-14520
40
70
1
UNIT 
0
TEXT
8
PART_ATTR
10
0
20
-14640
40
70
1
MIN 
0
TEXT
8
PART_ATTR
10
0
20
-14760
40
70
1
MAX 1000.00mil
0
TEXT
8
PART_ATTR
10
0
20
-14880
40
70
1
INHERITANCE  PCB
0
TEXT
8
PART_ATTR
10
0
20
-15000
40
70
1
ECO_REGISTRATION N
0
TEXT
8
PART_ATTR
10
0
20
-15120
40
70
1
READONLY Y
0
TEXT
8
PART_ATTR
10
0
20
-15240
40
70
1
SYSTEM Y
0
TEXT
8
PART_ATTR
10
0
20
-15360
40
70
1
HIDDEN Y
0
TEXT
8
PART_ATTR
10
0
20
-15480
40
70
1
ATTRIBUTE DFT.Probe to Pad Clearance
0
TEXT
8
PART_ATTR
10
0
20
-15600
40
70
1
TYPE QUANTITY
0
TEXT
8
PART_ATTR
10
0
20
-15720
40
70
1
QUANTITY Size/Dimension
0
TEXT
8
PART_ATTR
10
0
20
-15840
40
70
1
ABBR 
0
TEXT
8
PART_ATTR
10
0
20
-15960
40
70
1
UNIT 
0
TEXT
8
PART_ATTR
10
0
20
-16080
40
70
1
MIN 
0
TEXT
8
PART_ATTR
10
0
20
-16200
40
70
1
MAX 1000.00mil
0
TEXT
8
PART_ATTR
10
0
20
-16320
40
70
1
INHERITANCE  PCB
0
TEXT
8
PART_ATTR
10
0
20
-16440
40
70
1
ECO_REGISTRATION N
0
TEXT
8
PART_ATTR
10
0
20
-16560
40
70
1
READONLY Y
0
TEXT
8
PART_ATTR
10
0
20
-16680
40
70
1
SYSTEM Y
0
TEXT
8
PART_ATTR
10
0
20
-16800
40
70
1
HIDDEN Y
0
TEXT
8
PART_ATTR
10
0
20
-16920
40
70
1
ATTRIBUTE DFT.Generate Test Points
0
TEXT
8
PART_ATTR
10
0
20
-17040
40
70
1
TYPE BOOLEAN
0
TEXT
8
PART_ATTR
10
0
20
-17160
40
70
1
INHERITANCE  PCB
0
TEXT
8
PART_ATTR
10
0
20
-17280
40
70
1
ECO_REGISTRATION N
0
TEXT
8
PART_ATTR
10
0
20
-17400
40
70
1
READONLY Y
0
TEXT
8
PART_ATTR
10
0
20
-17520
40
70
1
SYSTEM Y
0
TEXT
8
PART_ATTR
10
0
20
-17640
40
70
1
HIDDEN Y
0
TEXT
8
PART_ATTR
10
0
20
-17760
40
70
1
ATTRIBUTE DFT.Allow Stubs
0
TEXT
8
PART_ATTR
10
0
20
-17880
40
70
1
TYPE BOOLEAN
0
TEXT
8
PART_ATTR
10
0
20
-18000
40
70
1
INHERITANCE  PCB
0
TEXT
8
PART_ATTR
10
0
20
-18120
40
70
1
ECO_REGISTRATION N
0
TEXT
8
PART_ATTR
10
0
20
-18240
40
70
1
READONLY Y
0
TEXT
8
PART_ATTR
10
0
20
-18360
40
70
1
SYSTEM Y
0
TEXT
8
PART_ATTR
10
0
20
-18480
40
70
1
HIDDEN Y
0
TEXT
8
PART_ATTR
10
0
20
-18600
40
70
1
ATTRIBUTE DFT.Stub Length
0
TEXT
8
PART_ATTR
10
0
20
-18720
40
70
1
TYPE QUANTITY
0
TEXT
8
PART_ATTR
10
0
20
-18840
40
70
1
QUANTITY Size/Dimension
0
TEXT
8
PART_ATTR
10
0
20
-18960
40
70
1
ABBR 
0
TEXT
8
PART_ATTR
10
0
20
-19080
40
70
1
UNIT 
0
TEXT
8
PART_ATTR
10
0
20
-19200
40
70
1
MIN 
0
TEXT
8
PART_ATTR
10
0
20
-19320
40
70
1
MAX 2000.00mil
0
TEXT
8
PART_ATTR
10
0
20
-19440
40
70
1
INHERITANCE  PCB
0
TEXT
8
PART_ATTR
10
0
20
-19560
40
70
1
ECO_REGISTRATION N
0
TEXT
8
PART_ATTR
10
0
20
-19680
40
70
1
READONLY Y
0
TEXT
8
PART_ATTR
10
0
20
-19800
40
70
1
SYSTEM Y
0
TEXT
8
PART_ATTR
10
0
20
-19920
40
70
1
HIDDEN Y
0
TEXT
8
PART_ATTR
10
0
20
-20040
40
70
1
ATTRIBUTE DFT.Use Via Grid
0
TEXT
8
PART_ATTR
10
0
20
-20160
40
70
1
TYPE BOOLEAN
0
TEXT
8
PART_ATTR
10
0
20
-20280
40
70
1
INHERITANCE  PCB
0
TEXT
8
PART_ATTR
10
0
20
-20400
40
70
1
ECO_REGISTRATION N
0
TEXT
8
PART_ATTR
10
0
20
-20520
40
70
1
READONLY Y
0
TEXT
8
PART_ATTR
10
0
20
-20640
40
70
1
SYSTEM Y
0
TEXT
8
PART_ATTR
10
0
20
-20760
40
70
1
HIDDEN Y
0
TEXT
8
PART_ATTR
10
0
20
-20880
40
70
1
ATTRIBUTE DFT.Grid X-Coordinate
0
TEXT
8
PART_ATTR
10
0
20
-21000
40
70
1
TYPE QUANTITY
0
TEXT
8
PART_ATTR
10
0
20
-21120
40
70
1
QUANTITY Size/Dimension
0
TEXT
8
PART_ATTR
10
0
20
-21240
40
70
1
ABBR 
0
TEXT
8
PART_ATTR
10
0
20
-21360
40
70
1
UNIT 
0
TEXT
8
PART_ATTR
10
0
20
-21480
40
70
1
MIN 
0
TEXT
8
PART_ATTR
10
0
20
-21600
40
70
1
MAX 2000.00mil
0
TEXT
8
PART_ATTR
10
0
20
-21720
40
70
1
INHERITANCE  PCB
0
TEXT
8
PART_ATTR
10
0
20
-21840
40
70
1
ECO_REGISTRATION N
0
TEXT
8
PART_ATTR
10
0
20
-21960
40
70
1
READONLY Y
0
TEXT
8
PART_ATTR
10
0
20
-22080
40
70
1
SYSTEM Y
0
TEXT
8
PART_ATTR
10
0
20
-22200
40
70
1
HIDDEN Y
0
TEXT
8
PART_ATTR
10
0
20
-22320
40
70
1
ATTRIBUTE DFT.Grid Y-Coordinate
0
TEXT
8
PART_ATTR
10
0
20
-22440
40
70
1
TYPE QUANTITY
0
TEXT
8
PART_ATTR
10
0
20
-22560
40
70
1
QUANTITY Size/Dimension
0
TEXT
8
PART_ATTR
10
0
20
-22680
40
70
1
ABBR 
0
TEXT
8
PART_ATTR
10
0
20
-22800
40
70
1
UNIT 
0
TEXT
8
PART_ATTR
10
0
20
-22920
40
70
1
MIN 
0
TEXT
8
PART_ATTR
10
0
20
-23040
40
70
1
MAX 2000.00mil
0
TEXT
8
PART_ATTR
10
0
20
-23160
40
70
1
INHERITANCE  PCB
0
TEXT
8
PART_ATTR
10
0
20
-23280
40
70
1
ECO_REGISTRATION N
0
TEXT
8
PART_ATTR
10
0
20
-23400
40
70
1
READONLY Y
0
TEXT
8
PART_ATTR
10
0
20
-23520
40
70
1
SYSTEM Y
0
TEXT
8
PART_ATTR
10
0
20
-23640
40
70
1
HIDDEN Y
0
TEXT
8
PART_ATTR
10
0
20
-23760
40
70
1
ATTRIBUTE DFT.Preserve Test Points
0
TEXT
8
PART_ATTR
10
0
20
-23880
40
70
1
TYPE BOOLEAN
0
TEXT
8
PART_ATTR
10
0
20
-24000
40
70
1
INHERITANCE  PCB
0
TEXT
8
PART_ATTR
10
0
20
-24120
40
70
1
ECO_REGISTRATION N
0
TEXT
8
PART_ATTR
10
0
20
-24240
40
70
1
READONLY Y
0
TEXT
8
PART_ATTR
10
0
20
-24360
40
70
1
SYSTEM Y
0
TEXT
8
PART_ATTR
10
0
20
-24480
40
70
1
HIDDEN Y
0
TEXT
8
PART_ATTR
10
0
20
-24600
40
70
1
ATTRIBUTE DFT.Insert Test Point Vias
0
TEXT
8
PART_ATTR
10
0
20
-24720
40
70
1
TYPE BOOLEAN
0
TEXT
8
PART_ATTR
10
0
20
-24840
40
70
1
INHERITANCE  PCB
0
TEXT
8
PART_ATTR
10
0
20
-24960
40
70
1
ECO_REGISTRATION N
0
TEXT
8
PART_ATTR
10
0
20
-25080
40
70
1
READONLY Y
0
TEXT
8
PART_ATTR
10
0
20
-25200
40
70
1
SYSTEM Y
0
TEXT
8
PART_ATTR
10
0
20
-25320
40
70
1
HIDDEN Y
0
TEXT
8
PART_ATTR
10
0
20
-25440
40
70
1
ATTRIBUTE DFT.Probe Pins
0
TEXT
8
PART_ATTR
10
0
20
-25560
40
70
1
TYPE BOOLEAN
0
TEXT
8
PART_ATTR
10
0
20
-25680
40
70
1
INHERITANCE  PCB
0
TEXT
8
PART_ATTR
10
0
20
-25800
40
70
1
ECO_REGISTRATION N
0
TEXT
8
PART_ATTR
10
0
20
-25920
40
70
1
READONLY Y
0
TEXT
8
PART_ATTR
10
0
20
-26040
40
70
1
SYSTEM Y
0
TEXT
8
PART_ATTR
10
0
20
-26160
40
70
1
HIDDEN Y
0
TEXT
8
PART_ATTR
10
0
20
-26280
40
70
1
ATTRIBUTE HyperLynx.Model
0
TEXT
8
PART_ATTR
10
0
20
-26400
40
70
1
TYPE FREETEXT
0
TEXT
8
PART_ATTR
10
0
20
-26520
40
70
1
INHERITANCE  PART PARTTYPE
0
TEXT
8
PART_ATTR
10
0
20
-26640
40
70
1
ECO_REGISTRATION Y
0
TEXT
8
PART_ATTR
10
0
20
-26760
40
70
1
READONLY N
0
TEXT
8
PART_ATTR
10
0
20
-26880
40
70
1
SYSTEM Y
0
TEXT
8
PART_ATTR
10
0
20
-27000
40
70
1
HIDDEN N
0
TEXT
8
PART_ATTR
10
0
20
-27120
40
70
1
ATTRIBUTE HyperLynx.Model File
0
TEXT
8
PART_ATTR
10
0
20
-27240
40
70
1
TYPE FREETEXT
0
TEXT
8
PART_ATTR
10
0
20
-27360
40
70
1
INHERITANCE  PART PARTTYPE
0
TEXT
8
PART_ATTR
10
0
20
-27480
40
70
1
ECO_REGISTRATION Y
0
TEXT
8
PART_ATTR
10
0
20
-27600
40
70
1
READONLY N
0
TEXT
8
PART_ATTR
10
0
20
-27720
40
70
1
SYSTEM Y
0
TEXT
8
PART_ATTR
10
0
20
-27840
40
70
1
HIDDEN N
0
TEXT
8
PART_ATTR
10
0
20
-27960
40
70
1
ATTRIBUTE HyperLynx.Sim Direction
0
TEXT
8
PART_ATTR
10
0
20
-28080
40
70
1
TYPE LIST N
0
TEXT
8
PART_ATTR
10
0
20
-28200
40
70
1
LIST SIM_BOTH
0
TEXT
8
PART_ATTR
10
0
20
-28320
40
70
1
LIST SIM_IN
0
TEXT
8
PART_ATTR
10
0
20
-28440
40
70
1
LIST SIM_OUT
0
TEXT
8
PART_ATTR
10
0
20
-28560
40
70
1
INHERITANCE  PIN
0
TEXT
8
PART_ATTR
10
0
20
-28680
40
70
1
ECO_REGISTRATION Y
0
TEXT
8
PART_ATTR
10
0
20
-28800
40
70
1
READONLY N
0
TEXT
8
PART_ATTR
10
0
20
-28920
40
70
1
SYSTEM Y
0
TEXT
8
PART_ATTR
10
0
20
-29040
40
70
1
HIDDEN N
0
TEXT
8
PART_ATTR
10
0
20
-29160
40
70
1
ATTRIBUTE HyperLynx.Frequency
0
TEXT
8
PART_ATTR
10
0
20
-29280
40
70
1
TYPE QUANTITY
0
TEXT
8
PART_ATTR
10
0
20
-29400
40
70
1
QUANTITY Frequency
0
TEXT
8
PART_ATTR
10
0
20
-29520
40
70
1
ABBR Hz
0
TEXT
8
PART_ATTR
10
0
20
-29640
40
70
1
UNIT Hertz
0
TEXT
8
PART_ATTR
10
0
20
-29760
40
70
1
MIN 
0
TEXT
8
PART_ATTR
10
0
20
-29880
40
70
1
MAX 1000GHz
0
TEXT
8
PART_ATTR
10
0
20
-30000
40
70
1
INHERITANCE  NET NETCLASS
0
TEXT
8
PART_ATTR
10
0
20
-30120
40
70
1
ECO_REGISTRATION Y
0
TEXT
8
PART_ATTR
10
0
20
-30240
40
70
1
READONLY N
0
TEXT
8
PART_ATTR
10
0
20
-30360
40
70
1
SYSTEM Y
0
TEXT
8
PART_ATTR
10
0
20
-30480
40
70
1
HIDDEN N
0
TEXT
8
PART_ATTR
10
0
20
-30600
40
70
1
ATTRIBUTE HyperLynx.Duty Cycle
0
TEXT
8
PART_ATTR
10
0
20
-30720
40
70
1
TYPE QUANTITY
0
TEXT
8
PART_ATTR
10
0
20
-30840
40
70
1
QUANTITY 
0
TEXT
8
PART_ATTR
10
0
20
-30960
40
70
1
ABBR %
0
TEXT
8
PART_ATTR
10
0
20
-31080
40
70
1
UNIT percent
0
TEXT
8
PART_ATTR
10
0
20
-31200
40
70
1
MIN 
0
TEXT
8
PART_ATTR
10
0
20
-31320
40
70
1
MAX 100%
0
TEXT
8
PART_ATTR
10
0
20
-31440
40
70
1
INHERITANCE  NET NETCLASS
0
TEXT
8
PART_ATTR
10
0
20
-31560
40
70
1
ECO_REGISTRATION Y
0
TEXT
8
PART_ATTR
10
0
20
-31680
40
70
1
READONLY N
0
TEXT
8
PART_ATTR
10
0
20
-31800
40
70
1
SYSTEM Y
0
TEXT
8
PART_ATTR
10
0
20
-31920
40
70
1
HIDDEN N
0
TEXT
8
PART_ATTR
10
0
20
-32040
40
70
1
ATTRIBUTE HyperLynx.Signal Type
0
TEXT
8
PART_ATTR
10
0
20
-32160
40
70
1
TYPE LIST N
0
TEXT
8
PART_ATTR
10
0
20
-32280
40
70
1
LIST Address
0
TEXT
8
PART_ATTR
10
0
20
-32400
40
70
1
LIST Analog High Speed
0
TEXT
8
PART_ATTR
10
0
20
-32520
40
70
1
LIST Analog Low Speed
0
TEXT
8
PART_ATTR
10
0
20
-32640
40
70
1
LIST Clock
0
TEXT
8
PART_ATTR
10
0
20
-32760
40
70
1
LIST Data
0
TEXT
8
PART_ATTR
10
0
20
-32880
40
70
1
LIST Do Not Analyze
0
TEXT
8
PART_ATTR
10
0
20
-33000
40
70
1
LIST Power Supply
0
TEXT
8
PART_ATTR
10
0
20
-33120
40
70
1
LIST Strobe
0
TEXT
8
PART_ATTR
10
0
20
-33240
40
70
1
INHERITANCE  NET NETCLASS
0
TEXT
8
PART_ATTR
10
0
20
-33360
40
70
1
ECO_REGISTRATION Y
0
TEXT
8
PART_ATTR
10
0
20
-33480
40
70
1
READONLY N
0
TEXT
8
PART_ATTR
10
0
20
-33600
40
70
1
SYSTEM Y
0
TEXT
8
PART_ATTR
10
0
20
-33720
40
70
1
HIDDEN N
0
TEXT
8
PART_ATTR
10
0
20
-33840
40
70
1
ATTRIBUTE HyperLynx.Default IC.Model
0
TEXT
8
PART_ATTR
10
0
20
-33960
40
70
1
TYPE FREETEXT
0
TEXT
8
PART_ATTR
10
0
20
-34080
40
70
1
INHERITANCE  NET NETCLASS
0
TEXT
8
PART_ATTR
10
0
20
-34200
40
70
1
ECO_REGISTRATION Y
0
TEXT
8
PART_ATTR
10
0
20
-34320
40
70
1
READONLY N
0
TEXT
8
PART_ATTR
10
0
20
-34440
40
70
1
SYSTEM Y
0
TEXT
8
PART_ATTR
10
0
20
-34560
40
70
1
HIDDEN N
0
TEXT
8
PART_ATTR
10
0
20
-34680
40
70
1
ATTRIBUTE HyperLynx.Default IC.Model File
0
TEXT
8
PART_ATTR
10
0
20
-34800
40
70
1
TYPE FREETEXT
0
TEXT
8
PART_ATTR
10
0
20
-34920
40
70
1
INHERITANCE  NET NETCLASS
0
TEXT
8
PART_ATTR
10
0
20
-35040
40
70
1
ECO_REGISTRATION Y
0
TEXT
8
PART_ATTR
10
0
20
-35160
40
70
1
READONLY N
0
TEXT
8
PART_ATTR
10
0
20
-35280
40
70
1
SYSTEM Y
0
TEXT
8
PART_ATTR
10
0
20
-35400
40
70
1
HIDDEN N
0
TEXT
8
PART_ATTR
10
0
20
-35520
40
70
1
ATTRIBUTE HyperLynx.Default IC.Model Pin
0
TEXT
8
PART_ATTR
10
0
20
-35640
40
70
1
TYPE FREETEXT
0
TEXT
8
PART_ATTR
10
0
20
-35760
40
70
1
INHERITANCE  NET NETCLASS
0
TEXT
8
PART_ATTR
10
0
20
-35880
40
70
1
ECO_REGISTRATION Y
0
TEXT
8
PART_ATTR
10
0
20
-36000
40
70
1
READONLY N
0
TEXT
8
PART_ATTR
10
0
20
-36120
40
70
1
SYSTEM Y
0
TEXT
8
PART_ATTR
10
0
20
-36240
40
70
1
HIDDEN N
0
TEXT
8
PART_ATTR
10
0
20
-36360
40
70
1
ATTRIBUTE Strategy.Fanout.Pass
0
TEXT
8
PART_ATTR
10
0
20
-36480
40
70
1
TYPE LIST N
0
TEXT
8
PART_ATTR
10
0
20
-36600
40
70
1
LIST No
0
TEXT
8
PART_ATTR
10
0
20
-36720
40
70
1
LIST Yes
0
TEXT
8
PART_ATTR
10
0
20
-36840
40
70
1
LIST Done
0
TEXT
8
PART_ATTR
10
0
20
-36960
40
70
1
INHERITANCE  PCB
0
TEXT
8
PART_ATTR
10
0
20
-37080
40
70
1
ECO_REGISTRATION N
0
TEXT
8
PART_ATTR
10
0
20
-37200
40
70
1
READONLY Y
0
TEXT
8
PART_ATTR
10
0
20
-37320
40
70
1
SYSTEM Y
0
TEXT
8
PART_ATTR
10
0
20
-37440
40
70
1
HIDDEN Y
0
TEXT
8
PART_ATTR
10
0
20
-37560
40
70
1
ATTRIBUTE Strategy.Fanout.Protect
0
TEXT
8
PART_ATTR
10
0
20
-37680
40
70
1
TYPE BOOLEAN
0
TEXT
8
PART_ATTR
10
0
20
-37800
40
70
1
INHERITANCE  PCB
0
TEXT
8
PART_ATTR
10
0
20
-37920
40
70
1
ECO_REGISTRATION N
0
TEXT
8
PART_ATTR
10
0
20
-38040
40
70
1
READONLY Y
0
TEXT
8
PART_ATTR
10
0
20
-38160
40
70
1
SYSTEM Y
0
TEXT
8
PART_ATTR
10
0
20
-38280
40
70
1
HIDDEN Y
0
TEXT
8
PART_ATTR
10
0
20
-38400
40
70
1
ATTRIBUTE Strategy.Fanout.Pause
0
TEXT
8
PART_ATTR
10
0
20
-38520
40
70
1
TYPE BOOLEAN
0
TEXT
8
PART_ATTR
10
0
20
-38640
40
70
1
INHERITANCE  PCB
0
TEXT
8
PART_ATTR
10
0
20
-38760
40
70
1
ECO_REGISTRATION N
0
TEXT
8
PART_ATTR
10
0
20
-38880
40
70
1
READONLY Y
0
TEXT
8
PART_ATTR
10
0
20
-39000
40
70
1
SYSTEM Y
0
TEXT
8
PART_ATTR
10
0
20
-39120
40
70
1
HIDDEN Y
0
TEXT
8
PART_ATTR
10
0
20
-39240
40
70
1
ATTRIBUTE Strategy.Fanout.Intensity
0
TEXT
8
PART_ATTR
10
0
20
-39360
40
70
1
TYPE LIST N
0
TEXT
8
PART_ATTR
10
0
20
-39480
40
70
1
LIST Low
0
TEXT
8
PART_ATTR
10
0
20
-39600
40
70
1
LIST Medium
0
TEXT
8
PART_ATTR
10
0
20
-39720
40
70
1
LIST High
0
TEXT
8
PART_ATTR
10
0
20
-39840
40
70
1
INHERITANCE  PCB
0
TEXT
8
PART_ATTR
10
0
20
-39960
40
70
1
ECO_REGISTRATION N
0
TEXT
8
PART_ATTR
10
0
20
-40080
40
70
1
READONLY Y
0
TEXT
8
PART_ATTR
10
0
20
-40200
40
70
1
SYSTEM Y
0
TEXT
8
PART_ATTR
10
0
20
-40320
40
70
1
HIDDEN Y
0
TEXT
8
PART_ATTR
10
0
20
-40440
40
70
1
ATTRIBUTE Strategy.Fanout.Priority
0
TEXT
8
PART_ATTR
10
0
20
-40560
40
70
1
TYPE INTEGER
0
TEXT
8
PART_ATTR
10
0
20
-40680
40
70
1
MIN 0
0
TEXT
8
PART_ATTR
10
0
20
-40800
40
70
1
MAX 2147483647
0
TEXT
8
PART_ATTR
10
0
20
-40920
40
70
1
INHERITANCE  NET NETCLASS PCB
0
TEXT
8
PART_ATTR
10
0
20
-41040
40
70
1
INHERITANCE  PART
0
TEXT
8
PART_ATTR
10
0
20
-41160
40
70
1
INHERITANCE  PINPAIR
0
TEXT
8
PART_ATTR
10
0
20
-41280
40
70
1
ECO_REGISTRATION N
0
TEXT
8
PART_ATTR
10
0
20
-41400
40
70
1
READONLY Y
0
TEXT
8
PART_ATTR
10
0
20
-41520
40
70
1
SYSTEM Y
0
TEXT
8
PART_ATTR
10
0
20
-41640
40
70
1
HIDDEN Y
0
TEXT
8
PART_ATTR
10
0
20
-41760
40
70
1
ATTRIBUTE Strategy.Fanout.PlanePriority
0
TEXT
8
PART_ATTR
10
0
20
-41880
40
70
1
TYPE INTEGER
0
TEXT
8
PART_ATTR
10
0
20
-42000
40
70
1
MIN 0
0
TEXT
8
PART_ATTR
10
0
20
-42120
40
70
1
MAX 2147483647
0
TEXT
8
PART_ATTR
10
0
20
-42240
40
70
1
INHERITANCE  PCB
0
TEXT
8
PART_ATTR
10
0
20
-42360
40
70
1
ECO_REGISTRATION N
0
TEXT
8
PART_ATTR
10
0
20
-42480
40
70
1
READONLY Y
0
TEXT
8
PART_ATTR
10
0
20
-42600
40
70
1
SYSTEM Y
0
TEXT
8
PART_ATTR
10
0
20
-42720
40
70
1
HIDDEN Y
0
TEXT
8
PART_ATTR
10
0
20
-42840
40
70
1
ATTRIBUTE Strategy.Fanout.DiffPairPriority
0
TEXT
8
PART_ATTR
10
0
20
-42960
40
70
1
TYPE INTEGER
0
TEXT
8
PART_ATTR
10
0
20
-43080
40
70
1
MIN 0
0
TEXT
8
PART_ATTR
10
0
20
-43200
40
70
1
MAX 2147483647
0
TEXT
8
PART_ATTR
10
0
20
-43320
40
70
1
INHERITANCE  NET
0
TEXT
8
PART_ATTR
10
0
20
-43440
40
70
1
INHERITANCE  PINPAIR
0
TEXT
8
PART_ATTR
10
0
20
-43560
40
70
1
ECO_REGISTRATION N
0
TEXT
8
PART_ATTR
10
0
20
-43680
40
70
1
READONLY Y
0
TEXT
8
PART_ATTR
10
0
20
-43800
40
70
1
SYSTEM Y
0
TEXT
8
PART_ATTR
10
0
20
-43920
40
70
1
HIDDEN Y
0
TEXT
8
PART_ATTR
10
0
20
-44040
40
70
1
ATTRIBUTE Strategy.Fanout.MLGPriority
0
TEXT
8
PART_ATTR
10
0
20
-44160
40
70
1
TYPE INTEGER
0
TEXT
8
PART_ATTR
10
0
20
-44280
40
70
1
MIN 0
0
TEXT
8
PART_ATTR
10
0
20
-44400
40
70
1
MAX 2147483647
0
TEXT
8
PART_ATTR
10
0
20
-44520
40
70
1
INHERITANCE  NET NETCLASS PCB
0
TEXT
8
PART_ATTR
10
0
20
-44640
40
70
1
INHERITANCE  PINPAIR GROUP
0
TEXT
8
PART_ATTR
10
0
20
-44760
40
70
1
ECO_REGISTRATION N
0
TEXT
8
PART_ATTR
10
0
20
-44880
40
70
1
READONLY Y
0
TEXT
8
PART_ATTR
10
0
20
-45000
40
70
1
SYSTEM Y
0
TEXT
8
PART_ATTR
10
0
20
-45120
40
70
1
HIDDEN Y
0
TEXT
8
PART_ATTR
10
0
20
-45240
40
70
1
ATTRIBUTE Strategy.Patterns.Pass
0
TEXT
8
PART_ATTR
10
0
20
-45360
40
70
1
TYPE LIST N
0
TEXT
8
PART_ATTR
10
0
20
-45480
40
70
1
LIST No
0
TEXT
8
PART_ATTR
10
0
20
-45600
40
70
1
LIST Yes
0
TEXT
8
PART_ATTR
10
0
20
-45720
40
70
1
LIST Done
0
TEXT
8
PART_ATTR
10
0
20
-45840
40
70
1
INHERITANCE  PCB
0
TEXT
8
PART_ATTR
10
0
20
-45960
40
70
1
ECO_REGISTRATION N
0
TEXT
8
PART_ATTR
10
0
20
-46080
40
70
1
READONLY Y
0
TEXT
8
PART_ATTR
10
0
20
-46200
40
70
1
SYSTEM Y
0
TEXT
8
PART_ATTR
10
0
20
-46320
40
70
1
HIDDEN Y
0
TEXT
8
PART_ATTR
10
0
20
-46440
40
70
1
ATTRIBUTE Strategy.Patterns.Protect
0
TEXT
8
PART_ATTR
10
0
20
-46560
40
70
1
TYPE BOOLEAN
0
TEXT
8
PART_ATTR
10
0
20
-46680
40
70
1
INHERITANCE  PCB
0
TEXT
8
PART_ATTR
10
0
20
-46800
40
70
1
ECO_REGISTRATION N
0
TEXT
8
PART_ATTR
10
0
20
-46920
40
70
1
READONLY Y
0
TEXT
8
PART_ATTR
10
0
20
-47040
40
70
1
SYSTEM Y
0
TEXT
8
PART_ATTR
10
0
20
-47160
40
70
1
HIDDEN Y
0
TEXT
8
PART_ATTR
10
0
20
-47280
40
70
1
ATTRIBUTE Strategy.Patterns.Pause
0
TEXT
8
PART_ATTR
10
0
20
-47400
40
70
1
TYPE BOOLEAN
0
TEXT
8
PART_ATTR
10
0
20
-47520
40
70
1
INHERITANCE  PCB
0
TEXT
8
PART_ATTR
10
0
20
-47640
40
70
1
ECO_REGISTRATION N
0
TEXT
8
PART_ATTR
10
0
20
-47760
40
70
1
READONLY Y
0
TEXT
8
PART_ATTR
10
0
20
-47880
40
70
1
SYSTEM Y
0
TEXT
8
PART_ATTR
10
0
20
-48000
40
70
1
HIDDEN Y
0
TEXT
8
PART_ATTR
10
0
20
-48120
40
70
1
ATTRIBUTE Strategy.Patterns.Intensity
0
TEXT
8
PART_ATTR
10
0
20
-48240
40
70
1
TYPE LIST N
0
TEXT
8
PART_ATTR
10
0
20
-48360
40
70
1
LIST Low
0
TEXT
8
PART_ATTR
10
0
20
-48480
40
70
1
LIST Medium
0
TEXT
8
PART_ATTR
10
0
20
-48600
40
70
1
LIST High
0
TEXT
8
PART_ATTR
10
0
20
-48720
40
70
1
INHERITANCE  PCB
0
TEXT
8
PART_ATTR
10
0
20
-48840
40
70
1
ECO_REGISTRATION N
0
TEXT
8
PART_ATTR
10
0
20
-48960
40
70
1
READONLY Y
0
TEXT
8
PART_ATTR
10
0
20
-49080
40
70
1
SYSTEM Y
0
TEXT
8
PART_ATTR
10
0
20
-49200
40
70
1
HIDDEN Y
0
TEXT
8
PART_ATTR
10
0
20
-49320
40
70
1
ATTRIBUTE Strategy.Patterns.Priority
0
TEXT
8
PART_ATTR
10
0
20
-49440
40
70
1
TYPE INTEGER
0
TEXT
8
PART_ATTR
10
0
20
-49560
40
70
1
MIN 0
0
TEXT
8
PART_ATTR
10
0
20
-49680
40
70
1
MAX 2147483647
0
TEXT
8
PART_ATTR
10
0
20
-49800
40
70
1
INHERITANCE  NET NETCLASS PCB
0
TEXT
8
PART_ATTR
10
0
20
-49920
40
70
1
INHERITANCE  PART
0
TEXT
8
PART_ATTR
10
0
20
-50040
40
70
1
INHERITANCE  PINPAIR
0
TEXT
8
PART_ATTR
10
0
20
-50160
40
70
1
ECO_REGISTRATION N
0
TEXT
8
PART_ATTR
10
0
20
-50280
40
70
1
READONLY Y
0
TEXT
8
PART_ATTR
10
0
20
-50400
40
70
1
SYSTEM Y
0
TEXT
8
PART_ATTR
10
0
20
-50520
40
70
1
HIDDEN Y
0
TEXT
8
PART_ATTR
10
0
20
-50640
40
70
1
ATTRIBUTE Strategy.Patterns.PlanePriority
0
TEXT
8
PART_ATTR
10
0
20
-50760
40
70
1
TYPE INTEGER
0
TEXT
8
PART_ATTR
10
0
20
-50880
40
70
1
MIN 0
0
TEXT
8
PART_ATTR
10
0
20
-51000
40
70
1
MAX 2147483647
0
TEXT
8
PART_ATTR
10
0
20
-51120
40
70
1
INHERITANCE  PCB
0
TEXT
8
PART_ATTR
10
0
20
-51240
40
70
1
ECO_REGISTRATION N
0
TEXT
8
PART_ATTR
10
0
20
-51360
40
70
1
READONLY Y
0
TEXT
8
PART_ATTR
10
0
20
-51480
40
70
1
SYSTEM Y
0
TEXT
8
PART_ATTR
10
0
20
-51600
40
70
1
HIDDEN Y
0
TEXT
8
PART_ATTR
10
0
20
-51720
40
70
1
ATTRIBUTE Strategy.Patterns.DiffPairPriority
0
TEXT
8
PART_ATTR
10
0
20
-51840
40
70
1
TYPE INTEGER
0
TEXT
8
PART_ATTR
10
0
20
-51960
40
70
1
MIN 0
0
TEXT
8
PART_ATTR
10
0
20
-52080
40
70
1
MAX 2147483647
0
TEXT
8
PART_ATTR
10
0
20
-52200
40
70
1
INHERITANCE  NET
0
TEXT
8
PART_ATTR
10
0
20
-52320
40
70
1
INHERITANCE  PINPAIR
0
TEXT
8
PART_ATTR
10
0
20
-52440
40
70
1
ECO_REGISTRATION N
0
TEXT
8
PART_ATTR
10
0
20
-52560
40
70
1
READONLY Y
0
TEXT
8
PART_ATTR
10
0
20
-52680
40
70
1
SYSTEM Y
0
TEXT
8
PART_ATTR
10
0
20
-52800
40
70
1
HIDDEN Y
0
TEXT
8
PART_ATTR
10
0
20
-52920
40
70
1
ATTRIBUTE Strategy.Patterns.MLGPriority
0
TEXT
8
PART_ATTR
10
0
20
-53040
40
70
1
TYPE INTEGER
0
TEXT
8
PART_ATTR
10
0
20
-53160
40
70
1
MIN 0
0
TEXT
8
PART_ATTR
10
0
20
-53280
40
70
1
MAX 2147483647
0
TEXT
8
PART_ATTR
10
0
20
-53400
40
70
1
INHERITANCE  NET NETCLASS PCB
0
TEXT
8
PART_ATTR
10
0
20
-53520
40
70
1
INHERITANCE  PINPAIR GROUP
0
TEXT
8
PART_ATTR
10
0
20
-53640
40
70
1
ECO_REGISTRATION N
0
TEXT
8
PART_ATTR
10
0
20
-53760
40
70
1
READONLY Y
0
TEXT
8
PART_ATTR
10
0
20
-53880
40
70
1
SYSTEM Y
0
TEXT
8
PART_ATTR
10
0
20
-54000
40
70
1
HIDDEN Y
0
TEXT
8
PART_ATTR
10
0
20
-54120
40
70
1
ATTRIBUTE Strategy.Route.Pass
0
TEXT
8
PART_ATTR
10
0
20
-54240
40
70
1
TYPE LIST N
0
TEXT
8
PART_ATTR
10
0
20
-54360
40
70
1
LIST No
0
TEXT
8
PART_ATTR
10
0
20
-54480
40
70
1
LIST Yes
0
TEXT
8
PART_ATTR
10
0
20
-54600
40
70
1
LIST Done
0
TEXT
8
PART_ATTR
10
0
20
-54720
40
70
1
INHERITANCE  PCB
0
TEXT
8
PART_ATTR
10
0
20
-54840
40
70
1
ECO_REGISTRATION N
0
TEXT
8
PART_ATTR
10
0
20
-54960
40
70
1
READONLY Y
0
TEXT
8
PART_ATTR
10
0
20
-55080
40
70
1
SYSTEM Y
0
TEXT
8
PART_ATTR
10
0
20
-55200
40
70
1
HIDDEN Y
0
TEXT
8
PART_ATTR
10
0
20
-55320
40
70
1
ATTRIBUTE Strategy.Route.Protect
0
TEXT
8
PART_ATTR
10
0
20
-55440
40
70
1
TYPE BOOLEAN
0
TEXT
8
PART_ATTR
10
0
20
-55560
40
70
1
INHERITANCE  PCB
0
TEXT
8
PART_ATTR
10
0
20
-55680
40
70
1
ECO_REGISTRATION N
0
TEXT
8
PART_ATTR
10
0
20
-55800
40
70
1
READONLY Y
0
TEXT
8
PART_ATTR
10
0
20
-55920
40
70
1
SYSTEM Y
0
TEXT
8
PART_ATTR
10
0
20
-56040
40
70
1
HIDDEN Y
0
TEXT
8
PART_ATTR
10
0
20
-56160
40
70
1
ATTRIBUTE Strategy.Route.Pause
0
TEXT
8
PART_ATTR
10
0
20
-56280
40
70
1
TYPE BOOLEAN
0
TEXT
8
PART_ATTR
10
0
20
56328.8004199475
40
70
1
INHERITANCE  PCB
0
TEXT
8
PART_ATTR
10
0
20
56208.8004199475
40
70
1
ECO_REGISTRATION N
0
TEXT
8
PART_ATTR
10
0
20
56088.8004199475
40
70
1
READONLY Y
0
TEXT
8
PART_ATTR
10
0
20
55968.8004199475
40
70
1
SYSTEM Y
0
TEXT
8
PART_ATTR
10
0
20
55848.8004199475
40
70
1
HIDDEN Y
0
TEXT
8
PART_ATTR
10
0
20
55728.8004199475
40
70
1
ATTRIBUTE Strategy.Route.Intensity
0
TEXT
8
PART_ATTR
10
0
20
55608.8004199475
40
70
1
TYPE LIST N
0
TEXT
8
PART_ATTR
10
0
20
55488.8004199475
40
70
1
LIST Low
0
TEXT
8
PART_ATTR
10
0
20
55368.8004199475
40
70
1
LIST Medium
0
TEXT
8
PART_ATTR
10
0
20
55248.8004199475
40
70
1
LIST High
0
TEXT
8
PART_ATTR
10
0
20
55128.8004199475
40
70
1
INHERITANCE  PCB
0
TEXT
8
PART_ATTR
10
0
20
55008.8004199475
40
70
1
ECO_REGISTRATION N
0
TEXT
8
PART_ATTR
10
0
20
54888.8004199475
40
70
1
READONLY Y
0
TEXT
8
PART_ATTR
10
0
20
54768.8004199475
40
70
1
SYSTEM Y
0
TEXT
8
PART_ATTR
10
0
20
54648.8004199475
40
70
1
HIDDEN Y
0
TEXT
8
PART_ATTR
10
0
20
54528.8004199475
40
70
1
ATTRIBUTE Strategy.Route.Priority
0
TEXT
8
PART_ATTR
10
0
20
54408.8004199475
40
70
1
TYPE INTEGER
0
TEXT
8
PART_ATTR
10
0
20
54288.8004199475
40
70
1
MIN 0
0
TEXT
8
PART_ATTR
10
0
20
54168.8004199475
40
70
1
MAX 2147483647
0
TEXT
8
PART_ATTR
10
0
20
54048.8004199475
40
70
1
INHERITANCE  NET NETCLASS PCB
0
TEXT
8
PART_ATTR
10
0
20
53928.8004199475
40
70
1
INHERITANCE  PART
0
TEXT
8
PART_ATTR
10
0
20
53808.8004199475
40
70
1
INHERITANCE  PINPAIR
0
TEXT
8
PART_ATTR
10
0
20
53688.8004199475
40
70
1
ECO_REGISTRATION N
0
TEXT
8
PART_ATTR
10
0
20
53568.8004199475
40
70
1
READONLY Y
0
TEXT
8
PART_ATTR
10
0
20
53448.8004199475
40
70
1
SYSTEM Y
0
TEXT
8
PART_ATTR
10
0
20
53328.8004199475
40
70
1
HIDDEN Y
0
TEXT
8
PART_ATTR
10
0
20
53208.8004199475
40
70
1
ATTRIBUTE Strategy.Route.PlanePriority
0
TEXT
8
PART_ATTR
10
0
20
53088.8004199475
40
70
1
TYPE INTEGER
0
TEXT
8
PART_ATTR
10
0
20
52968.8004199475
40
70
1
MIN 0
0
TEXT
8
PART_ATTR
10
0
20
52848.8004199475
40
70
1
MAX 2147483647
0
TEXT
8
PART_ATTR
10
0
20
52728.8004199475
40
70
1
INHERITANCE  PCB
0
TEXT
8
PART_ATTR
10
0
20
52608.8004199475
40
70
1
ECO_REGISTRATION N
0
TEXT
8
PART_ATTR
10
0
20
52488.8004199475
40
70
1
READONLY Y
0
TEXT
8
PART_ATTR
10
0
20
52368.8004199475
40
70
1
SYSTEM Y
0
TEXT
8
PART_ATTR
10
0
20
52248.8004199475
40
70
1
HIDDEN Y
0
TEXT
8
PART_ATTR
10
0
20
52128.8004199475
40
70
1
ATTRIBUTE Strategy.Route.DiffPairPriority
0
TEXT
8
PART_ATTR
10
0
20
52008.8004199475
40
70
1
TYPE INTEGER
0
TEXT
8
PART_ATTR
10
0
20
51888.8004199475
40
70
1
MIN 0
0
TEXT
8
PART_ATTR
10
0
20
51768.8004199475
40
70
1
MAX 2147483647
0
TEXT
8
PART_ATTR
10
0
20
51648.8004199475
40
70
1
INHERITANCE  NET
0
TEXT
8
PART_ATTR
10
0
20
51528.8004199475
40
70
1
INHERITANCE  PINPAIR
0
TEXT
8
PART_ATTR
10
0
20
51408.8004199475
40
70
1
ECO_REGISTRATION N
0
TEXT
8
PART_ATTR
10
0
20
51288.8004199475
40
70
1
READONLY Y
0
TEXT
8
PART_ATTR
10
0
20
51168.8004199475
40
70
1
SYSTEM Y
0
TEXT
8
PART_ATTR
10
0
20
51048.8004199475
40
70
1
HIDDEN Y
0
TEXT
8
PART_ATTR
10
0
20
50928.8004199475
40
70
1
ATTRIBUTE Strategy.Route.MLGPriority
0
TEXT
8
PART_ATTR
10
0
20
50808.8004199475
40
70
1
TYPE INTEGER
0
TEXT
8
PART_ATTR
10
0
20
50688.8004199475
40
70
1
MIN 0
0
TEXT
8
PART_ATTR
10
0
20
50568.8004199475
40
70
1
MAX 2147483647
0
TEXT
8
PART_ATTR
10
0
20
50448.8004199475
40
70
1
INHERITANCE  NET NETCLASS PCB
0
TEXT
8
PART_ATTR
10
0
20
50328.8004199475
40
70
1
INHERITANCE  PINPAIR GROUP
0
TEXT
8
PART_ATTR
10
0
20
50208.8004199475
40
70
1
ECO_REGISTRATION N
0
TEXT
8
PART_ATTR
10
0
20
50088.8004199475
40
70
1
READONLY Y
0
TEXT
8
PART_ATTR
10
0
20
49968.8004199475
40
70
1
SYSTEM Y
0
TEXT
8
PART_ATTR
10
0
20
49848.8004199475
40
70
1
HIDDEN Y
0
TEXT
8
PART_ATTR
10
0
20
49728.8004199475
40
70
1
ATTRIBUTE Strategy.Optimize.Pass
0
TEXT
8
PART_ATTR
10
0
20
49608.8004199475
40
70
1
TYPE LIST N
0
TEXT
8
PART_ATTR
10
0
20
49488.8004199475
40
70
1
LIST No
0
TEXT
8
PART_ATTR
10
0
20
49368.8004199475
40
70
1
LIST Yes
0
TEXT
8
PART_ATTR
10
0
20
49248.8004199475
40
70
1
LIST Done
0
TEXT
8
PART_ATTR
10
0
20
49128.8004199475
40
70
1
INHERITANCE  PCB
0
TEXT
8
PART_ATTR
10
0
20
49008.8004199475
40
70
1
ECO_REGISTRATION N
0
TEXT
8
PART_ATTR
10
0
20
48888.8004199475
40
70
1
READONLY Y
0
TEXT
8
PART_ATTR
10
0
20
48768.8004199475
40
70
1
SYSTEM Y
0
TEXT
8
PART_ATTR
10
0
20
48648.8004199475
40
70
1
HIDDEN Y
0
TEXT
8
PART_ATTR
10
0
20
48528.8004199475
40
70
1
ATTRIBUTE Strategy.Optimize.Protect
0
TEXT
8
PART_ATTR
10
0
20
48408.8004199475
40
70
1
TYPE BOOLEAN
0
TEXT
8
PART_ATTR
10
0
20
48288.8004199475
40
70
1
INHERITANCE  PCB
0
TEXT
8
PART_ATTR
10
0
20
48168.8004199475
40
70
1
ECO_REGISTRATION N
0
TEXT
8
PART_ATTR
10
0
20
48048.8004199475
40
70
1
READONLY Y
0
TEXT
8
PART_ATTR
10
0
20
47928.8004199475
40
70
1
SYSTEM Y
0
TEXT
8
PART_ATTR
10
0
20
47808.8004199475
40
70
1
HIDDEN Y
0
TEXT
8
PART_ATTR
10
0
20
47688.8004199475
40
70
1
ATTRIBUTE Strategy.Optimize.Pause
0
TEXT
8
PART_ATTR
10
0
20
47568.8004199475
40
70
1
TYPE BOOLEAN
0
TEXT
8
PART_ATTR
10
0
20
47448.8004199475
40
70
1
INHERITANCE  PCB
0
TEXT
8
PART_ATTR
10
0
20
47328.8004199475
40
70
1
ECO_REGISTRATION N
0
TEXT
8
PART_ATTR
10
0
20
47208.8004199475
40
70
1
READONLY Y
0
TEXT
8
PART_ATTR
10
0
20
47088.8004199475
40
70
1
SYSTEM Y
0
TEXT
8
PART_ATTR
10
0
20
46968.8004199475
40
70
1
HIDDEN Y
0
TEXT
8
PART_ATTR
10
0
20
46848.8004199475
40
70
1
ATTRIBUTE Strategy.Optimize.Intensity
0
TEXT
8
PART_ATTR
10
0
20
46728.8004199475
40
70
1
TYPE LIST N
0
TEXT
8
PART_ATTR
10
0
20
46608.8004199475
40
70
1
LIST Low
0
TEXT
8
PART_ATTR
10
0
20
46488.8004199475
40
70
1
LIST Medium
0
TEXT
8
PART_ATTR
10
0
20
46368.8004199475
40
70
1
LIST High
0
TEXT
8
PART_ATTR
10
0
20
46248.8004199475
40
70
1
INHERITANCE  PCB
0
TEXT
8
PART_ATTR
10
0
20
46128.8004199475
40
70
1
ECO_REGISTRATION N
0
TEXT
8
PART_ATTR
10
0
20
46008.8004199475
40
70
1
READONLY Y
0
TEXT
8
PART_ATTR
10
0
20
45888.8004199475
40
70
1
SYSTEM Y
0
TEXT
8
PART_ATTR
10
0
20
45768.8004199475
40
70
1
HIDDEN Y
0
TEXT
8
PART_ATTR
10
0
20
45648.8004199475
40
70
1
ATTRIBUTE Strategy.Optimize.Priority
0
TEXT
8
PART_ATTR
10
0
20
45528.8004199475
40
70
1
TYPE INTEGER
0
TEXT
8
PART_ATTR
10
0
20
45408.8004199475
40
70
1
MIN 0
0
TEXT
8
PART_ATTR
10
0
20
45288.8004199475
40
70
1
MAX 2147483647
0
TEXT
8
PART_ATTR
10
0
20
45168.8004199475
40
70
1
INHERITANCE  NET NETCLASS PCB
0
TEXT
8
PART_ATTR
10
0
20
45048.8004199475
40
70
1
INHERITANCE  PART
0
TEXT
8
PART_ATTR
10
0
20
44928.8004199475
40
70
1
INHERITANCE  PINPAIR
0
TEXT
8
PART_ATTR
10
0
20
44808.8004199475
40
70
1
ECO_REGISTRATION N
0
TEXT
8
PART_ATTR
10
0
20
44688.8004199475
40
70
1
READONLY Y
0
TEXT
8
PART_ATTR
10
0
20
44568.8004199475
40
70
1
SYSTEM Y
0
TEXT
8
PART_ATTR
10
0
20
44448.8004199475
40
70
1
HIDDEN Y
0
TEXT
8
PART_ATTR
10
0
20
44328.8004199475
40
70
1
ATTRIBUTE Strategy.Optimize.PlanePriority
0
TEXT
8
PART_ATTR
10
0
20
44208.8004199475
40
70
1
TYPE INTEGER
0
TEXT
8
PART_ATTR
10
0
20
44088.8004199475
40
70
1
MIN 0
0
TEXT
8
PART_ATTR
10
0
20
43968.8004199475
40
70
1
MAX 2147483647
0
TEXT
8
PART_ATTR
10
0
20
43848.8004199475
40
70
1
INHERITANCE  PCB
0
TEXT
8
PART_ATTR
10
0
20
43728.8004199475
40
70
1
ECO_REGISTRATION N
0
TEXT
8
PART_ATTR
10
0
20
43608.8004199475
40
70
1
READONLY Y
0
TEXT
8
PART_ATTR
10
0
20
43488.8004199475
40
70
1
SYSTEM Y
0
TEXT
8
PART_ATTR
10
0
20
43368.8004199475
40
70
1
HIDDEN Y
0
TEXT
8
PART_ATTR
10
0
20
43248.8004199475
40
70
1
ATTRIBUTE Strategy.Optimize.DiffPairPriority
0
TEXT
8
PART_ATTR
10
0
20
43128.8004199475
40
70
1
TYPE INTEGER
0
TEXT
8
PART_ATTR
10
0
20
43008.8004199475
40
70
1
MIN 0
0
TEXT
8
PART_ATTR
10
0
20
42888.8004199475
40
70
1
MAX 2147483647
0
TEXT
8
PART_ATTR
10
0
20
42768.8004199475
40
70
1
INHERITANCE  NET
0
TEXT
8
PART_ATTR
10
0
20
42648.8004199475
40
70
1
INHERITANCE  PINPAIR
0
TEXT
8
PART_ATTR
10
0
20
42528.8004199475
40
70
1
ECO_REGISTRATION N
0
TEXT
8
PART_ATTR
10
0
20
42408.8004199475
40
70
1
READONLY Y
0
TEXT
8
PART_ATTR
10
0
20
42288.8004199475
40
70
1
SYSTEM Y
0
TEXT
8
PART_ATTR
10
0
20
42168.8004199475
40
70
1
HIDDEN Y
0
TEXT
8
PART_ATTR
10
0
20
42048.8004199475
40
70
1
ATTRIBUTE Strategy.Optimize.MLGPriority
0
TEXT
8
PART_ATTR
10
0
20
41928.8004199475
40
70
1
TYPE INTEGER
0
TEXT
8
PART_ATTR
10
0
20
41808.8004199475
40
70
1
MIN 0
0
TEXT
8
PART_ATTR
10
0
20
41688.8004199475
40
70
1
MAX 2147483647
0
TEXT
8
PART_ATTR
10
0
20
41568.8004199475
40
70
1
INHERITANCE  NET NETCLASS PCB
0
TEXT
8
PART_ATTR
10
0
20
41448.8004199475
40
70
1
INHERITANCE  PINPAIR GROUP
0
TEXT
8
PART_ATTR
10
0
20
41328.8004199475
40
70
1
ECO_REGISTRATION N
0
TEXT
8
PART_ATTR
10
0
20
41208.8004199475
40
70
1
READONLY Y
0
TEXT
8
PART_ATTR
10
0
20
41088.8004199475
40
70
1
SYSTEM Y
0
TEXT
8
PART_ATTR
10
0
20
40968.8004199475
40
70
1
HIDDEN Y
0
TEXT
8
PART_ATTR
10
0
20
40848.8004199475
40
70
1
ATTRIBUTE Strategy.Miters.Pass
0
TEXT
8
PART_ATTR
10
0
20
40728.8004199475
40
70
1
TYPE LIST N
0
TEXT
8
PART_ATTR
10
0
20
40608.8004199475
40
70
1
LIST No
0
TEXT
8
PART_ATTR
10
0
20
40488.8004199475
40
70
1
LIST Yes
0
TEXT
8
PART_ATTR
10
0
20
40368.8004199475
40
70
1
LIST Done
0
TEXT
8
PART_ATTR
10
0
20
40248.8004199475
40
70
1
INHERITANCE  PCB
0
TEXT
8
PART_ATTR
10
0
20
40128.8004199475
40
70
1
ECO_REGISTRATION N
0
TEXT
8
PART_ATTR
10
0
20
40008.8004199475
40
70
1
READONLY Y
0
TEXT
8
PART_ATTR
10
0
20
39888.8004199475
40
70
1
SYSTEM Y
0
TEXT
8
PART_ATTR
10
0
20
39768.8004199475
40
70
1
HIDDEN Y
0
TEXT
8
PART_ATTR
10
0
20
39648.8004199475
40
70
1
ATTRIBUTE Strategy.Miters.Protect
0
TEXT
8
PART_ATTR
10
0
20
39528.8004199475
40
70
1
TYPE BOOLEAN
0
TEXT
8
PART_ATTR
10
0
20
39408.8004199475
40
70
1
INHERITANCE  PCB
0
TEXT
8
PART_ATTR
10
0
20
39288.8004199475
40
70
1
ECO_REGISTRATION N
0
TEXT
8
PART_ATTR
10
0
20
39168.8004199475
40
70
1
READONLY Y
0
TEXT
8
PART_ATTR
10
0
20
39048.8004199475
40
70
1
SYSTEM Y
0
TEXT
8
PART_ATTR
10
0
20
38928.8004199475
40
70
1
HIDDEN Y
0
TEXT
8
PART_ATTR
10
0
20
38808.8004199475
40
70
1
ATTRIBUTE Strategy.Miters.Pause
0
TEXT
8
PART_ATTR
10
0
20
38688.8004199475
40
70
1
TYPE BOOLEAN
0
TEXT
8
PART_ATTR
10
0
20
38568.8004199475
40
70
1
INHERITANCE  PCB
0
TEXT
8
PART_ATTR
10
0
20
38448.8004199475
40
70
1
ECO_REGISTRATION N
0
TEXT
8
PART_ATTR
10
0
20
38328.8004199475
40
70
1
READONLY Y
0
TEXT
8
PART_ATTR
10
0
20
38208.8004199475
40
70
1
SYSTEM Y
0
TEXT
8
PART_ATTR
10
0
20
38088.8004199475
40
70
1
HIDDEN Y
0
TEXT
8
PART_ATTR
10
0
20
37968.8004199475
40
70
1
ATTRIBUTE Strategy.Miters.Intensity
0
TEXT
8
PART_ATTR
10
0
20
37848.8004199475
40
70
1
TYPE LIST N
0
TEXT
8
PART_ATTR
10
0
20
37728.8004199475
40
70
1
LIST Low
0
TEXT
8
PART_ATTR
10
0
20
37608.8004199475
40
70
1
LIST Medium
0
TEXT
8
PART_ATTR
10
0
20
37488.8004199475
40
70
1
LIST High
0
TEXT
8
PART_ATTR
10
0
20
37368.8004199475
40
70
1
INHERITANCE  PCB
0
TEXT
8
PART_ATTR
10
0
20
37248.8004199475
40
70
1
ECO_REGISTRATION N
0
TEXT
8
PART_ATTR
10
0
20
37128.8004199475
40
70
1
READONLY Y
0
TEXT
8
PART_ATTR
10
0
20
37008.8004199475
40
70
1
SYSTEM Y
0
TEXT
8
PART_ATTR
10
0
20
36888.8004199475
40
70
1
HIDDEN Y
0
TEXT
8
PART_ATTR
10
0
20
36768.8004199475
40
70
1
ATTRIBUTE Strategy.Miters.Priority
0
TEXT
8
PART_ATTR
10
0
20
36648.8004199475
40
70
1
TYPE INTEGER
0
TEXT
8
PART_ATTR
10
0
20
36528.8004199475
40
70
1
MIN 0
0
TEXT
8
PART_ATTR
10
0
20
36408.8004199475
40
70
1
MAX 2147483647
0
TEXT
8
PART_ATTR
10
0
20
36288.8004199475
40
70
1
INHERITANCE  NET NETCLASS PCB
0
TEXT
8
PART_ATTR
10
0
20
36168.8004199475
40
70
1
INHERITANCE  PART
0
TEXT
8
PART_ATTR
10
0
20
36048.8004199475
40
70
1
INHERITANCE  PINPAIR
0
TEXT
8
PART_ATTR
10
0
20
35928.8004199475
40
70
1
ECO_REGISTRATION N
0
TEXT
8
PART_ATTR
10
0
20
35808.8004199475
40
70
1
READONLY Y
0
TEXT
8
PART_ATTR
10
0
20
35688.8004199475
40
70
1
SYSTEM Y
0
TEXT
8
PART_ATTR
10
0
20
35568.8004199475
40
70
1
HIDDEN Y
0
TEXT
8
PART_ATTR
10
0
20
35448.8004199475
40
70
1
ATTRIBUTE Strategy.Miters.PlanePriority
0
TEXT
8
PART_ATTR
10
0
20
35328.8004199475
40
70
1
TYPE INTEGER
0
TEXT
8
PART_ATTR
10
0
20
35208.8004199475
40
70
1
MIN 0
0
TEXT
8
PART_ATTR
10
0
20
35088.8004199475
40
70
1
MAX 2147483647
0
TEXT
8
PART_ATTR
10
0
20
34968.8004199475
40
70
1
INHERITANCE  PCB
0
TEXT
8
PART_ATTR
10
0
20
34848.8004199475
40
70
1
ECO_REGISTRATION N
0
TEXT
8
PART_ATTR
10
0
20
34728.8004199475
40
70
1
READONLY Y
0
TEXT
8
PART_ATTR
10
0
20
34608.8004199475
40
70
1
SYSTEM Y
0
TEXT
8
PART_ATTR
10
0
20
34488.8004199475
40
70
1
HIDDEN Y
0
TEXT
8
PART_ATTR
10
0
20
34368.8004199475
40
70
1
ATTRIBUTE Strategy.Miters.DiffPairPriority
0
TEXT
8
PART_ATTR
10
0
20
34248.8004199475
40
70
1
TYPE INTEGER
0
TEXT
8
PART_ATTR
10
0
20
34128.8004199475
40
70
1
MIN 0
0
TEXT
8
PART_ATTR
10
0
20
34008.8004199475
40
70
1
MAX 2147483647
0
TEXT
8
PART_ATTR
10
0
20
33888.8004199475
40
70
1
INHERITANCE  NET
0
TEXT
8
PART_ATTR
10
0
20
33768.8004199475
40
70
1
INHERITANCE  PINPAIR
0
TEXT
8
PART_ATTR
10
0
20
33648.8004199475
40
70
1
ECO_REGISTRATION N
0
TEXT
8
PART_ATTR
10
0
20
33528.8004199475
40
70
1
READONLY Y
0
TEXT
8
PART_ATTR
10
0
20
33408.8004199475
40
70
1
SYSTEM Y
0
TEXT
8
PART_ATTR
10
0
20
33288.8004199475
40
70
1
HIDDEN Y
0
TEXT
8
PART_ATTR
10
0
20
33168.8004199475
40
70
1
ATTRIBUTE Strategy.Miters.MLGPriority
0
TEXT
8
PART_ATTR
10
0
20
33048.8004199475
40
70
1
TYPE INTEGER
0
TEXT
8
PART_ATTR
10
0
20
32928.8004199475
40
70
1
MIN 0
0
TEXT
8
PART_ATTR
10
0
20
32808.8004199475
40
70
1
MAX 2147483647
0
TEXT
8
PART_ATTR
10
0
20
32688.8004199475
40
70
1
INHERITANCE  NET NETCLASS PCB
0
TEXT
8
PART_ATTR
10
0
20
32568.8004199475
40
70
1
INHERITANCE  PINPAIR GROUP
0
TEXT
8
PART_ATTR
10
0
20
32448.8004199475
40
70
1
ECO_REGISTRATION N
0
TEXT
8
PART_ATTR
10
0
20
32328.8004199475
40
70
1
READONLY Y
0
TEXT
8
PART_ATTR
10
0
20
32208.8004199475
40
70
1
SYSTEM Y
0
TEXT
8
PART_ATTR
10
0
20
32088.8004199475
40
70
1
HIDDEN Y
0
TEXT
8
PART_ATTR
10
0
20
31968.8004199475
40
70
1
ATTRIBUTE Strategy.TestPoint.Pass
0
TEXT
8
PART_ATTR
10
0
20
31848.8004199475
40
70
1
TYPE LIST N
0
TEXT
8
PART_ATTR
10
0
20
31728.8004199475
40
70
1
LIST No
0
TEXT
8
PART_ATTR
10
0
20
31608.8004199475
40
70
1
LIST Yes
0
TEXT
8
PART_ATTR
10
0
20
31488.8004199475
40
70
1
LIST Done
0
TEXT
8
PART_ATTR
10
0
20
31368.8004199475
40
70
1
INHERITANCE  PCB
0
TEXT
8
PART_ATTR
10
0
20
31248.8004199475
40
70
1
ECO_REGISTRATION N
0
TEXT
8
PART_ATTR
10
0
20
31128.8004199475
40
70
1
READONLY Y
0
TEXT
8
PART_ATTR
10
0
20
31008.8004199475
40
70
1
SYSTEM Y
0
TEXT
8
PART_ATTR
10
0
20
30888.8004199475
40
70
1
HIDDEN Y
0
TEXT
8
PART_ATTR
10
0
20
30768.8004199475
40
70
1
ATTRIBUTE Strategy.TestPoint.Protect
0
TEXT
8
PART_ATTR
10
0
20
30648.8004199475
40
70
1
TYPE BOOLEAN
0
TEXT
8
PART_ATTR
10
0
20
30528.8004199475
40
70
1
INHERITANCE  PCB
0
TEXT
8
PART_ATTR
10
0
20
30408.8004199475
40
70
1
ECO_REGISTRATION N
0
TEXT
8
PART_ATTR
10
0
20
30288.8004199475
40
70
1
READONLY Y
0
TEXT
8
PART_ATTR
10
0
20
30168.8004199475
40
70
1
SYSTEM Y
0
TEXT
8
PART_ATTR
10
0
20
30048.8004199475
40
70
1
HIDDEN Y
0
TEXT
8
PART_ATTR
10
0
20
29928.8004199475
40
70
1
ATTRIBUTE Strategy.TestPoint.Pause
0
TEXT
8
PART_ATTR
10
0
20
29808.8004199475
40
70
1
TYPE BOOLEAN
0
TEXT
8
PART_ATTR
10
0
20
29688.8004199475
40
70
1
INHERITANCE  PCB
0
TEXT
8
PART_ATTR
10
0
20
29568.8004199475
40
70
1
ECO_REGISTRATION N
0
TEXT
8
PART_ATTR
10
0
20
29448.8004199475
40
70
1
READONLY Y
0
TEXT
8
PART_ATTR
10
0
20
29328.8004199475
40
70
1
SYSTEM Y
0
TEXT
8
PART_ATTR
10
0
20
29208.8004199475
40
70
1
HIDDEN Y
0
TEXT
8
PART_ATTR
10
0
20
29088.8004199475
40
70
1
ATTRIBUTE Strategy.TestPoint.Intensity
0
TEXT
8
PART_ATTR
10
0
20
28968.8004199475
40
70
1
TYPE LIST N
0
TEXT
8
PART_ATTR
10
0
20
28848.8004199475
40
70
1
LIST Low
0
TEXT
8
PART_ATTR
10
0
20
28728.8004199475
40
70
1
LIST Medium
0
TEXT
8
PART_ATTR
10
0
20
28608.8004199475
40
70
1
LIST High
0
TEXT
8
PART_ATTR
10
0
20
28488.8004199475
40
70
1
INHERITANCE  PCB
0
TEXT
8
PART_ATTR
10
0
20
28368.8004199475
40
70
1
ECO_REGISTRATION N
0
TEXT
8
PART_ATTR
10
0
20
28248.8004199475
40
70
1
READONLY Y
0
TEXT
8
PART_ATTR
10
0
20
28128.8004199475
40
70
1
SYSTEM Y
0
TEXT
8
PART_ATTR
10
0
20
28008.8004199475
40
70
1
HIDDEN Y
0
TEXT
8
PART_ATTR
10
0
20
27888.8004199475
40
70
1
ATTRIBUTE Strategy.TestPoint.Priority
0
TEXT
8
PART_ATTR
10
0
20
27768.8004199475
40
70
1
TYPE INTEGER
0
TEXT
8
PART_ATTR
10
0
20
27648.8004199475
40
70
1
MIN 0
0
TEXT
8
PART_ATTR
10
0
20
27528.8004199475
40
70
1
MAX 2147483647
0
TEXT
8
PART_ATTR
10
0
20
27408.8004199475
40
70
1
INHERITANCE  NET NETCLASS PCB
0
TEXT
8
PART_ATTR
10
0
20
27288.8004199475
40
70
1
INHERITANCE  PART
0
TEXT
8
PART_ATTR
10
0
20
27168.8004199475
40
70
1
INHERITANCE  PINPAIR
0
TEXT
8
PART_ATTR
10
0
20
27048.8004199475
40
70
1
ECO_REGISTRATION N
0
TEXT
8
PART_ATTR
10
0
20
26928.8004199475
40
70
1
READONLY Y
0
TEXT
8
PART_ATTR
10
0
20
26808.8004199475
40
70
1
SYSTEM Y
0
TEXT
8
PART_ATTR
10
0
20
26688.8004199475
40
70
1
HIDDEN Y
0
TEXT
8
PART_ATTR
10
0
20
26568.8004199475
40
70
1
ATTRIBUTE Strategy.TestPoint.PlanePriority
0
TEXT
8
PART_ATTR
10
0
20
26448.8004199475
40
70
1
TYPE INTEGER
0
TEXT
8
PART_ATTR
10
0
20
26328.8004199475
40
70
1
MIN 0
0
TEXT
8
PART_ATTR
10
0
20
26208.8004199475
40
70
1
MAX 2147483647
0
TEXT
8
PART_ATTR
10
0
20
26088.8004199475
40
70
1
INHERITANCE  PCB
0
TEXT
8
PART_ATTR
10
0
20
25968.8004199475
40
70
1
ECO_REGISTRATION N
0
TEXT
8
PART_ATTR
10
0
20
25848.8004199475
40
70
1
READONLY Y
0
TEXT
8
PART_ATTR
10
0
20
25728.8004199475
40
70
1
SYSTEM Y
0
TEXT
8
PART_ATTR
10
0
20
25608.8004199475
40
70
1
HIDDEN Y
0
TEXT
8
PART_ATTR
10
0
20
25488.8004199475
40
70
1
ATTRIBUTE Strategy.TestPoint.DiffPairPriority
0
TEXT
8
PART_ATTR
10
0
20
25368.8004199475
40
70
1
TYPE INTEGER
0
TEXT
8
PART_ATTR
10
0
20
25248.8004199475
40
70
1
MIN 0
0
TEXT
8
PART_ATTR
10
0
20
25128.8004199475
40
70
1
MAX 2147483647
0
TEXT
8
PART_ATTR
10
0
20
25008.8004199475
40
70
1
INHERITANCE  NET
0
TEXT
8
PART_ATTR
10
0
20
24888.8004199475
40
70
1
INHERITANCE  PINPAIR
0
TEXT
8
PART_ATTR
10
0
20
24768.8004199475
40
70
1
ECO_REGISTRATION N
0
TEXT
8
PART_ATTR
10
0
20
24648.8004199475
40
70
1
READONLY Y
0
TEXT
8
PART_ATTR
10
0
20
24528.8004199475
40
70
1
SYSTEM Y
0
TEXT
8
PART_ATTR
10
0
20
24408.8004199475
40
70
1
HIDDEN Y
0
TEXT
8
PART_ATTR
10
0
20
24288.8004199475
40
70
1
ATTRIBUTE Strategy.TestPoint.MLGPriority
0
TEXT
8
PART_ATTR
10
0
20
24168.8004199475
40
70
1
TYPE INTEGER
0
TEXT
8
PART_ATTR
10
0
20
24048.8004199475
40
70
1
MIN 0
0
TEXT
8
PART_ATTR
10
0
20
23928.8004199475
40
70
1
MAX 2147483647
0
TEXT
8
PART_ATTR
10
0
20
23808.8004199475
40
70
1
INHERITANCE  NET NETCLASS PCB
0
TEXT
8
PART_ATTR
10
0
20
23688.8004199475
40
70
1
INHERITANCE  PINPAIR GROUP
0
TEXT
8
PART_ATTR
10
0
20
23568.8004199475
40
70
1
ECO_REGISTRATION N
0
TEXT
8
PART_ATTR
10
0
20
23448.8004199475
40
70
1
READONLY Y
0
TEXT
8
PART_ATTR
10
0
20
23328.8004199475
40
70
1
SYSTEM Y
0
TEXT
8
PART_ATTR
10
0
20
23208.8004199475
40
70
1
HIDDEN Y
0
TEXT
8
PART_ATTR
10
0
20
23088.8004199475
40
70
1
ATTRIBUTE Strategy.Center.Pass
0
TEXT
8
PART_ATTR
10
0
20
22968.8004199475
40
70
1
TYPE LIST N
0
TEXT
8
PART_ATTR
10
0
20
22848.8004199475
40
70
1
LIST No
0
TEXT
8
PART_ATTR
10
0
20
22728.8004199475
40
70
1
LIST Yes
0
TEXT
8
PART_ATTR
10
0
20
22608.8004199475
40
70
1
LIST Done
0
TEXT
8
PART_ATTR
10
0
20
22488.8004199475
40
70
1
INHERITANCE  PCB
0
TEXT
8
PART_ATTR
10
0
20
22368.8004199475
40
70
1
ECO_REGISTRATION N
0
TEXT
8
PART_ATTR
10
0
20
22248.8004199475
40
70
1
READONLY Y
0
TEXT
8
PART_ATTR
10
0
20
22128.8004199475
40
70
1
SYSTEM Y
0
TEXT
8
PART_ATTR
10
0
20
22008.8004199475
40
70
1
HIDDEN Y
0
TEXT
8
PART_ATTR
10
0
20
21888.8004199475
40
70
1
ATTRIBUTE Strategy.Center.Protect
0
TEXT
8
PART_ATTR
10
0
20
21768.8004199475
40
70
1
TYPE BOOLEAN
0
TEXT
8
PART_ATTR
10
0
20
21648.8004199475
40
70
1
INHERITANCE  PCB
0
TEXT
8
PART_ATTR
10
0
20
21528.8004199475
40
70
1
ECO_REGISTRATION N
0
TEXT
8
PART_ATTR
10
0
20
21408.8004199475
40
70
1
READONLY Y
0
TEXT
8
PART_ATTR
10
0
20
21288.8004199475
40
70
1
SYSTEM Y
0
TEXT
8
PART_ATTR
10
0
20
21168.8004199475
40
70
1
HIDDEN Y
0
TEXT
8
PART_ATTR
10
0
20
21048.8004199475
40
70
1
ATTRIBUTE Strategy.Center.Pause
0
TEXT
8
PART_ATTR
10
0
20
20928.8004199475
40
70
1
TYPE BOOLEAN
0
TEXT
8
PART_ATTR
10
0
20
20808.8004199475
40
70
1
INHERITANCE  PCB
0
TEXT
8
PART_ATTR
10
0
20
20688.8004199475
40
70
1
ECO_REGISTRATION N
0
TEXT
8
PART_ATTR
10
0
20
20568.8004199475
40
70
1
READONLY Y
0
TEXT
8
PART_ATTR
10
0
20
20448.8004199475
40
70
1
SYSTEM Y
0
TEXT
8
PART_ATTR
10
0
20
20328.8004199475
40
70
1
HIDDEN Y
0
TEXT
8
PART_ATTR
10
0
20
20208.8004199475
40
70
1
ATTRIBUTE Strategy.Center.Intensity
0
TEXT
8
PART_ATTR
10
0
20
20088.8004199475
40
70
1
TYPE LIST N
0
TEXT
8
PART_ATTR
10
0
20
19968.8004199475
40
70
1
LIST Low
0
TEXT
8
PART_ATTR
10
0
20
19848.8004199475
40
70
1
LIST Medium
0
TEXT
8
PART_ATTR
10
0
20
19728.8004199475
40
70
1
LIST High
0
TEXT
8
PART_ATTR
10
0
20
19608.8004199475
40
70
1
INHERITANCE  PCB
0
TEXT
8
PART_ATTR
10
0
20
19488.8004199475
40
70
1
ECO_REGISTRATION N
0
TEXT
8
PART_ATTR
10
0
20
19368.8004199475
40
70
1
READONLY Y
0
TEXT
8
PART_ATTR
10
0
20
19248.8004199475
40
70
1
SYSTEM Y
0
TEXT
8
PART_ATTR
10
0
20
19128.8004199475
40
70
1
HIDDEN Y
0
TEXT
8
PART_ATTR
10
0
20
19008.8004199475
40
70
1
ATTRIBUTE Strategy.Center.PlanePriority
0
TEXT
8
PART_ATTR
10
0
20
18888.8004199475
40
70
1
TYPE INTEGER
0
TEXT
8
PART_ATTR
10
0
20
18768.8004199475
40
70
1
MIN 0
0
TEXT
8
PART_ATTR
10
0
20
18648.8004199475
40
70
1
MAX 2147483647
0
TEXT
8
PART_ATTR
10
0
20
18528.8004199475
40
70
1
INHERITANCE  PCB
0
TEXT
8
PART_ATTR
10
0
20
18408.8004199475
40
70
1
ECO_REGISTRATION N
0
TEXT
8
PART_ATTR
10
0
20
18288.8004199475
40
70
1
READONLY Y
0
TEXT
8
PART_ATTR
10
0
20
18168.8004199475
40
70
1
SYSTEM Y
0
TEXT
8
PART_ATTR
10
0
20
18048.8004199475
40
70
1
HIDDEN Y
0
TEXT
8
PART_ATTR
10
0
20
17928.8004199475
40
70
1
ATTRIBUTE Strategy.Center.Priority
0
TEXT
8
PART_ATTR
10
0
20
17808.8004199475
40
70
1
TYPE INTEGER
0
TEXT
8
PART_ATTR
10
0
20
17688.8004199475
40
70
1
MIN 0
0
TEXT
8
PART_ATTR
10
0
20
17568.8004199475
40
70
1
MAX 2147483647
0
TEXT
8
PART_ATTR
10
0
20
17448.8004199475
40
70
1
INHERITANCE  NET NETCLASS PCB
0
TEXT
8
PART_ATTR
10
0
20
17328.8004199475
40
70
1
INHERITANCE  PART
0
TEXT
8
PART_ATTR
10
0
20
17208.8004199475
40
70
1
INHERITANCE  PINPAIR
0
TEXT
8
PART_ATTR
10
0
20
17088.8004199475
40
70
1
ECO_REGISTRATION N
0
TEXT
8
PART_ATTR
10
0
20
16968.8004199475
40
70
1
READONLY Y
0
TEXT
8
PART_ATTR
10
0
20
16848.8004199475
40
70
1
SYSTEM Y
0
TEXT
8
PART_ATTR
10
0
20
16728.8004199475
40
70
1
HIDDEN Y
0
TEXT
8
PART_ATTR
10
0
20
16608.8004199475
40
70
1
ATTRIBUTE Strategy.Center.DiffPairPriority
0
TEXT
8
PART_ATTR
10
0
20
16488.8004199475
40
70
1
TYPE INTEGER
0
TEXT
8
PART_ATTR
10
0
20
16368.8004199475
40
70
1
MIN 0
0
TEXT
8
PART_ATTR
10
0
20
16248.8004199475
40
70
1
MAX 2147483647
0
TEXT
8
PART_ATTR
10
0
20
16128.8004199475
40
70
1
INHERITANCE  NET
0
TEXT
8
PART_ATTR
10
0
20
16008.8004199475
40
70
1
INHERITANCE  PINPAIR
0
TEXT
8
PART_ATTR
10
0
20
15888.8004199475
40
70
1
ECO_REGISTRATION N
0
TEXT
8
PART_ATTR
10
0
20
15768.8004199475
40
70
1
READONLY Y
0
TEXT
8
PART_ATTR
10
0
20
15648.8004199475
40
70
1
SYSTEM Y
0
TEXT
8
PART_ATTR
10
0
20
15528.8004199475
40
70
1
HIDDEN Y
0
TEXT
8
PART_ATTR
10
0
20
15408.8004199475
40
70
1
ATTRIBUTE Strategy.Center.MLGPriority
0
TEXT
8
PART_ATTR
10
0
20
15288.8004199475
40
70
1
TYPE INTEGER
0
TEXT
8
PART_ATTR
10
0
20
15168.8004199475
40
70
1
MIN 0
0
TEXT
8
PART_ATTR
10
0
20
15048.8004199475
40
70
1
MAX 2147483647
0
TEXT
8
PART_ATTR
10
0
20
14928.8004199475
40
70
1
INHERITANCE  NET NETCLASS PCB
0
TEXT
8
PART_ATTR
10
0
20
14808.8004199475
40
70
1
INHERITANCE  PINPAIR GROUP
0
TEXT
8
PART_ATTR
10
0
20
14688.8004199475
40
70
1
ECO_REGISTRATION N
0
TEXT
8
PART_ATTR
10
0
20
14568.8004199475
40
70
1
READONLY Y
0
TEXT
8
PART_ATTR
10
0
20
14448.8004199475
40
70
1
SYSTEM Y
0
TEXT
8
PART_ATTR
10
0
20
14328.8004199475
40
70
1
HIDDEN Y
0
TEXT
8
PART_ATTR
10
0
20
14208.8004199475
40
70
1
ATTRIBUTE Strategy.Tune.Pass
0
TEXT
8
PART_ATTR
10
0
20
14088.8004199475
40
70
1
TYPE LIST N
0
TEXT
8
PART_ATTR
10
0
20
13968.8004199475
40
70
1
LIST No
0
TEXT
8
PART_ATTR
10
0
20
13848.8004199475
40
70
1
LIST Yes
0
TEXT
8
PART_ATTR
10
0
20
13728.8004199475
40
70
1
LIST Done
0
TEXT
8
PART_ATTR
10
0
20
13608.8004199475
40
70
1
INHERITANCE  PCB
0
TEXT
8
PART_ATTR
10
0
20
13488.8004199475
40
70
1
ECO_REGISTRATION N
0
TEXT
8
PART_ATTR
10
0
20
13368.8004199475
40
70
1
READONLY Y
0
TEXT
8
PART_ATTR
10
0
20
13248.8004199475
40
70
1
SYSTEM Y
0
TEXT
8
PART_ATTR
10
0
20
13128.8004199475
40
70
1
HIDDEN Y
0
TEXT
8
PART_ATTR
10
0
20
13008.8004199475
40
70
1
ATTRIBUTE Strategy.Tune.Protect
0
TEXT
8
PART_ATTR
10
0
20
12888.8004199475
40
70
1
TYPE BOOLEAN
0
TEXT
8
PART_ATTR
10
0
20
12768.8004199475
40
70
1
INHERITANCE  PCB
0
TEXT
8
PART_ATTR
10
0
20
12648.8004199475
40
70
1
ECO_REGISTRATION N
0
TEXT
8
PART_ATTR
10
0
20
12528.8004199475
40
70
1
READONLY Y
0
TEXT
8
PART_ATTR
10
0
20
12408.8004199475
40
70
1
SYSTEM Y
0
TEXT
8
PART_ATTR
10
0
20
12288.8004199475
40
70
1
HIDDEN Y
0
TEXT
8
PART_ATTR
10
0
20
12168.8004199475
40
70
1
ATTRIBUTE Strategy.Tune.Pause
0
TEXT
8
PART_ATTR
10
0
20
12048.8004199475
40
70
1
TYPE BOOLEAN
0
TEXT
8
PART_ATTR
10
0
20
11928.8004199475
40
70
1
INHERITANCE  PCB
0
TEXT
8
PART_ATTR
10
0
20
11808.8004199475
40
70
1
ECO_REGISTRATION N
0
TEXT
8
PART_ATTR
10
0
20
11688.8004199475
40
70
1
READONLY Y
0
TEXT
8
PART_ATTR
10
0
20
11568.8004199475
40
70
1
SYSTEM Y
0
TEXT
8
PART_ATTR
10
0
20
11448.8004199475
40
70
1
HIDDEN Y
0
TEXT
8
PART_ATTR
10
0
20
11328.8004199475
40
70
1
ATTRIBUTE Strategy.Tune.Intensity
0
TEXT
8
PART_ATTR
10
0
20
11208.8004199475
40
70
1
TYPE LIST N
0
TEXT
8
PART_ATTR
10
0
20
11088.8004199475
40
70
1
LIST Low
0
TEXT
8
PART_ATTR
10
0
20
10968.8004199475
40
70
1
LIST Medium
0
TEXT
8
PART_ATTR
10
0
20
10848.8004199475
40
70
1
LIST High
0
TEXT
8
PART_ATTR
10
0
20
10728.8004199475
40
70
1
INHERITANCE  PCB
0
TEXT
8
PART_ATTR
10
0
20
10608.8004199475
40
70
1
ECO_REGISTRATION N
0
TEXT
8
PART_ATTR
10
0
20
10488.8004199475
40
70
1
READONLY Y
0
TEXT
8
PART_ATTR
10
0
20
10368.8004199475
40
70
1
SYSTEM Y
0
TEXT
8
PART_ATTR
10
0
20
10248.8004199475
40
70
1
HIDDEN Y
0
TEXT
8
PART_ATTR
10
0
20
10128.8004199475
40
70
1
ATTRIBUTE Strategy.Tune.PlanePriority
0
TEXT
8
PART_ATTR
10
0
20
10008.8004199475
40
70
1
TYPE INTEGER
0
TEXT
8
PART_ATTR
10
0
20
9888.8004199475
40
70
1
MIN 0
0
TEXT
8
PART_ATTR
10
0
20
9768.8004199475
40
70
1
MAX 2147483647
0
TEXT
8
PART_ATTR
10
0
20
9648.8004199475
40
70
1
INHERITANCE  PCB
0
TEXT
8
PART_ATTR
10
0
20
9528.8004199475
40
70
1
ECO_REGISTRATION N
0
TEXT
8
PART_ATTR
10
0
20
9408.8004199475
40
70
1
READONLY Y
0
TEXT
8
PART_ATTR
10
0
20
9288.8004199475
40
70
1
SYSTEM Y
0
TEXT
8
PART_ATTR
10
0
20
9168.8004199475
40
70
1
HIDDEN Y
0
TEXT
8
PART_ATTR
10
0
20
9048.8004199475
40
70
1
ATTRIBUTE Strategy.Tune.Priority
0
TEXT
8
PART_ATTR
10
0
20
8928.8004199475
40
70
1
TYPE INTEGER
0
TEXT
8
PART_ATTR
10
0
20
8808.8004199475
40
70
1
MIN 0
0
TEXT
8
PART_ATTR
10
0
20
8688.8004199475
40
70
1
MAX 2147483647
0
TEXT
8
PART_ATTR
10
0
20
8568.8004199475
40
70
1
INHERITANCE  NET NETCLASS PCB
0
TEXT
8
PART_ATTR
10
0
20
8448.8004199475
40
70
1
INHERITANCE  PART
0
TEXT
8
PART_ATTR
10
0
20
8328.8004199475
40
70
1
INHERITANCE  PINPAIR
0
TEXT
8
PART_ATTR
10
0
20
8208.8004199475
40
70
1
ECO_REGISTRATION N
0
TEXT
8
PART_ATTR
10
0
20
8088.8004199475
40
70
1
READONLY Y
0
TEXT
8
PART_ATTR
10
0
20
7968.8004199475
40
70
1
SYSTEM Y
0
TEXT
8
PART_ATTR
10
0
20
7848.8004199475
40
70
1
HIDDEN Y
0
TEXT
8
PART_ATTR
10
0
20
7728.8004199475
40
70
1
ATTRIBUTE Strategy.Tune.DiffPairPriority
0
TEXT
8
PART_ATTR
10
0
20
7608.8004199475
40
70
1
TYPE INTEGER
0
TEXT
8
PART_ATTR
10
0
20
7488.8004199475
40
70
1
MIN 0
0
TEXT
8
PART_ATTR
10
0
20
7368.8004199475
40
70
1
MAX 2147483647
0
TEXT
8
PART_ATTR
10
0
20
7248.8004199475
40
70
1
INHERITANCE  NET
0
TEXT
8
PART_ATTR
10
0
20
7128.8004199475
40
70
1
INHERITANCE  PINPAIR
0
TEXT
8
PART_ATTR
10
0
20
7008.8004199475
40
70
1
ECO_REGISTRATION N
0
TEXT
8
PART_ATTR
10
0
20
6888.8004199475
40
70
1
READONLY Y
0
TEXT
8
PART_ATTR
10
0
20
6768.8004199475
40
70
1
SYSTEM Y
0
TEXT
8
PART_ATTR
10
0
20
6648.8004199475
40
70
1
HIDDEN Y
0
TEXT
8
PART_ATTR
10
0
20
6528.8004199475
40
70
1
ATTRIBUTE Strategy.Tune.MLGPriority
0
TEXT
8
PART_ATTR
10
0
20
6408.8004199475
40
70
1
TYPE INTEGER
0
TEXT
8
PART_ATTR
10
0
20
6288.8004199475
40
70
1
MIN 0
0
TEXT
8
PART_ATTR
10
0
20
6168.8004199475
40
70
1
MAX 2147483647
0
TEXT
8
PART_ATTR
10
0
20
6048.8004199475
40
70
1
INHERITANCE  NET NETCLASS PCB
0
TEXT
8
PART_ATTR
10
0
20
5928.8004199475
40
70
1
INHERITANCE  PINPAIR GROUP
0
TEXT
8
PART_ATTR
10
0
20
5808.8004199475
40
70
1
ECO_REGISTRATION N
0
TEXT
8
PART_ATTR
10
0
20
5688.8004199475
40
70
1
READONLY Y
0
TEXT
8
PART_ATTR
10
0
20
5568.8004199475
40
70
1
SYSTEM Y
0
TEXT
8
PART_ATTR
10
0
20
5448.8004199475
40
70
1
HIDDEN Y
0
TEXT
8
PART_ATTR
10
0
20
5328.8004199475
40
70
1
ATTRIBUTE DIE.FormatId
0
TEXT
8
PART_ATTR
10
0
20
5208.8004199475
40
70
1
TYPE FREETEXT
0
TEXT
8
PART_ATTR
10
0
20
5088.8004199475
40
70
1
INHERITANCE  DECAL
0
TEXT
8
PART_ATTR
10
0
20
4968.8004199475
40
70
1
ECO_REGISTRATION N
0
TEXT
8
PART_ATTR
10
0
20
4848.8004199475
40
70
1
READONLY Y
0
TEXT
8
PART_ATTR
10
0
20
4728.8004199475
40
70
1
SYSTEM Y
0
TEXT
8
PART_ATTR
10
0
20
4608.8004199475
40
70
1
HIDDEN Y
0
TEXT
8
PART_ATTR
10
0
20
4488.8004199475
40
70
1
ATTRIBUTE DIE.ChipLength
0
TEXT
8
PART_ATTR
10
0
20
4368.8004199475
40
70
1
TYPE FREETEXT
0
TEXT
8
PART_ATTR
10
0
20
4248.8004199475
40
70
1
INHERITANCE  DECAL
0
TEXT
8
PART_ATTR
10
0
20
4128.8004199475
40
70
1
ECO_REGISTRATION N
0
TEXT
8
PART_ATTR
10
0
20
4008.8004199475
40
70
1
READONLY Y
0
TEXT
8
PART_ATTR
10
0
20
3888.8004199475
40
70
1
SYSTEM Y
0
TEXT
8
PART_ATTR
10
0
20
3768.8004199475
40
70
1
HIDDEN Y
0
TEXT
8
PART_ATTR
10
0
20
3648.8004199475
40
70
1
ATTRIBUTE DIE.ChipWidth
0
TEXT
8
PART_ATTR
10
0
20
3528.8004199475
40
70
1
TYPE FREETEXT
0
TEXT
8
PART_ATTR
10
0
20
3408.8004199475
40
70
1
INHERITANCE  DECAL
0
TEXT
8
PART_ATTR
10
0
20
3288.8004199475
40
70
1
ECO_REGISTRATION N
0
TEXT
8
PART_ATTR
10
0
20
3168.8004199475
40
70
1
READONLY Y
0
TEXT
8
PART_ATTR
10
0
20
3048.8004199475
40
70
1
SYSTEM Y
0
TEXT
8
PART_ATTR
10
0
20
2928.8004199475
40
70
1
HIDDEN Y
0
TEXT
8
PART_ATTR
10
0
20
2808.8004199475
40
70
1
ATTRIBUTE DIE.ChipHeight
0
TEXT
8
PART_ATTR
10
0
20
2688.8004199475
40
70
1
TYPE FREETEXT
0
TEXT
8
PART_ATTR
10
0
20
2568.8004199475
40
70
1
INHERITANCE  DECAL
0
TEXT
8
PART_ATTR
10
0
20
2448.8004199475
40
70
1
ECO_REGISTRATION N
0
TEXT
8
PART_ATTR
10
0
20
2328.8004199475
40
70
1
READONLY Y
0
TEXT
8
PART_ATTR
10
0
20
2208.8004199475
40
70
1
SYSTEM Y
0
TEXT
8
PART_ATTR
10
0
20
2088.8004199475
40
70
1
HIDDEN Y
0
TEXT
8
PART_ATTR
10
0
20
1968.8004199475
40
70
1
ATTRIBUTE DIE.WBRules.MinLength
0
TEXT
8
PART_ATTR
10
0
20
1848.8004199475
40
70
1
TYPE FREETEXT
0
TEXT
8
PART_ATTR
10
0
20
1728.8004199475
40
70
1
INHERITANCE  DECAL
0
TEXT
8
PART_ATTR
10
0
20
1608.8004199475
40
70
1
ECO_REGISTRATION N
0
TEXT
8
PART_ATTR
10
0
20
1488.8004199475
40
70
1
READONLY Y
0
TEXT
8
PART_ATTR
10
0
20
1368.8004199475
40
70
1
SYSTEM Y
0
TEXT
8
PART_ATTR
10
0
20
1248.8004199475
40
70
1
HIDDEN Y
0
TEXT
8
PART_ATTR
10
0
20
1128.8004199475
40
70
1
ATTRIBUTE DIE.WBRules.MaxLength
0
TEXT
8
PART_ATTR
10
0
20
1008.8004199475
40
70
1
TYPE FREETEXT
0
TEXT
8
PART_ATTR
10
0
20
888.8004199475
40
70
1
INHERITANCE  DECAL
0
TEXT
8
PART_ATTR
10
0
20
768.8004199475
40
70
1
ECO_REGISTRATION N
0
TEXT
8
PART_ATTR
10
0
20
648.8004199475
40
70
1
READONLY Y
0
TEXT
8
PART_ATTR
10
0
20
528.8004199475
40
70
1
SYSTEM Y
0
TEXT
8
PART_ATTR
10
0
20
408.8004199475
40
70
1
HIDDEN Y
0
TEXT
8
PART_ATTR
10
0
20
288.8004199475
40
70
1
ATTRIBUTE DIE.WBRules.WToWDistance
0
TEXT
8
PART_ATTR
10
0
20
168.8004199475
40
70
1
TYPE FREETEXT
0
TEXT
8
PART_ATTR
10
0
20
48.8004199475
40
70
1
INHERITANCE  DECAL
0
TEXT
8
PART_ATTR
10
0
20
-71.1995800525
40
70
1
ECO_REGISTRATION N
0
TEXT
8
PART_ATTR
10
0
20
-191.1995800525
40
70
1
READONLY Y
0
TEXT
8
PART_ATTR
10
0
20
-311.1995800525
40
70
1
SYSTEM Y
0
TEXT
8
PART_ATTR
10
0
20
-431.1995800525
40
70
1
HIDDEN Y
0
TEXT
8
PART_ATTR
10
0
20
-551.1995800525
40
70
1
ATTRIBUTE DIE.WBRules.WBtoPad
0
TEXT
8
PART_ATTR
10
0
20
-671.1995800525
40
70
1
TYPE FREETEXT
0
TEXT
8
PART_ATTR
10
0
20
-791.1995800525
40
70
1
INHERITANCE  DECAL
0
TEXT
8
PART_ATTR
10
0
20
-911.1995800525
40
70
1
ECO_REGISTRATION N
0
TEXT
8
PART_ATTR
10
0
20
-1031.1995800525
40
70
1
READONLY Y
0
TEXT
8
PART_ATTR
10
0
20
-1151.1995800525
40
70
1
SYSTEM Y
0
TEXT
8
PART_ATTR
10
0
20
-1271.1995800525
40
70
1
HIDDEN Y
0
TEXT
8
PART_ATTR
10
0
20
-1391.1995800525
40
70
1
ATTRIBUTE DIE.WBRules.MaxAngle
0
TEXT
8
PART_ATTR
10
0
20
-1511.1995800525
40
70
1
TYPE FREETEXT
0
TEXT
8
PART_ATTR
10
0
20
-1631.1995800525
40
70
1
INHERITANCE  DECAL
0
TEXT
8
PART_ATTR
10
0
20
-1751.1995800525
40
70
1
ECO_REGISTRATION N
0
TEXT
8
PART_ATTR
10
0
20
-1871.1995800525
40
70
1
READONLY Y
0
TEXT
8
PART_ATTR
10
0
20
-1991.1995800525
40
70
1
SYSTEM Y
0
TEXT
8
PART_ATTR
10
0
20
-2111.1995800525
40
70
1
HIDDEN Y
0
TEXT
8
PART_ATTR
10
0
20
-2231.1995800525
40
70
1
ATTRIBUTE DIE.SBPCount
0
TEXT
8
PART_ATTR
10
0
20
-2351.1995800525
40
70
1
TYPE FREETEXT
0
TEXT
8
PART_ATTR
10
0
20
-2471.1995800525
40
70
1
INHERITANCE  DECAL
0
TEXT
8
PART_ATTR
10
0
20
-2591.1995800525
40
70
1
ECO_REGISTRATION N
0
TEXT
8
PART_ATTR
10
0
20
-2711.1995800525
40
70
1
READONLY Y
0
TEXT
8
PART_ATTR
10
0
20
-2831.1995800525
40
70
1
SYSTEM Y
0
TEXT
8
PART_ATTR
10
0
20
-2951.1995800525
40
70
1
HIDDEN Y
0
TEXT
8
PART_ATTR
10
0
20
-3071.1995800525
40
70
1
ATTRIBUTE DIE.SBP1
0
TEXT
8
PART_ATTR
10
0
20
-3191.1995800525
40
70
1
TYPE FREETEXT
0
TEXT
8
PART_ATTR
10
0
20
-3311.1995800525
40
70
1
INHERITANCE  DECAL
0
TEXT
8
PART_ATTR
10
0
20
-3431.1995800525
40
70
1
ECO_REGISTRATION N
0
TEXT
8
PART_ATTR
10
0
20
-3551.1995800525
40
70
1
READONLY Y
0
TEXT
8
PART_ATTR
10
0
20
-3671.1995800525
40
70
1
SYSTEM Y
0
TEXT
8
PART_ATTR
10
0
20
-3791.1995800525
40
70
1
HIDDEN Y
0
TEXT
8
PART_ATTR
10
0
20
-3911.1995800525
40
70
1
ATTRIBUTE DIE.CBPCount
0
TEXT
8
PART_ATTR
10
0
20
-4031.1995800525
40
70
1
TYPE FREETEXT
0
TEXT
8
PART_ATTR
10
0
20
-4151.1995800525
40
70
1
INHERITANCE  DECAL
0
TEXT
8
PART_ATTR
10
0
20
-4271.1995800525
40
70
1
ECO_REGISTRATION N
0
TEXT
8
PART_ATTR
10
0
20
-4391.1995800525
40
70
1
READONLY Y
0
TEXT
8
PART_ATTR
10
0
20
-4511.1995800525
40
70
1
SYSTEM Y
0
TEXT
8
PART_ATTR
10
0
20
-4631.1995800525
40
70
1
HIDDEN Y
0
TEXT
8
PART_ATTR
10
0
20
-4751.1995800525
40
70
1
ATTRIBUTE DIE.CBP1
0
TEXT
8
PART_ATTR
10
0
20
-4871.1995800525
40
70
1
TYPE FREETEXT
0
TEXT
8
PART_ATTR
10
0
20
-4991.1995800525
40
70
1
INHERITANCE  DECAL
0
TEXT
8
PART_ATTR
10
0
20
-5111.1995800525
40
70
1
ECO_REGISTRATION N
0
TEXT
8
PART_ATTR
10
0
20
-5231.1995800525
40
70
1
READONLY Y
0
TEXT
8
PART_ATTR
10
0
20
-5351.1995800525
40
70
1
SYSTEM Y
0
TEXT
8
PART_ATTR
10
0
20
-5471.1995800525
40
70
1
HIDDEN Y
0
TEXT
8
PART_ATTR
10
0
20
-5591.1995800525
40
70
1
ATTRIBUTE DIE.WBCount
0
TEXT
8
PART_ATTR
10
0
20
-5711.1995800525
40
70
1
TYPE FREETEXT
0
TEXT
8
PART_ATTR
10
0
20
-5831.1995800525
40
70
1
INHERITANCE  DECAL
0
TEXT
8
PART_ATTR
10
0
20
-5951.1995800525
40
70
1
ECO_REGISTRATION N
0
TEXT
8
PART_ATTR
10
0
20
-6071.1995800525
40
70
1
READONLY Y
0
TEXT
8
PART_ATTR
10
0
20
-6191.1995800525
40
70
1
SYSTEM Y
0
TEXT
8
PART_ATTR
10
0
20
-6311.1995800525
40
70
1
HIDDEN Y
0
TEXT
8
PART_ATTR
10
0
20
-6431.1995800525
40
70
1
ATTRIBUTE DIE.WB1
0
TEXT
8
PART_ATTR
10
0
20
-6551.1995800525
40
70
1
TYPE FREETEXT
0
TEXT
8
PART_ATTR
10
0
20
-6671.1995800525
40
70
1
INHERITANCE  DECAL
0
TEXT
8
PART_ATTR
10
0
20
-6791.1995800525
40
70
1
ECO_REGISTRATION N
0
TEXT
8
PART_ATTR
10
0
20
-6911.1995800525
40
70
1
READONLY Y
0
TEXT
8
PART_ATTR
10
0
20
-7031.1995800525
40
70
1
SYSTEM Y
0
TEXT
8
PART_ATTR
10
0
20
-7151.1995800525
40
70
1
HIDDEN Y
0
TEXT
8
PART_ATTR
10
0
20
-7271.1995800525
40
70
1
ATTRIBUTE DIE.SBPGuideCount
0
TEXT
8
PART_ATTR
10
0
20
-7391.1995800525
40
70
1
TYPE FREETEXT
0
TEXT
8
PART_ATTR
10
0
20
-7511.1995800525
40
70
1
INHERITANCE  DECAL
0
TEXT
8
PART_ATTR
10
0
20
-7631.1995800525
40
70
1
ECO_REGISTRATION N
0
TEXT
8
PART_ATTR
10
0
20
-7751.1995800525
40
70
1
READONLY Y
0
TEXT
8
PART_ATTR
10
0
20
-7871.1995800525
40
70
1
SYSTEM Y
0
TEXT
8
PART_ATTR
10
0
20
-7991.1995800525
40
70
1
HIDDEN Y
0
TEXT
8
PART_ATTR
10
0
20
-8111.1995800525
40
70
1
ATTRIBUTE DIE.SBPGuide1
0
TEXT
8
PART_ATTR
10
0
20
-8231.1995800525
40
70
1
TYPE FREETEXT
0
TEXT
8
PART_ATTR
10
0
20
-8351.1995800525
40
70
1
INHERITANCE  DECAL
0
TEXT
8
PART_ATTR
10
0
20
-8471.1995800525
40
70
1
ECO_REGISTRATION N
0
TEXT
8
PART_ATTR
10
0
20
-8591.1995800525
40
70
1
READONLY Y
0
TEXT
8
PART_ATTR
10
0
20
-8711.1995800525
40
70
1
SYSTEM Y
0
TEXT
8
PART_ATTR
10
0
20
-8831.1995800525
40
70
1
HIDDEN Y
0
TEXT
8
PART_ATTR
10
0
20
-8951.1995800525
40
70
1
ATTRIBUTE DIE.CBPAssignment1
0
TEXT
8
PART_ATTR
10
0
20
-9071.1995800525
40
70
1
TYPE FREETEXT
0
TEXT
8
PART_ATTR
10
0
20
-9191.1995800525
40
70
1
INHERITANCE  DECAL
0
TEXT
8
PART_ATTR
10
0
20
-9311.1995800525
40
70
1
ECO_REGISTRATION N
0
TEXT
8
PART_ATTR
10
0
20
-9431.1995800525
40
70
1
READONLY Y
0
TEXT
8
PART_ATTR
10
0
20
-9551.1995800525
40
70
1
SYSTEM Y
0
TEXT
8
PART_ATTR
10
0
20
-9671.1995800525
40
70
1
HIDDEN Y
0
TEXT
8
PART_ATTR
10
0
20
-9791.1995800525
40
70
1
ATTRIBUTE AutoDimensioning.Marker_Shape
0
TEXT
8
PART_ATTR
10
0
20
-9911.1995800525
40
70
1
TYPE FREETEXT
0
TEXT
8
PART_ATTR
10
0
20
-10031.1995800525
40
70
1
INHERITANCE  PCB
0
TEXT
8
PART_ATTR
10
0
20
-10151.1995800525
40
70
1
ECO_REGISTRATION N
0
TEXT
8
PART_ATTR
10
0
20
-10271.1995800525
40
70
1
READONLY Y
0
TEXT
8
PART_ATTR
10
0
20
-10391.1995800525
40
70
1
SYSTEM Y
0
TEXT
8
PART_ATTR
10
0
20
-10511.1995800525
40
70
1
HIDDEN Y
0
TEXT
8
PART_ATTR
10
0
20
-10631.1995800525
40
70
1
ATTRIBUTE AutoDimensioning.Text_NumberPrecision
0
TEXT
8
PART_ATTR
10
0
20
-10751.1995800525
40
70
1
TYPE FREETEXT
0
TEXT
8
PART_ATTR
10
0
20
-10871.1995800525
40
70
1
INHERITANCE  PCB
0
TEXT
8
PART_ATTR
10
0
20
-10991.1995800525
40
70
1
ECO_REGISTRATION N
0
TEXT
8
PART_ATTR
10
0
20
-11111.1995800525
40
70
1
READONLY Y
0
TEXT
8
PART_ATTR
10
0
20
-11231.1995800525
40
70
1
SYSTEM Y
0
TEXT
8
PART_ATTR
10
0
20
-11351.1995800525
40
70
1
HIDDEN Y
0
TEXT
8
PART_ATTR
10
0
20
-11471.1995800525
40
70
1
ATTRIBUTE AutoDimensioning.Text_AngularPrecision
0
TEXT
8
PART_ATTR
10
0
20
-11591.1995800525
40
70
1
TYPE FREETEXT
0
TEXT
8
PART_ATTR
10
0
20
-11711.1995800525
40
70
1
INHERITANCE  PCB
0
TEXT
8
PART_ATTR
10
0
20
-11831.1995800525
40
70
1
ECO_REGISTRATION N
0
TEXT
8
PART_ATTR
10
0
20
-11951.1995800525
40
70
1
READONLY Y
0
TEXT
8
PART_ATTR
10
0
20
-12071.1995800525
40
70
1
SYSTEM Y
0
TEXT
8
PART_ATTR
10
0
20
-12191.1995800525
40
70
1
HIDDEN Y
0
TEXT
8
PART_ATTR
10
0
20
-12311.1995800525
40
70
1
ATTRIBUTE AutoDimensioning.Text_Suffix
0
TEXT
8
PART_ATTR
10
0
20
-12431.1995800525
40
70
1
TYPE FREETEXT
0
TEXT
8
PART_ATTR
10
0
20
-12551.1995800525
40
70
1
INHERITANCE  PCB
0
TEXT
8
PART_ATTR
10
0
20
-12671.1995800525
40
70
1
ECO_REGISTRATION N
0
TEXT
8
PART_ATTR
10
0
20
-12791.1995800525
40
70
1
READONLY Y
0
TEXT
8
PART_ATTR
10
0
20
-12911.1995800525
40
70
1
SYSTEM Y
0
TEXT
8
PART_ATTR
10
0
20
-13031.1995800525
40
70
1
HIDDEN Y
0
TEXT
8
PART_ATTR
10
0
20
-13151.1995800525
40
70
1
ATTRIBUTE AutoDimensioning.Text_Layer
0
TEXT
8
PART_ATTR
10
0
20
-13271.1995800525
40
70
1
TYPE INTEGER
0
TEXT
8
PART_ATTR
10
0
20
-13391.1995800525
40
70
1
MIN 0
0
TEXT
8
PART_ATTR
10
0
20
-13511.1995800525
40
70
1
MAX 250
0
TEXT
8
PART_ATTR
10
0
20
-13631.1995800525
40
70
1
INHERITANCE  PCB
0
TEXT
8
PART_ATTR
10
0
20
-13751.1995800525
40
70
1
ECO_REGISTRATION N
0
TEXT
8
PART_ATTR
10
0
20
-13871.1995800525
40
70
1
READONLY Y
0
TEXT
8
PART_ATTR
10
0
20
-13991.1995800525
40
70
1
SYSTEM Y
0
TEXT
8
PART_ATTR
10
0
20
-14111.1995800525
40
70
1
HIDDEN Y
0
TEXT
8
PART_ATTR
10
0
20
-14231.1995800525
40
70
1
ATTRIBUTE AutoDimensioning.Line_Layer
0
TEXT
8
PART_ATTR
10
0
20
-14351.1995800525
40
70
1
TYPE INTEGER
0
TEXT
8
PART_ATTR
10
0
20
-14471.1995800525
40
70
1
MIN 0
0
TEXT
8
PART_ATTR
10
0
20
-14591.1995800525
40
70
1
MAX 250
0
TEXT
8
PART_ATTR
10
0
20
-14711.1995800525
40
70
1
INHERITANCE  PCB
0
TEXT
8
PART_ATTR
10
0
20
-14831.1995800525
40
70
1
ECO_REGISTRATION N
0
TEXT
8
PART_ATTR
10
0
20
-14951.1995800525
40
70
1
READONLY Y
0
TEXT
8
PART_ATTR
10
0
20
-15071.1995800525
40
70
1
SYSTEM Y
0
TEXT
8
PART_ATTR
10
0
20
-15191.1995800525
40
70
1
HIDDEN Y
0
TEXT
8
PART_ATTR
10
0
20
-15311.1995800525
40
70
1
ATTRIBUTE AutoDimensioning.Preview_Type
0
TEXT
8
PART_ATTR
10
0
20
-15431.1995800525
40
70
1
TYPE INTEGER
0
TEXT
8
PART_ATTR
10
0
20
-15551.1995800525
40
70
1
MIN 1
0
TEXT
8
PART_ATTR
10
0
20
-15671.1995800525
40
70
1
MAX 5
0
TEXT
8
PART_ATTR
10
0
20
-15791.1995800525
40
70
1
INHERITANCE  PCB
0
TEXT
8
PART_ATTR
10
0
20
-15911.1995800525
40
70
1
ECO_REGISTRATION N
0
TEXT
8
PART_ATTR
10
0
20
-16031.1995800525
40
70
1
READONLY Y
0
TEXT
8
PART_ATTR
10
0
20
-16151.1995800525
40
70
1
SYSTEM Y
0
TEXT
8
PART_ATTR
10
0
20
-16271.1995800525
40
70
1
HIDDEN Y
0
TEXT
8
PART_ATTR
10
0
20
-16391.1995800525
40
70
1
ATTRIBUTE AutoDimensioning.Text_DisplacementValue
0
TEXT
8
PART_ATTR
10
0
20
-16511.1995800525
40
70
1
TYPE INTEGER
0
TEXT
8
PART_ATTR
10
0
20
-16631.1995800525
40
70
1
MIN 0
0
TEXT
8
PART_ATTR
10
0
20
-16751.1995800525
40
70
1
MAX 38100000
0
TEXT
8
PART_ATTR
10
0
20
-16871.1995800525
40
70
1
INHERITANCE  PCB
0
TEXT
8
PART_ATTR
10
0
20
-16991.1995800525
40
70
1
ECO_REGISTRATION N
0
TEXT
8
PART_ATTR
10
0
20
-17111.1995800525
40
70
1
READONLY N
0
TEXT
8
PART_ATTR
10
0
20
-17231.1995800525
40
70
1
SYSTEM N
0
TEXT
8
PART_ATTR
10
0
20
-17351.1995800525
40
70
1
HIDDEN N
0
TEXT
8
PART_ATTR
10
0
20
-17471.1995800525
40
70
1
ATTRIBUTE Rules.PadEntry.Side
0
TEXT
8
PART_ATTR
10
0
20
-17591.1995800525
40
70
1
TYPE BOOLEAN
0
TEXT
8
PART_ATTR
10
0
20
-17711.1995800525
40
70
1
INHERITANCE  PCB
0
TEXT
8
PART_ATTR
10
0
20
-17831.1995800525
40
70
1
INHERITANCE  PART DECAL
0
TEXT
8
PART_ATTR
10
0
20
-17951.1995800525
40
70
1
ECO_REGISTRATION N
0
TEXT
8
PART_ATTR
10
0
20
-18071.1995800525
40
70
1
READONLY Y
0
TEXT
8
PART_ATTR
10
0
20
-18191.1995800525
40
70
1
SYSTEM Y
0
TEXT
8
PART_ATTR
10
0
20
-18311.1995800525
40
70
1
HIDDEN Y
0
TEXT
8
PART_ATTR
10
0
20
-18431.1995800525
40
70
1
ATTRIBUTE Rules.PadEntry.Corner
0
TEXT
8
PART_ATTR
10
0
20
-18551.1995800525
40
70
1
TYPE BOOLEAN
0
TEXT
8
PART_ATTR
10
0
20
-18671.1995800525
40
70
1
INHERITANCE  PCB
0
TEXT
8
PART_ATTR
10
0
20
-18791.1995800525
40
70
1
INHERITANCE  PART DECAL
0
TEXT
8
PART_ATTR
10
0
20
-18911.1995800525
40
70
1
ECO_REGISTRATION N
0
TEXT
8
PART_ATTR
10
0
20
-19031.1995800525
40
70
1
READONLY Y
0
TEXT
8
PART_ATTR
10
0
20
-19151.1995800525
40
70
1
SYSTEM Y
0
TEXT
8
PART_ATTR
10
0
20
-19271.1995800525
40
70
1
HIDDEN Y
0
TEXT
8
PART_ATTR
10
0
20
-19391.1995800525
40
70
1
ATTRIBUTE Rules.PadEntry.AnyAngle
0
TEXT
8
PART_ATTR
10
0
20
-19511.1995800525
40
70
1
TYPE BOOLEAN
0
TEXT
8
PART_ATTR
10
0
20
-19631.1995800525
40
70
1
INHERITANCE  PCB
0
TEXT
8
PART_ATTR
10
0
20
-19751.1995800525
40
70
1
INHERITANCE  PART DECAL
0
TEXT
8
PART_ATTR
10
0
20
-19871.1995800525
40
70
1
ECO_REGISTRATION N
0
TEXT
8
PART_ATTR
10
0
20
-19991.1995800525
40
70
1
READONLY Y
0
TEXT
8
PART_ATTR
10
0
20
-20111.1995800525
40
70
1
SYSTEM Y
0
TEXT
8
PART_ATTR
10
0
20
-20231.1995800525
40
70
1
HIDDEN Y
0
TEXT
8
PART_ATTR
10
0
20
-20351.1995800525
40
70
1
ATTRIBUTE Rules.PadEntry.Soft
0
TEXT
8
PART_ATTR
10
0
20
-20471.1995800525
40
70
1
TYPE BOOLEAN
0
TEXT
8
PART_ATTR
10
0
20
-20591.1995800525
40
70
1
INHERITANCE  PCB
0
TEXT
8
PART_ATTR
10
0
20
-20711.1995800525
40
70
1
INHERITANCE  PART DECAL
0
TEXT
8
PART_ATTR
10
0
20
-20831.1995800525
40
70
1
ECO_REGISTRATION N
0
TEXT
8
PART_ATTR
10
0
20
-20951.1995800525
40
70
1
READONLY Y
0
TEXT
8
PART_ATTR
10
0
20
-21071.1995800525
40
70
1
SYSTEM Y
0
TEXT
8
PART_ATTR
10
0
20
-21191.1995800525
40
70
1
HIDDEN Y
0
TEXT
8
PART_ATTR
10
0
20
-21311.1995800525
40
70
1
ATTRIBUTE Rules.ViaAtSMD
0
TEXT
8
PART_ATTR
10
0
20
-21431.1995800525
40
70
1
TYPE BOOLEAN
0
TEXT
8
PART_ATTR
10
0
20
-21551.1995800525
40
70
1
INHERITANCE  PCB
0
TEXT
8
PART_ATTR
10
0
20
-21671.1995800525
40
70
1
INHERITANCE  PART DECAL
0
TEXT
8
PART_ATTR
10
0
20
-21791.1995800525
40
70
1
ECO_REGISTRATION N
0
TEXT
8
PART_ATTR
10
0
20
-21911.1995800525
40
70
1
READONLY Y
0
TEXT
8
PART_ATTR
10
0
20
-22031.1995800525
40
70
1
SYSTEM Y
0
TEXT
8
PART_ATTR
10
0
20
-22151.1995800525
40
70
1
HIDDEN Y
0
TEXT
8
PART_ATTR
10
0
20
-22271.1995800525
40
70
1
ATTRIBUTE Rules.ViaAtSMD.FitInside
0
TEXT
8
PART_ATTR
10
0
20
-22391.1995800525
40
70
1
TYPE BOOLEAN
0
TEXT
8
PART_ATTR
10
0
20
-22511.1995800525
40
70
1
INHERITANCE  PCB
0
TEXT
8
PART_ATTR
10
0
20
-22631.1995800525
40
70
1
INHERITANCE  PART DECAL
0
TEXT
8
PART_ATTR
10
0
20
-22751.1995800525
40
70
1
ECO_REGISTRATION N
0
TEXT
8
PART_ATTR
10
0
20
-22871.1995800525
40
70
1
READONLY Y
0
TEXT
8
PART_ATTR
10
0
20
-22991.1995800525
40
70
1
SYSTEM Y
0
TEXT
8
PART_ATTR
10
0
20
-23111.1995800525
40
70
1
HIDDEN Y
0
TEXT
8
PART_ATTR
10
0
20
-23231.1995800525
40
70
1
ATTRIBUTE Rules.ViaAtSMD.Center
0
TEXT
8
PART_ATTR
10
0
20
-23351.1995800525
40
70
1
TYPE BOOLEAN
0
TEXT
8
PART_ATTR
10
0
20
-23471.1995800525
40
70
1
INHERITANCE  PCB
0
TEXT
8
PART_ATTR
10
0
20
-23591.1995800525
40
70
1
INHERITANCE  PART DECAL
0
TEXT
8
PART_ATTR
10
0
20
-23711.1995800525
40
70
1
ECO_REGISTRATION N
0
TEXT
8
PART_ATTR
10
0
20
-23831.1995800525
40
70
1
READONLY Y
0
TEXT
8
PART_ATTR
10
0
20
-23951.1995800525
40
70
1
SYSTEM Y
0
TEXT
8
PART_ATTR
10
0
20
-24071.1995800525
40
70
1
HIDDEN Y
0
TEXT
8
PART_ATTR
10
0
20
-24191.1995800525
40
70
1
ATTRIBUTE Rules.ViaAtSMD.Ends
0
TEXT
8
PART_ATTR
10
0
20
-24311.1995800525
40
70
1
TYPE BOOLEAN
0
TEXT
8
PART_ATTR
10
0
20
-24431.1995800525
40
70
1
INHERITANCE  PCB
0
TEXT
8
PART_ATTR
10
0
20
-24551.1995800525
40
70
1
INHERITANCE  PART DECAL
0
TEXT
8
PART_ATTR
10
0
20
-24671.1995800525
40
70
1
ECO_REGISTRATION N
0
TEXT
8
PART_ATTR
10
0
20
-24791.1995800525
40
70
1
READONLY Y
0
TEXT
8
PART_ATTR
10
0
20
-24911.1995800525
40
70
1
SYSTEM Y
0
TEXT
8
PART_ATTR
10
0
20
-25031.1995800525
40
70
1
HIDDEN Y
0
TEXT
8
PART_ATTR
10
0
20
-25151.1995800525
40
70
1
ATTRIBUTE Rules.Fanout.Alignment
0
TEXT
8
PART_ATTR
10
0
20
-25271.1995800525
40
70
1
TYPE LIST N
0
TEXT
8
PART_ATTR
10
0
20
-25391.1995800525
40
70
1
LIST Aligned
0
TEXT
8
PART_ATTR
10
0
20
-25511.1995800525
40
70
1
LIST Alternate
0
TEXT
8
PART_ATTR
10
0
20
-25631.1995800525
40
70
1
INHERITANCE  PCB
0
TEXT
8
PART_ATTR
10
0
20
-25751.1995800525
40
70
1
INHERITANCE  PART DECAL
0
TEXT
8
PART_ATTR
10
0
20
-25871.1995800525
40
70
1
ECO_REGISTRATION N
0
TEXT
8
PART_ATTR
10
0
20
-25991.1995800525
40
70
1
READONLY Y
0
TEXT
8
PART_ATTR
10
0
20
-26111.1995800525
40
70
1
SYSTEM Y
0
TEXT
8
PART_ATTR
10
0
20
-26231.1995800525
40
70
1
HIDDEN Y
0
TEXT
8
PART_ATTR
10
0
20
-26351.1995800525
40
70
1
ATTRIBUTE Rules.Fanout.Alignment.Multi-Row
0
TEXT
8
PART_ATTR
10
0
20
-26471.1995800525
40
70
1
TYPE BOOLEAN
0
TEXT
8
PART_ATTR
10
0
20
-26591.1995800525
40
70
1
INHERITANCE  PCB
0
TEXT
8
PART_ATTR
10
0
20
-26711.1995800525
40
70
1
INHERITANCE  PART DECAL
0
TEXT
8
PART_ATTR
10
0
20
-26831.1995800525
40
70
1
ECO_REGISTRATION N
0
TEXT
8
PART_ATTR
10
0
20
-26951.1995800525
40
70
1
READONLY Y
0
TEXT
8
PART_ATTR
10
0
20
-27071.1995800525
40
70
1
SYSTEM Y
0
TEXT
8
PART_ATTR
10
0
20
-27191.1995800525
40
70
1
HIDDEN Y
0
TEXT
8
PART_ATTR
10
0
20
-27311.1995800525
40
70
1
ATTRIBUTE Rules.Fanout.Direction
0
TEXT
8
PART_ATTR
10
0
20
-27431.1995800525
40
70
1
TYPE LIST N
0
TEXT
8
PART_ATTR
10
0
20
-27551.1995800525
40
70
1
LIST Inside
0
TEXT
8
PART_ATTR
10
0
20
-27671.1995800525
40
70
1
LIST Outside
0
TEXT
8
PART_ATTR
10
0
20
-27791.1995800525
40
70
1
LIST Both Sides
0
TEXT
8
PART_ATTR
10
0
20
-27911.1995800525
40
70
1
INHERITANCE  PCB
0
TEXT
8
PART_ATTR
10
0
20
-28031.1995800525
40
70
1
INHERITANCE  PART DECAL
0
TEXT
8
PART_ATTR
10
0
20
-28151.1995800525
40
70
1
ECO_REGISTRATION N
0
TEXT
8
PART_ATTR
10
0
20
-28271.1995800525
40
70
1
READONLY Y
0
TEXT
8
PART_ATTR
10
0
20
-28391.1995800525
40
70
1
SYSTEM Y
0
TEXT
8
PART_ATTR
10
0
20
-28511.1995800525
40
70
1
HIDDEN Y
0
TEXT
8
PART_ATTR
10
0
20
-28631.1995800525
40
70
1
ATTRIBUTE Rules.Fanout.ViaSpacing
0
TEXT
8
PART_ATTR
10
0
20
-28751.1995800525
40
70
1
TYPE LIST N
0
TEXT
8
PART_ATTR
10
0
20
-28871.1995800525
40
70
1
LIST Use Grid
0
TEXT
8
PART_ATTR
10
0
20
-28991.1995800525
40
70
1
LIST 1 Trace
0
TEXT
8
PART_ATTR
10
0
20
-29111.1995800525
40
70
1
LIST 2 Trace
0
TEXT
8
PART_ATTR
10
0
20
-29231.1995800525
40
70
1
INHERITANCE  PCB
0
TEXT
8
PART_ATTR
10
0
20
-29351.1995800525
40
70
1
INHERITANCE  PART DECAL
0
TEXT
8
PART_ATTR
10
0
20
-29471.1995800525
40
70
1
ECO_REGISTRATION N
0
TEXT
8
PART_ATTR
10
0
20
-29591.1995800525
40
70
1
READONLY Y
0
TEXT
8
PART_ATTR
10
0
20
-29711.1995800525
40
70
1
SYSTEM Y
0
TEXT
8
PART_ATTR
10
0
20
-29831.1995800525
40
70
1
HIDDEN Y
0
TEXT
8
PART_ATTR
10
0
20
-29951.1995800525
40
70
1
ATTRIBUTE Rules.Fanout.Sharing.Pin
0
TEXT
8
PART_ATTR
10
0
20
-30071.1995800525
40
70
1
TYPE BOOLEAN
0
TEXT
8
PART_ATTR
10
0
20
-30191.1995800525
40
70
1
INHERITANCE  PCB
0
TEXT
8
PART_ATTR
10
0
20
-30311.1995800525
40
70
1
INHERITANCE  PART DECAL
0
TEXT
8
PART_ATTR
10
0
20
-30431.1995800525
40
70
1
ECO_REGISTRATION N
0
TEXT
8
PART_ATTR
10
0
20
-30551.1995800525
40
70
1
READONLY Y
0
TEXT
8
PART_ATTR
10
0
20
-30671.1995800525
40
70
1
SYSTEM Y
0
TEXT
8
PART_ATTR
10
0
20
-30791.1995800525
40
70
1
HIDDEN Y
0
TEXT
8
PART_ATTR
10
0
20
-30911.1995800525
40
70
1
ATTRIBUTE Rules.Fanout.Sharing.SMD
0
TEXT
8
PART_ATTR
10
0
20
-31031.1995800525
40
70
1
TYPE BOOLEAN
0
TEXT
8
PART_ATTR
10
0
20
-31151.1995800525
40
70
1
INHERITANCE  PCB
0
TEXT
8
PART_ATTR
10
0
20
-31271.1995800525
40
70
1
INHERITANCE  PART DECAL
0
TEXT
8
PART_ATTR
10
0
20
-31391.1995800525
40
70
1
ECO_REGISTRATION N
0
TEXT
8
PART_ATTR
10
0
20
-31511.1995800525
40
70
1
READONLY Y
0
TEXT
8
PART_ATTR
10
0
20
-31631.1995800525
40
70
1
SYSTEM Y
0
TEXT
8
PART_ATTR
10
0
20
-31751.1995800525
40
70
1
HIDDEN Y
0
TEXT
8
PART_ATTR
10
0
20
-31871.1995800525
40
70
1
ATTRIBUTE Rules.Fanout.Sharing.Via
0
TEXT
8
PART_ATTR
10
0
20
-31991.1995800525
40
70
1
TYPE BOOLEAN
0
TEXT
8
PART_ATTR
10
0
20
-32111.1995800525
40
70
1
INHERITANCE  PCB
0
TEXT
8
PART_ATTR
10
0
20
-32231.1995800525
40
70
1
INHERITANCE  PART DECAL
0
TEXT
8
PART_ATTR
10
0
20
-32351.1995800525
40
70
1
ECO_REGISTRATION N
0
TEXT
8
PART_ATTR
10
0
20
-32471.1995800525
40
70
1
READONLY Y
0
TEXT
8
PART_ATTR
10
0
20
-32591.1995800525
40
70
1
SYSTEM Y
0
TEXT
8
PART_ATTR
10
0
20
-32711.1995800525
40
70
1
HIDDEN Y
0
TEXT
8
PART_ATTR
10
0
20
-32831.1995800525
40
70
1
ATTRIBUTE Rules.Fanout.Sharing.Trace
0
TEXT
8
PART_ATTR
10
0
20
-32951.1995800525
40
70
1
TYPE BOOLEAN
0
TEXT
8
PART_ATTR
10
0
20
-33071.1995800525
40
70
1
INHERITANCE  PCB
0
TEXT
8
PART_ATTR
10
0
20
-33191.1995800525
40
70
1
INHERITANCE  PART DECAL
0
TEXT
8
PART_ATTR
10
0
20
-33311.1995800525
40
70
1
ECO_REGISTRATION N
0
TEXT
8
PART_ATTR
10
0
20
-33431.1995800525
40
70
1
READONLY Y
0
TEXT
8
PART_ATTR
10
0
20
-33551.1995800525
40
70
1
SYSTEM Y
0
TEXT
8
PART_ATTR
10
0
20
-33671.1995800525
40
70
1
HIDDEN Y
0
TEXT
8
PART_ATTR
10
0
20
-33791.1995800525
40
70
1
ATTRIBUTE Rules.Fanout.Nets.Plane
0
TEXT
8
PART_ATTR
10
0
20
-33911.1995800525
40
70
1
TYPE BOOLEAN
0
TEXT
8
PART_ATTR
10
0
20
-34031.1995800525
40
70
1
INHERITANCE  PCB
0
TEXT
8
PART_ATTR
10
0
20
-34151.1995800525
40
70
1
INHERITANCE  PART DECAL
0
TEXT
8
PART_ATTR
10
0
20
-34271.1995800525
40
70
1
ECO_REGISTRATION N
0
TEXT
8
PART_ATTR
10
0
20
-34391.1995800525
40
70
1
READONLY Y
0
TEXT
8
PART_ATTR
10
0
20
-34511.1995800525
40
70
1
SYSTEM Y
0
TEXT
8
PART_ATTR
10
0
20
-34631.1995800525
40
70
1
HIDDEN Y
0
TEXT
8
PART_ATTR
10
0
20
-34751.1995800525
40
70
1
ATTRIBUTE Rules.Fanout.Nets.Signal
0
TEXT
8
PART_ATTR
10
0
20
-34871.1995800525
40
70
1
TYPE BOOLEAN
0
TEXT
8
PART_ATTR
10
0
20
-34991.1995800525
40
70
1
INHERITANCE  PCB
0
TEXT
8
PART_ATTR
10
0
20
-35111.1995800525
40
70
1
INHERITANCE  PART DECAL
0
TEXT
8
PART_ATTR
10
0
20
-35231.1995800525
40
70
1
ECO_REGISTRATION N
0
TEXT
8
PART_ATTR
10
0
20
-35351.1995800525
40
70
1
READONLY Y
0
TEXT
8
PART_ATTR
10
0
20
-35471.1995800525
40
70
1
SYSTEM Y
0
TEXT
8
PART_ATTR
10
0
20
-35591.1995800525
40
70
1
HIDDEN Y
0
TEXT
8
PART_ATTR
10
0
20
-35711.1995800525
40
70
1
ATTRIBUTE Rules.Fanout.Nets.UnusedPins
0
TEXT
8
PART_ATTR
10
0
20
-35831.1995800525
40
70
1
TYPE BOOLEAN
0
TEXT
8
PART_ATTR
10
0
20
-35951.1995800525
40
70
1
INHERITANCE  PCB
0
TEXT
8
PART_ATTR
10
0
20
-36071.1995800525
40
70
1
INHERITANCE  PART DECAL
0
TEXT
8
PART_ATTR
10
0
20
-36191.1995800525
40
70
1
ECO_REGISTRATION N
0
TEXT
8
PART_ATTR
10
0
20
-36311.1995800525
40
70
1
READONLY Y
0
TEXT
8
PART_ATTR
10
0
20
-36431.1995800525
40
70
1
SYSTEM Y
0
TEXT
8
PART_ATTR
10
0
20
-36551.1995800525
40
70
1
HIDDEN Y
0
TEXT
8
PART_ATTR
10
0
20
-36671.1995800525
40
70
1
ATTRIBUTE Rules.Fanout.Length.Unlimited
0
TEXT
8
PART_ATTR
10
0
20
-36791.1995800525
40
70
1
TYPE BOOLEAN
0
TEXT
8
PART_ATTR
10
0
20
-36911.1995800525
40
70
1
INHERITANCE  PCB
0
TEXT
8
PART_ATTR
10
0
20
-37031.1995800525
40
70
1
INHERITANCE  PART DECAL
0
TEXT
8
PART_ATTR
10
0
20
-37151.1995800525
40
70
1
ECO_REGISTRATION N
0
TEXT
8
PART_ATTR
10
0
20
-37271.1995800525
40
70
1
READONLY Y
0
TEXT
8
PART_ATTR
10
0
20
-37391.1995800525
40
70
1
SYSTEM Y
0
TEXT
8
PART_ATTR
10
0
20
-37511.1995800525
40
70
1
HIDDEN Y
0
TEXT
8
PART_ATTR
10
0
20
-37631.1995800525
40
70
1
ATTRIBUTE Rules.Fanout.Length.Maximum
0
TEXT
8
PART_ATTR
10
0
20
-37751.1995800525
40
70
1
TYPE QUANTITY
0
TEXT
8
PART_ATTR
10
0
20
-37871.1995800525
40
70
1
QUANTITY Size/Dimension
0
TEXT
8
PART_ATTR
10
0
20
-37991.1995800525
40
70
1
ABBR 
0
TEXT
8
PART_ATTR
10
0
20
-38111.1995800525
40
70
1
UNIT 
0
TEXT
8
PART_ATTR
10
0
20
-38231.1995800525
40
70
1
MIN 
0
TEXT
8
PART_ATTR
10
0
20
-38351.1995800525
40
70
1
MAX 2000.00mil
0
TEXT
8
PART_ATTR
10
0
20
-38471.1995800525
40
70
1
INHERITANCE  PCB
0
TEXT
8
PART_ATTR
10
0
20
-38591.1995800525
40
70
1
INHERITANCE  PART DECAL
0
TEXT
8
PART_ATTR
10
0
20
-38711.1995800525
40
70
1
ECO_REGISTRATION N
0
TEXT
8
PART_ATTR
10
0
20
-38831.1995800525
40
70
1
READONLY Y
0
TEXT
8
PART_ATTR
10
0
20
-38951.1995800525
40
70
1
SYSTEM Y
0
TEXT
8
PART_ATTR
10
0
20
-39071.1995800525
40
70
1
HIDDEN Y
0
TEXT
8
PART_ATTR
10
0
20
-39191.1995800525
40
70
1
ATTRIBUTE Rules.Fanout.AlignmentBGA
0
TEXT
8
PART_ATTR
10
0
20
-39311.1995800525
40
70
1
TYPE LIST N
0
TEXT
8
PART_ATTR
10
0
20
-39431.1995800525
40
70
1
LIST Quadrant
0
TEXT
8
PART_ATTR
10
0
20
-39551.1995800525
40
70
1
LIST Diagonal
0
TEXT
8
PART_ATTR
10
0
20
-39671.1995800525
40
70
1
LIST X-pattern
0
TEXT
8
PART_ATTR
10
0
20
-39791.1995800525
40
70
1
INHERITANCE  PCB
0
TEXT
8
PART_ATTR
10
0
20
-39911.1995800525
40
70
1
INHERITANCE  PART DECAL
0
TEXT
8
PART_ATTR
10
0
20
-40031.1995800525
40
70
1
ECO_REGISTRATION N
0
TEXT
8
PART_ATTR
10
0
20
-40151.1995800525
40
70
1
READONLY Y
0
TEXT
8
PART_ATTR
10
0
20
-40271.1995800525
40
70
1
SYSTEM Y
0
TEXT
8
PART_ATTR
10
0
20
-40391.1995800525
40
70
1
HIDDEN Y
0
TEXT
8
PART_ATTR
10
0
20
-40511.1995800525
40
70
1
ATTRIBUTE Rules.Fanout.DirectionBGA
0
TEXT
8
PART_ATTR
10
0
20
-40631.1995800525
40
70
1
TYPE LIST N
0
TEXT
8
PART_ATTR
10
0
20
-40751.1995800525
40
70
1
LIST 45
0
TEXT
8
PART_ATTR
10
0
20
-40871.1995800525
40
70
1
LIST 135
0
TEXT
8
PART_ATTR
10
0
20
-40991.1995800525
40
70
1
LIST 225
0
TEXT
8
PART_ATTR
10
0
20
-41111.1995800525
40
70
1
LIST 315
0
TEXT
8
PART_ATTR
10
0
20
-41231.1995800525
40
70
1
LIST Clockwise
0
TEXT
8
PART_ATTR
10
0
20
-41351.1995800525
40
70
1
LIST Counterclockwise
0
TEXT
8
PART_ATTR
10
0
20
-41471.1995800525
40
70
1
INHERITANCE  PCB
0
TEXT
8
PART_ATTR
10
0
20
-41591.1995800525
40
70
1
INHERITANCE  PART DECAL
0
TEXT
8
PART_ATTR
10
0
20
-41711.1995800525
40
70
1
ECO_REGISTRATION N
0
TEXT
8
PART_ATTR
10
0
20
-41831.1995800525
40
70
1
READONLY Y
0
TEXT
8
PART_ATTR
10
0
20
-41951.1995800525
40
70
1
SYSTEM Y
0
TEXT
8
PART_ATTR
10
0
20
-42071.1995800525
40
70
1
HIDDEN Y
0
TEXT
8
PART_ATTR
10
0
20
-42191.1995800525
40
70
1
ATTRIBUTE Rules.Fanout.DirectionBGAstaggered
0
TEXT
8
PART_ATTR
10
0
20
-42311.1995800525
40
70
1
TYPE LIST N
0
TEXT
8
PART_ATTR
10
0
20
-42431.1995800525
40
70
1
LIST Horizontal
0
TEXT
8
PART_ATTR
10
0
20
-42551.1995800525
40
70
1
LIST Vertical
0
TEXT
8
PART_ATTR
10
0
20
-42671.1995800525
40
70
1
INHERITANCE  PCB
0
TEXT
8
PART_ATTR
10
0
20
-42791.1995800525
40
70
1
INHERITANCE  PART DECAL
0
TEXT
8
PART_ATTR
10
0
20
-42911.1995800525
40
70
1
ECO_REGISTRATION N
0
TEXT
8
PART_ATTR
10
0
20
-43031.1995800525
40
70
1
READONLY Y
0
TEXT
8
PART_ATTR
10
0
20
-43151.1995800525
40
70
1
SYSTEM Y
0
TEXT
8
PART_ATTR
10
0
20
-43271.1995800525
40
70
1
HIDDEN Y
0
TEXT
8
PART_ATTR
10
0
20
-43391.1995800525
40
70
1
ATTRIBUTE Rules.Clearance.Trace.Trace
0
TEXT
8
PART_ATTR
10
0
20
-43511.1995800525
40
70
1
TYPE QUANTITY
0
TEXT
8
PART_ATTR
10
0
20
-43631.1995800525
40
70
1
QUANTITY Size/Dimension
0
TEXT
8
PART_ATTR
10
0
20
-43751.1995800525
40
70
1
ABBR 
0
TEXT
8
PART_ATTR
10
0
20
-43871.1995800525
40
70
1
UNIT 
0
TEXT
8
PART_ATTR
10
0
20
-43991.1995800525
40
70
1
MIN 
0
TEXT
8
PART_ATTR
10
0
20
-44111.1995800525
40
70
1
MAX 1000.00mil
0
TEXT
8
PART_ATTR
10
0
20
-44231.1995800525
40
70
1
INHERITANCE  PCB
0
TEXT
8
PART_ATTR
10
0
20
-44351.1995800525
40
70
1
INHERITANCE  PART DECAL
0
TEXT
8
PART_ATTR
10
0
20
-44471.1995800525
40
70
1
ECO_REGISTRATION N
0
TEXT
8
PART_ATTR
10
0
20
-44591.1995800525
40
70
1
READONLY Y
0
TEXT
8
PART_ATTR
10
0
20
-44711.1995800525
40
70
1
SYSTEM Y
0
TEXT
8
PART_ATTR
10
0
20
-44831.1995800525
40
70
1
HIDDEN Y
0
TEXT
8
PART_ATTR
10
0
20
-44951.1995800525
40
70
1
ATTRIBUTE Rules.Clearance.Via.Trace
0
TEXT
8
PART_ATTR
10
0
20
-45071.1995800525
40
70
1
TYPE QUANTITY
0
TEXT
8
PART_ATTR
10
0
20
-45191.1995800525
40
70
1
QUANTITY Size/Dimension
0
TEXT
8
PART_ATTR
10
0
20
-45311.1995800525
40
70
1
ABBR 
0
TEXT
8
PART_ATTR
10
0
20
-45431.1995800525
40
70
1
UNIT 
0
TEXT
8
PART_ATTR
10
0
20
-45551.1995800525
40
70
1
MIN 
0
TEXT
8
PART_ATTR
10
0
20
-45671.1995800525
40
70
1
MAX 1000.00mil
0
TEXT
8
PART_ATTR
10
0
20
-45791.1995800525
40
70
1
INHERITANCE  PCB
0
TEXT
8
PART_ATTR
10
0
20
-45911.1995800525
40
70
1
INHERITANCE  PART DECAL
0
TEXT
8
PART_ATTR
10
0
20
-46031.1995800525
40
70
1
ECO_REGISTRATION N
0
TEXT
8
PART_ATTR
10
0
20
-46151.1995800525
40
70
1
READONLY Y
0
TEXT
8
PART_ATTR
10
0
20
-46271.1995800525
40
70
1
SYSTEM Y
0
TEXT
8
PART_ATTR
10
0
20
-46391.1995800525
40
70
1
HIDDEN Y
0
TEXT
8
PART_ATTR
10
0
20
-46511.1995800525
40
70
1
ATTRIBUTE Rules.Clearance.Via.Via
0
TEXT
8
PART_ATTR
10
0
20
-46631.1995800525
40
70
1
TYPE QUANTITY
0
TEXT
8
PART_ATTR
10
0
20
-46751.1995800525
40
70
1
QUANTITY Size/Dimension
0
TEXT
8
PART_ATTR
10
0
20
-46871.1995800525
40
70
1
ABBR 
0
TEXT
8
PART_ATTR
10
0
20
-46991.1995800525
40
70
1
UNIT 
0
TEXT
8
PART_ATTR
10
0
20
-47111.1995800525
40
70
1
MIN 
0
TEXT
8
PART_ATTR
10
0
20
-47231.1995800525
40
70
1
MAX 1000.00mil
0
TEXT
8
PART_ATTR
10
0
20
-47351.1995800525
40
70
1
INHERITANCE  PCB
0
TEXT
8
PART_ATTR
10
0
20
-47471.1995800525
40
70
1
INHERITANCE  PART DECAL
0
TEXT
8
PART_ATTR
10
0
20
-47591.1995800525
40
70
1
ECO_REGISTRATION N
0
TEXT
8
PART_ATTR
10
0
20
-47711.1995800525
40
70
1
READONLY Y
0
TEXT
8
PART_ATTR
10
0
20
-47831.1995800525
40
70
1
SYSTEM Y
0
TEXT
8
PART_ATTR
10
0
20
-47951.1995800525
40
70
1
HIDDEN Y
0
TEXT
8
PART_ATTR
10
0
20
-48071.1995800525
40
70
1
ATTRIBUTE Rules.Clearance.Pad.Trace
0
TEXT
8
PART_ATTR
10
0
20
-48191.1995800525
40
70
1
TYPE QUANTITY
0
TEXT
8
PART_ATTR
10
0
20
-48311.1995800525
40
70
1
QUANTITY Size/Dimension
0
TEXT
8
PART_ATTR
10
0
20
-48431.1995800525
40
70
1
ABBR 
0
TEXT
8
PART_ATTR
10
0
20
-48551.1995800525
40
70
1
UNIT 
0
TEXT
8
PART_ATTR
10
0
20
-48671.1995800525
40
70
1
MIN 
0
TEXT
8
PART_ATTR
10
0
20
-48791.1995800525
40
70
1
MAX 1000.00mil
0
TEXT
8
PART_ATTR
10
0
20
-48911.1995800525
40
70
1
INHERITANCE  PCB
0
TEXT
8
PART_ATTR
10
0
20
-49031.1995800525
40
70
1
INHERITANCE  PART DECAL
0
TEXT
8
PART_ATTR
10
0
20
-49151.1995800525
40
70
1
ECO_REGISTRATION N
0
TEXT
8
PART_ATTR
10
0
20
-49271.1995800525
40
70
1
READONLY Y
0
TEXT
8
PART_ATTR
10
0
20
-49391.1995800525
40
70
1
SYSTEM Y
0
TEXT
8
PART_ATTR
10
0
20
-49511.1995800525
40
70
1
HIDDEN Y
0
TEXT
8
PART_ATTR
10
0
20
-49631.1995800525
40
70
1
ATTRIBUTE Rules.Clearance.Pad.Via
0
TEXT
8
PART_ATTR
10
0
20
-49751.1995800525
40
70
1
TYPE QUANTITY
0
TEXT
8
PART_ATTR
10
0
20
-49871.1995800525
40
70
1
QUANTITY Size/Dimension
0
TEXT
8
PART_ATTR
10
0
20
-49991.1995800525
40
70
1
ABBR 
0
TEXT
8
PART_ATTR
10
0
20
-50111.1995800525
40
70
1
UNIT 
0
TEXT
8
PART_ATTR
10
0
20
-50231.1995800525
40
70
1
MIN 
0
TEXT
8
PART_ATTR
10
0
20
-50351.1995800525
40
70
1
MAX 1000.00mil
0
TEXT
8
PART_ATTR
10
0
20
-50471.1995800525
40
70
1
INHERITANCE  PCB
0
TEXT
8
PART_ATTR
10
0
20
-50591.1995800525
40
70
1
INHERITANCE  PART DECAL
0
TEXT
8
PART_ATTR
10
0
20
-50711.1995800525
40
70
1
ECO_REGISTRATION N
0
TEXT
8
PART_ATTR
10
0
20
-50831.1995800525
40
70
1
READONLY Y
0
TEXT
8
PART_ATTR
10
0
20
-50951.1995800525
40
70
1
SYSTEM Y
0
TEXT
8
PART_ATTR
10
0
20
-51071.1995800525
40
70
1
HIDDEN Y
0
TEXT
8
PART_ATTR
10
0
20
-51191.1995800525
40
70
1
ATTRIBUTE Rules.Clearance.Pad.Pad
0
TEXT
8
PART_ATTR
10
0
20
-51311.1995800525
40
70
1
TYPE QUANTITY
0
TEXT
8
PART_ATTR
10
0
20
-51431.1995800525
40
70
1
QUANTITY Size/Dimension
0
TEXT
8
PART_ATTR
10
0
20
-51551.1995800525
40
70
1
ABBR 
0
TEXT
8
PART_ATTR
10
0
20
-51671.1995800525
40
70
1
UNIT 
0
TEXT
8
PART_ATTR
10
0
20
-51791.1995800525
40
70
1
MIN 
0
TEXT
8
PART_ATTR
10
0
20
-51911.1995800525
40
70
1
MAX 1000.00mil
0
TEXT
8
PART_ATTR
10
0
20
-52031.1995800525
40
70
1
INHERITANCE  PCB
0
TEXT
8
PART_ATTR
10
0
20
-52151.1995800525
40
70
1
INHERITANCE  PART DECAL
0
TEXT
8
PART_ATTR
10
0
20
-52271.1995800525
40
70
1
ECO_REGISTRATION N
0
TEXT
8
PART_ATTR
10
0
20
-52391.1995800525
40
70
1
READONLY Y
0
TEXT
8
PART_ATTR
10
0
20
-52511.1995800525
40
70
1
SYSTEM Y
0
TEXT
8
PART_ATTR
10
0
20
-52631.1995800525
40
70
1
HIDDEN Y
0
TEXT
8
PART_ATTR
10
0
20
-52751.1995800525
40
70
1
ATTRIBUTE Rules.Clearance.SMD.Trace
0
TEXT
8
PART_ATTR
10
0
20
-52871.1995800525
40
70
1
TYPE QUANTITY
0
TEXT
8
PART_ATTR
10
0
20
-52991.1995800525
40
70
1
QUANTITY Size/Dimension
0
TEXT
8
PART_ATTR
10
0
20
-53111.1995800525
40
70
1
ABBR 
0
TEXT
8
PART_ATTR
10
0
20
-53231.1995800525
40
70
1
UNIT 
0
TEXT
8
PART_ATTR
10
0
20
-53351.1995800525
40
70
1
MIN 
0
TEXT
8
PART_ATTR
10
0
20
-53471.1995800525
40
70
1
MAX 1000.00mil
0
TEXT
8
PART_ATTR
10
0
20
-53591.1995800525
40
70
1
INHERITANCE  PCB
0
TEXT
8
PART_ATTR
10
0
20
-53711.1995800525
40
70
1
INHERITANCE  PART DECAL
0
TEXT
8
PART_ATTR
10
0
20
-53831.1995800525
40
70
1
ECO_REGISTRATION N
0
TEXT
8
PART_ATTR
10
0
20
-53951.1995800525
40
70
1
READONLY Y
0
TEXT
8
PART_ATTR
10
0
20
-54071.1995800525
40
70
1
SYSTEM Y
0
TEXT
8
PART_ATTR
10
0
20
-54191.1995800525
40
70
1
HIDDEN Y
0
TEXT
8
PART_ATTR
10
0
20
-54311.1995800525
40
70
1
ATTRIBUTE Rules.Clearance.SMD.Via
0
TEXT
8
PART_ATTR
10
0
20
-54431.1995800525
40
70
1
TYPE QUANTITY
0
TEXT
8
PART_ATTR
10
0
20
-54551.1995800525
40
70
1
QUANTITY Size/Dimension
0
TEXT
8
PART_ATTR
10
0
20
-54671.1995800525
40
70
1
ABBR 
0
TEXT
8
PART_ATTR
10
0
20
-54791.1995800525
40
70
1
UNIT 
0
TEXT
8
PART_ATTR
10
0
20
-54911.1995800525
40
70
1
MIN 
0
TEXT
8
PART_ATTR
10
0
20
-55031.1995800525
40
70
1
MAX 1000.00mil
0
TEXT
8
PART_ATTR
10
0
20
-55151.1995800525
40
70
1
INHERITANCE  PCB
0
TEXT
8
PART_ATTR
10
0
20
-55271.1995800525
40
70
1
INHERITANCE  PART DECAL
0
TEXT
8
PART_ATTR
10
0
20
-55391.1995800525
40
70
1
ECO_REGISTRATION N
0
TEXT
8
PART_ATTR
10
0
20
-55511.1995800525
40
70
1
READONLY Y
0
TEXT
8
PART_ATTR
10
0
20
-55631.1995800525
40
70
1
SYSTEM Y
0
TEXT
8
PART_ATTR
10
0
20
-55751.1995800525
40
70
1
HIDDEN Y
0
TEXT
8
PART_ATTR
10
0
20
-55871.1995800525
40
70
1
ATTRIBUTE Rules.Clearance.SMD.Pad
0
TEXT
8
PART_ATTR
10
0
20
-55991.1995800525
40
70
1
TYPE QUANTITY
0
TEXT
8
PART_ATTR
10
0
20
-56111.1995800525
40
70
1
QUANTITY Size/Dimension
0
TEXT
8
PART_ATTR
10
0
20
-56231.1995800525
40
70
1
ABBR 
0
TEXT
8
PART_ATTR
10
0
20
-56351.1995800525
40
70
1
UNIT 
0
TEXT
8
PART_ATTR
10
0
20
56257.600839895
40
70
1
MIN 
0
TEXT
8
PART_ATTR
10
0
20
56137.600839895
40
70
1
MAX 1000.00mil
0
TEXT
8
PART_ATTR
10
0
20
56017.600839895
40
70
1
INHERITANCE  PCB
0
TEXT
8
PART_ATTR
10
0
20
55897.600839895
40
70
1
INHERITANCE  PART DECAL
0
TEXT
8
PART_ATTR
10
0
20
55777.600839895
40
70
1
ECO_REGISTRATION N
0
TEXT
8
PART_ATTR
10
0
20
55657.600839895
40
70
1
READONLY Y
0
TEXT
8
PART_ATTR
10
0
20
55537.600839895
40
70
1
SYSTEM Y
0
TEXT
8
PART_ATTR
10
0
20
55417.600839895
40
70
1
HIDDEN Y
0
TEXT
8
PART_ATTR
10
0
20
55297.600839895
40
70
1
ATTRIBUTE Rules.Clearance.SMD.SMD
0
TEXT
8
PART_ATTR
10
0
20
55177.600839895
40
70
1
TYPE QUANTITY
0
TEXT
8
PART_ATTR
10
0
20
55057.600839895
40
70
1
QUANTITY Size/Dimension
0
TEXT
8
PART_ATTR
10
0
20
54937.600839895
40
70
1
ABBR 
0
TEXT
8
PART_ATTR
10
0
20
54817.600839895
40
70
1
UNIT 
0
TEXT
8
PART_ATTR
10
0
20
54697.600839895
40
70
1
MIN 
0
TEXT
8
PART_ATTR
10
0
20
54577.600839895
40
70
1
MAX 1000.00mil
0
TEXT
8
PART_ATTR
10
0
20
54457.600839895
40
70
1
INHERITANCE  PCB
0
TEXT
8
PART_ATTR
10
0
20
54337.600839895
40
70
1
INHERITANCE  PART DECAL
0
TEXT
8
PART_ATTR
10
0
20
54217.600839895
40
70
1
ECO_REGISTRATION N
0
TEXT
8
PART_ATTR
10
0
20
54097.600839895
40
70
1
READONLY Y
0
TEXT
8
PART_ATTR
10
0
20
53977.600839895
40
70
1
SYSTEM Y
0
TEXT
8
PART_ATTR
10
0
20
53857.600839895
40
70
1
HIDDEN Y
0
TEXT
8
PART_ATTR
10
0
20
53737.600839895
40
70
1
ATTRIBUTE Rules.Clearance.Copper.Trace
0
TEXT
8
PART_ATTR
10
0
20
53617.600839895
40
70
1
TYPE QUANTITY
0
TEXT
8
PART_ATTR
10
0
20
53497.600839895
40
70
1
QUANTITY Size/Dimension
0
TEXT
8
PART_ATTR
10
0
20
53377.600839895
40
70
1
ABBR 
0
TEXT
8
PART_ATTR
10
0
20
53257.600839895
40
70
1
UNIT 
0
TEXT
8
PART_ATTR
10
0
20
53137.600839895
40
70
1
MIN 
0
TEXT
8
PART_ATTR
10
0
20
53017.600839895
40
70
1
MAX 1000.00mil
0
TEXT
8
PART_ATTR
10
0
20
52897.600839895
40
70
1
INHERITANCE  PCB
0
TEXT
8
PART_ATTR
10
0
20
52777.600839895
40
70
1
INHERITANCE  PART DECAL
0
TEXT
8
PART_ATTR
10
0
20
52657.600839895
40
70
1
ECO_REGISTRATION N
0
TEXT
8
PART_ATTR
10
0
20
52537.600839895
40
70
1
READONLY Y
0
TEXT
8
PART_ATTR
10
0
20
52417.600839895
40
70
1
SYSTEM Y
0
TEXT
8
PART_ATTR
10
0
20
52297.600839895
40
70
1
HIDDEN Y
0
TEXT
8
PART_ATTR
10
0
20
52177.600839895
40
70
1
ATTRIBUTE Rules.Clearance.Copper.Via
0
TEXT
8
PART_ATTR
10
0
20
52057.600839895
40
70
1
TYPE QUANTITY
0
TEXT
8
PART_ATTR
10
0
20
51937.600839895
40
70
1
QUANTITY Size/Dimension
0
TEXT
8
PART_ATTR
10
0
20
51817.600839895
40
70
1
ABBR 
0
TEXT
8
PART_ATTR
10
0
20
51697.600839895
40
70
1
UNIT 
0
TEXT
8
PART_ATTR
10
0
20
51577.600839895
40
70
1
MIN 
0
TEXT
8
PART_ATTR
10
0
20
51457.600839895
40
70
1
MAX 1000.00mil
0
TEXT
8
PART_ATTR
10
0
20
51337.600839895
40
70
1
INHERITANCE  PCB
0
TEXT
8
PART_ATTR
10
0
20
51217.600839895
40
70
1
INHERITANCE  PART DECAL
0
TEXT
8
PART_ATTR
10
0
20
51097.600839895
40
70
1
ECO_REGISTRATION N
0
TEXT
8
PART_ATTR
10
0
20
50977.600839895
40
70
1
READONLY Y
0
TEXT
8
PART_ATTR
10
0
20
50857.600839895
40
70
1
SYSTEM Y
0
TEXT
8
PART_ATTR
10
0
20
50737.600839895
40
70
1
HIDDEN Y
0
TEXT
8
PART_ATTR
10
0
20
50617.600839895
40
70
1
ATTRIBUTE Rules.Clearance.Copper.Pad
0
TEXT
8
PART_ATTR
10
0
20
50497.600839895
40
70
1
TYPE QUANTITY
0
TEXT
8
PART_ATTR
10
0
20
50377.600839895
40
70
1
QUANTITY Size/Dimension
0
TEXT
8
PART_ATTR
10
0
20
50257.600839895
40
70
1
ABBR 
0
TEXT
8
PART_ATTR
10
0
20
50137.600839895
40
70
1
UNIT 
0
TEXT
8
PART_ATTR
10
0
20
50017.600839895
40
70
1
MIN 
0
TEXT
8
PART_ATTR
10
0
20
49897.600839895
40
70
1
MAX 1000.00mil
0
TEXT
8
PART_ATTR
10
0
20
49777.600839895
40
70
1
INHERITANCE  PCB
0
TEXT
8
PART_ATTR
10
0
20
49657.600839895
40
70
1
INHERITANCE  PART DECAL
0
TEXT
8
PART_ATTR
10
0
20
49537.600839895
40
70
1
ECO_REGISTRATION N
0
TEXT
8
PART_ATTR
10
0
20
49417.600839895
40
70
1
READONLY Y
0
TEXT
8
PART_ATTR
10
0
20
49297.600839895
40
70
1
SYSTEM Y
0
TEXT
8
PART_ATTR
10
0
20
49177.600839895
40
70
1
HIDDEN Y
0
TEXT
8
PART_ATTR
10
0
20
49057.600839895
40
70
1
ATTRIBUTE Rules.Clearance.Copper.SMD
0
TEXT
8
PART_ATTR
10
0
20
48937.600839895
40
70
1
TYPE QUANTITY
0
TEXT
8
PART_ATTR
10
0
20
48817.600839895
40
70
1
QUANTITY Size/Dimension
0
TEXT
8
PART_ATTR
10
0
20
48697.600839895
40
70
1
ABBR 
0
TEXT
8
PART_ATTR
10
0
20
48577.600839895
40
70
1
UNIT 
0
TEXT
8
PART_ATTR
10
0
20
48457.600839895
40
70
1
MIN 
0
TEXT
8
PART_ATTR
10
0
20
48337.600839895
40
70
1
MAX 1000.00mil
0
TEXT
8
PART_ATTR
10
0
20
48217.600839895
40
70
1
INHERITANCE  PCB
0
TEXT
8
PART_ATTR
10
0
20
48097.600839895
40
70
1
INHERITANCE  PART DECAL
0
TEXT
8
PART_ATTR
10
0
20
47977.600839895
40
70
1
ECO_REGISTRATION N
0
TEXT
8
PART_ATTR
10
0
20
47857.600839895
40
70
1
READONLY Y
0
TEXT
8
PART_ATTR
10
0
20
47737.600839895
40
70
1
SYSTEM Y
0
TEXT
8
PART_ATTR
10
0
20
47617.600839895
40
70
1
HIDDEN Y
0
TEXT
8
PART_ATTR
10
0
20
47497.600839895
40
70
1
ATTRIBUTE Rules.Clearance.Text.Trace
0
TEXT
8
PART_ATTR
10
0
20
47377.600839895
40
70
1
TYPE QUANTITY
0
TEXT
8
PART_ATTR
10
0
20
47257.600839895
40
70
1
QUANTITY Size/Dimension
0
TEXT
8
PART_ATTR
10
0
20
47137.600839895
40
70
1
ABBR 
0
TEXT
8
PART_ATTR
10
0
20
47017.600839895
40
70
1
UNIT 
0
TEXT
8
PART_ATTR
10
0
20
46897.600839895
40
70
1
MIN 
0
TEXT
8
PART_ATTR
10
0
20
46777.600839895
40
70
1
MAX 1000.00mil
0
TEXT
8
PART_ATTR
10
0
20
46657.600839895
40
70
1
INHERITANCE  PCB
0
TEXT
8
PART_ATTR
10
0
20
46537.600839895
40
70
1
INHERITANCE  PART DECAL
0
TEXT
8
PART_ATTR
10
0
20
46417.600839895
40
70
1
ECO_REGISTRATION N
0
TEXT
8
PART_ATTR
10
0
20
46297.600839895
40
70
1
READONLY Y
0
TEXT
8
PART_ATTR
10
0
20
46177.600839895
40
70
1
SYSTEM Y
0
TEXT
8
PART_ATTR
10
0
20
46057.600839895
40
70
1
HIDDEN Y
0
TEXT
8
PART_ATTR
10
0
20
45937.600839895
40
70
1
ATTRIBUTE Rules.Clearance.Text.Via
0
TEXT
8
PART_ATTR
10
0
20
45817.600839895
40
70
1
TYPE QUANTITY
0
TEXT
8
PART_ATTR
10
0
20
45697.600839895
40
70
1
QUANTITY Size/Dimension
0
TEXT
8
PART_ATTR
10
0
20
45577.600839895
40
70
1
ABBR 
0
TEXT
8
PART_ATTR
10
0
20
45457.600839895
40
70
1
UNIT 
0
TEXT
8
PART_ATTR
10
0
20
45337.600839895
40
70
1
MIN 
0
TEXT
8
PART_ATTR
10
0
20
45217.600839895
40
70
1
MAX 1000.00mil
0
TEXT
8
PART_ATTR
10
0
20
45097.600839895
40
70
1
INHERITANCE  PCB
0
TEXT
8
PART_ATTR
10
0
20
44977.600839895
40
70
1
INHERITANCE  PART DECAL
0
TEXT
8
PART_ATTR
10
0
20
44857.600839895
40
70
1
ECO_REGISTRATION N
0
TEXT
8
PART_ATTR
10
0
20
44737.600839895
40
70
1
READONLY Y
0
TEXT
8
PART_ATTR
10
0
20
44617.600839895
40
70
1
SYSTEM Y
0
TEXT
8
PART_ATTR
10
0
20
44497.600839895
40
70
1
HIDDEN Y
0
TEXT
8
PART_ATTR
10
0
20
44377.600839895
40
70
1
ATTRIBUTE Rules.Clearance.Text.Pad
0
TEXT
8
PART_ATTR
10
0
20
44257.600839895
40
70
1
TYPE QUANTITY
0
TEXT
8
PART_ATTR
10
0
20
44137.600839895
40
70
1
QUANTITY Size/Dimension
0
TEXT
8
PART_ATTR
10
0
20
44017.600839895
40
70
1
ABBR 
0
TEXT
8
PART_ATTR
10
0
20
43897.600839895
40
70
1
UNIT 
0
TEXT
8
PART_ATTR
10
0
20
43777.600839895
40
70
1
MIN 
0
TEXT
8
PART_ATTR
10
0
20
43657.600839895
40
70
1
MAX 1000.00mil
0
TEXT
8
PART_ATTR
10
0
20
43537.600839895
40
70
1
INHERITANCE  PCB
0
TEXT
8
PART_ATTR
10
0
20
43417.600839895
40
70
1
INHERITANCE  PART DECAL
0
TEXT
8
PART_ATTR
10
0
20
43297.600839895
40
70
1
ECO_REGISTRATION N
0
TEXT
8
PART_ATTR
10
0
20
43177.600839895
40
70
1
READONLY Y
0
TEXT
8
PART_ATTR
10
0
20
43057.600839895
40
70
1
SYSTEM Y
0
TEXT
8
PART_ATTR
10
0
20
42937.600839895
40
70
1
HIDDEN Y
0
TEXT
8
PART_ATTR
10
0
20
42817.600839895
40
70
1
ATTRIBUTE Rules.Clearance.Text.SMD
0
TEXT
8
PART_ATTR
10
0
20
42697.600839895
40
70
1
TYPE QUANTITY
0
TEXT
8
PART_ATTR
10
0
20
42577.600839895
40
70
1
QUANTITY Size/Dimension
0
TEXT
8
PART_ATTR
10
0
20
42457.600839895
40
70
1
ABBR 
0
TEXT
8
PART_ATTR
10
0
20
42337.600839895
40
70
1
UNIT 
0
TEXT
8
PART_ATTR
10
0
20
42217.600839895
40
70
1
MIN 
0
TEXT
8
PART_ATTR
10
0
20
42097.600839895
40
70
1
MAX 1000.00mil
0
TEXT
8
PART_ATTR
10
0
20
41977.600839895
40
70
1
INHERITANCE  PCB
0
TEXT
8
PART_ATTR
10
0
20
41857.600839895
40
70
1
INHERITANCE  PART DECAL
0
TEXT
8
PART_ATTR
10
0
20
41737.600839895
40
70
1
ECO_REGISTRATION N
0
TEXT
8
PART_ATTR
10
0
20
41617.600839895
40
70
1
READONLY Y
0
TEXT
8
PART_ATTR
10
0
20
41497.600839895
40
70
1
SYSTEM Y
0
TEXT
8
PART_ATTR
10
0
20
41377.600839895
40
70
1
HIDDEN Y
0
TEXT
8
PART_ATTR
10
0
20
41257.600839895
40
70
1
ATTRIBUTE Rules.Clearance.Board.Trace
0
TEXT
8
PART_ATTR
10
0
20
41137.600839895
40
70
1
TYPE QUANTITY
0
TEXT
8
PART_ATTR
10
0
20
41017.600839895
40
70
1
QUANTITY Size/Dimension
0
TEXT
8
PART_ATTR
10
0
20
40897.600839895
40
70
1
ABBR 
0
TEXT
8
PART_ATTR
10
0
20
40777.600839895
40
70
1
UNIT 
0
TEXT
8
PART_ATTR
10
0
20
40657.600839895
40
70
1
MIN 
0
TEXT
8
PART_ATTR
10
0
20
40537.600839895
40
70
1
MAX 1000.00mil
0
TEXT
8
PART_ATTR
10
0
20
40417.600839895
40
70
1
INHERITANCE  PCB
0
TEXT
8
PART_ATTR
10
0
20
40297.600839895
40
70
1
INHERITANCE  PART DECAL
0
TEXT
8
PART_ATTR
10
0
20
40177.600839895
40
70
1
ECO_REGISTRATION N
0
TEXT
8
PART_ATTR
10
0
20
40057.600839895
40
70
1
READONLY Y
0
TEXT
8
PART_ATTR
10
0
20
39937.600839895
40
70
1
SYSTEM Y
0
TEXT
8
PART_ATTR
10
0
20
39817.600839895
40
70
1
HIDDEN Y
0
TEXT
8
PART_ATTR
10
0
20
39697.600839895
40
70
1
ATTRIBUTE Rules.Clearance.Board.Via
0
TEXT
8
PART_ATTR
10
0
20
39577.600839895
40
70
1
TYPE QUANTITY
0
TEXT
8
PART_ATTR
10
0
20
39457.600839895
40
70
1
QUANTITY Size/Dimension
0
TEXT
8
PART_ATTR
10
0
20
39337.600839895
40
70
1
ABBR 
0
TEXT
8
PART_ATTR
10
0
20
39217.600839895
40
70
1
UNIT 
0
TEXT
8
PART_ATTR
10
0
20
39097.600839895
40
70
1
MIN 
0
TEXT
8
PART_ATTR
10
0
20
38977.600839895
40
70
1
MAX 1000.00mil
0
TEXT
8
PART_ATTR
10
0
20
38857.600839895
40
70
1
INHERITANCE  PCB
0
TEXT
8
PART_ATTR
10
0
20
38737.600839895
40
70
1
INHERITANCE  PART DECAL
0
TEXT
8
PART_ATTR
10
0
20
38617.600839895
40
70
1
ECO_REGISTRATION N
0
TEXT
8
PART_ATTR
10
0
20
38497.600839895
40
70
1
READONLY Y
0
TEXT
8
PART_ATTR
10
0
20
38377.600839895
40
70
1
SYSTEM Y
0
TEXT
8
PART_ATTR
10
0
20
38257.600839895
40
70
1
HIDDEN Y
0
TEXT
8
PART_ATTR
10
0
20
38137.600839895
40
70
1
ATTRIBUTE Rules.Clearance.Board.Pad
0
TEXT
8
PART_ATTR
10
0
20
38017.600839895
40
70
1
TYPE QUANTITY
0
TEXT
8
PART_ATTR
10
0
20
37897.600839895
40
70
1
QUANTITY Size/Dimension
0
TEXT
8
PART_ATTR
10
0
20
37777.600839895
40
70
1
ABBR 
0
TEXT
8
PART_ATTR
10
0
20
37657.600839895
40
70
1
UNIT 
0
TEXT
8
PART_ATTR
10
0
20
37537.600839895
40
70
1
MIN 
0
TEXT
8
PART_ATTR
10
0
20
37417.600839895
40
70
1
MAX 1000.00mil
0
TEXT
8
PART_ATTR
10
0
20
37297.600839895
40
70
1
INHERITANCE  PCB
0
TEXT
8
PART_ATTR
10
0
20
37177.600839895
40
70
1
INHERITANCE  PART DECAL
0
TEXT
8
PART_ATTR
10
0
20
37057.600839895
40
70
1
ECO_REGISTRATION N
0
TEXT
8
PART_ATTR
10
0
20
36937.600839895
40
70
1
READONLY Y
0
TEXT
8
PART_ATTR
10
0
20
36817.600839895
40
70
1
SYSTEM Y
0
TEXT
8
PART_ATTR
10
0
20
36697.600839895
40
70
1
HIDDEN Y
0
TEXT
8
PART_ATTR
10
0
20
36577.600839895
40
70
1
ATTRIBUTE Rules.Clearance.Board.SMD
0
TEXT
8
PART_ATTR
10
0
20
36457.600839895
40
70
1
TYPE QUANTITY
0
TEXT
8
PART_ATTR
10
0
20
36337.600839895
40
70
1
QUANTITY Size/Dimension
0
TEXT
8
PART_ATTR
10
0
20
36217.600839895
40
70
1
ABBR 
0
TEXT
8
PART_ATTR
10
0
20
36097.600839895
40
70
1
UNIT 
0
TEXT
8
PART_ATTR
10
0
20
35977.600839895
40
70
1
MIN 
0
TEXT
8
PART_ATTR
10
0
20
35857.600839895
40
70
1
MAX 1000.00mil
0
TEXT
8
PART_ATTR
10
0
20
35737.600839895
40
70
1
INHERITANCE  PCB
0
TEXT
8
PART_ATTR
10
0
20
35617.600839895
40
70
1
INHERITANCE  PART DECAL
0
TEXT
8
PART_ATTR
10
0
20
35497.600839895
40
70
1
ECO_REGISTRATION N
0
TEXT
8
PART_ATTR
10
0
20
35377.600839895
40
70
1
READONLY Y
0
TEXT
8
PART_ATTR
10
0
20
35257.600839895
40
70
1
SYSTEM Y
0
TEXT
8
PART_ATTR
10
0
20
35137.600839895
40
70
1
HIDDEN Y
0
TEXT
8
PART_ATTR
10
0
20
35017.600839895
40
70
1
ATTRIBUTE Rules.Clearance.Drill.Trace
0
TEXT
8
PART_ATTR
10
0
20
34897.600839895
40
70
1
TYPE QUANTITY
0
TEXT
8
PART_ATTR
10
0
20
34777.600839895
40
70
1
QUANTITY Size/Dimension
0
TEXT
8
PART_ATTR
10
0
20
34657.600839895
40
70
1
ABBR 
0
TEXT
8
PART_ATTR
10
0
20
34537.600839895
40
70
1
UNIT 
0
TEXT
8
PART_ATTR
10
0
20
34417.600839895
40
70
1
MIN 
0
TEXT
8
PART_ATTR
10
0
20
34297.600839895
40
70
1
MAX 1000.00mil
0
TEXT
8
PART_ATTR
10
0
20
34177.600839895
40
70
1
INHERITANCE  PCB
0
TEXT
8
PART_ATTR
10
0
20
34057.600839895
40
70
1
INHERITANCE  PART DECAL
0
TEXT
8
PART_ATTR
10
0
20
33937.600839895
40
70
1
ECO_REGISTRATION N
0
TEXT
8
PART_ATTR
10
0
20
33817.600839895
40
70
1
READONLY Y
0
TEXT
8
PART_ATTR
10
0
20
33697.600839895
40
70
1
SYSTEM Y
0
TEXT
8
PART_ATTR
10
0
20
33577.600839895
40
70
1
HIDDEN Y
0
TEXT
8
PART_ATTR
10
0
20
33457.600839895
40
70
1
ATTRIBUTE Rules.Clearance.Drill.Via
0
TEXT
8
PART_ATTR
10
0
20
33337.600839895
40
70
1
TYPE QUANTITY
0
TEXT
8
PART_ATTR
10
0
20
33217.600839895
40
70
1
QUANTITY Size/Dimension
0
TEXT
8
PART_ATTR
10
0
20
33097.600839895
40
70
1
ABBR 
0
TEXT
8
PART_ATTR
10
0
20
32977.600839895
40
70
1
UNIT 
0
TEXT
8
PART_ATTR
10
0
20
32857.600839895
40
70
1
MIN 
0
TEXT
8
PART_ATTR
10
0
20
32737.600839895
40
70
1
MAX 1000.00mil
0
TEXT
8
PART_ATTR
10
0
20
32617.600839895
40
70
1
INHERITANCE  PCB
0
TEXT
8
PART_ATTR
10
0
20
32497.600839895
40
70
1
INHERITANCE  PART DECAL
0
TEXT
8
PART_ATTR
10
0
20
32377.600839895
40
70
1
ECO_REGISTRATION N
0
TEXT
8
PART_ATTR
10
0
20
32257.600839895
40
70
1
READONLY Y
0
TEXT
8
PART_ATTR
10
0
20
32137.600839895
40
70
1
SYSTEM Y
0
TEXT
8
PART_ATTR
10
0
20
32017.600839895
40
70
1
HIDDEN Y
0
TEXT
8
PART_ATTR
10
0
20
31897.600839895
40
70
1
ATTRIBUTE Rules.Clearance.Drill.Pad
0
TEXT
8
PART_ATTR
10
0
20
31777.600839895
40
70
1
TYPE QUANTITY
0
TEXT
8
PART_ATTR
10
0
20
31657.600839895
40
70
1
QUANTITY Size/Dimension
0
TEXT
8
PART_ATTR
10
0
20
31537.600839895
40
70
1
ABBR 
0
TEXT
8
PART_ATTR
10
0
20
31417.600839895
40
70
1
UNIT 
0
TEXT
8
PART_ATTR
10
0
20
31297.600839895
40
70
1
MIN 
0
TEXT
8
PART_ATTR
10
0
20
31177.600839895
40
70
1
MAX 1000.00mil
0
TEXT
8
PART_ATTR
10
0
20
31057.600839895
40
70
1
INHERITANCE  PCB
0
TEXT
8
PART_ATTR
10
0
20
30937.600839895
40
70
1
INHERITANCE  PART DECAL
0
TEXT
8
PART_ATTR
10
0
20
30817.600839895
40
70
1
ECO_REGISTRATION N
0
TEXT
8
PART_ATTR
10
0
20
30697.600839895
40
70
1
READONLY Y
0
TEXT
8
PART_ATTR
10
0
20
30577.600839895
40
70
1
SYSTEM Y
0
TEXT
8
PART_ATTR
10
0
20
30457.600839895
40
70
1
HIDDEN Y
0
TEXT
8
PART_ATTR
10
0
20
30337.600839895
40
70
1
ATTRIBUTE Rules.Clearance.Drill.SMD
0
TEXT
8
PART_ATTR
10
0
20
30217.600839895
40
70
1
TYPE QUANTITY
0
TEXT
8
PART_ATTR
10
0
20
30097.600839895
40
70
1
QUANTITY Size/Dimension
0
TEXT
8
PART_ATTR
10
0
20
29977.600839895
40
70
1
ABBR 
0
TEXT
8
PART_ATTR
10
0
20
29857.600839895
40
70
1
UNIT 
0
TEXT
8
PART_ATTR
10
0
20
29737.600839895
40
70
1
MIN 
0
TEXT
8
PART_ATTR
10
0
20
29617.600839895
40
70
1
MAX 1000.00mil
0
TEXT
8
PART_ATTR
10
0
20
29497.600839895
40
70
1
INHERITANCE  PCB
0
TEXT
8
PART_ATTR
10
0
20
29377.600839895
40
70
1
INHERITANCE  PART DECAL
0
TEXT
8
PART_ATTR
10
0
20
29257.600839895
40
70
1
ECO_REGISTRATION N
0
TEXT
8
PART_ATTR
10
0
20
29137.600839895
40
70
1
READONLY Y
0
TEXT
8
PART_ATTR
10
0
20
29017.600839895
40
70
1
SYSTEM Y
0
TEXT
8
PART_ATTR
10
0
20
28897.600839895
40
70
1
HIDDEN Y
0
TEXT
8
PART_ATTR
10
0
20
28777.600839895
40
70
1
ATTRIBUTE Rules.SameNet.SMD.Via
0
TEXT
8
PART_ATTR
10
0
20
28657.600839895
40
70
1
TYPE QUANTITY
0
TEXT
8
PART_ATTR
10
0
20
28537.600839895
40
70
1
QUANTITY Size/Dimension
0
TEXT
8
PART_ATTR
10
0
20
28417.600839895
40
70
1
ABBR 
0
TEXT
8
PART_ATTR
10
0
20
28297.600839895
40
70
1
UNIT 
0
TEXT
8
PART_ATTR
10
0
20
28177.600839895
40
70
1
MIN 
0
TEXT
8
PART_ATTR
10
0
20
28057.600839895
40
70
1
MAX 1000.00mil
0
TEXT
8
PART_ATTR
10
0
20
27937.600839895
40
70
1
INHERITANCE  PCB
0
TEXT
8
PART_ATTR
10
0
20
27817.600839895
40
70
1
INHERITANCE  PART DECAL
0
TEXT
8
PART_ATTR
10
0
20
27697.600839895
40
70
1
ECO_REGISTRATION N
0
TEXT
8
PART_ATTR
10
0
20
27577.600839895
40
70
1
READONLY Y
0
TEXT
8
PART_ATTR
10
0
20
27457.600839895
40
70
1
SYSTEM Y
0
TEXT
8
PART_ATTR
10
0
20
27337.600839895
40
70
1
HIDDEN Y
0
TEXT
8
PART_ATTR
10
0
20
27217.600839895
40
70
1
ATTRIBUTE Rules.SameNet.SMD.Crn
0
TEXT
8
PART_ATTR
10
0
20
27097.600839895
40
70
1
TYPE QUANTITY
0
TEXT
8
PART_ATTR
10
0
20
26977.600839895
40
70
1
QUANTITY Size/Dimension
0
TEXT
8
PART_ATTR
10
0
20
26857.600839895
40
70
1
ABBR 
0
TEXT
8
PART_ATTR
10
0
20
26737.600839895
40
70
1
UNIT 
0
TEXT
8
PART_ATTR
10
0
20
26617.600839895
40
70
1
MIN 
0
TEXT
8
PART_ATTR
10
0
20
26497.600839895
40
70
1
MAX 1000.00mil
0
TEXT
8
PART_ATTR
10
0
20
26377.600839895
40
70
1
INHERITANCE  PCB
0
TEXT
8
PART_ATTR
10
0
20
26257.600839895
40
70
1
INHERITANCE  PART DECAL
0
TEXT
8
PART_ATTR
10
0
20
26137.600839895
40
70
1
ECO_REGISTRATION N
0
TEXT
8
PART_ATTR
10
0
20
26017.600839895
40
70
1
READONLY Y
0
TEXT
8
PART_ATTR
10
0
20
25897.600839895
40
70
1
SYSTEM Y
0
TEXT
8
PART_ATTR
10
0
20
25777.600839895
40
70
1
HIDDEN Y
0
TEXT
8
PART_ATTR
10
0
20
25657.600839895
40
70
1
ATTRIBUTE Rules.SameNet.Via.Via
0
TEXT
8
PART_ATTR
10
0
20
25537.600839895
40
70
1
TYPE QUANTITY
0
TEXT
8
PART_ATTR
10
0
20
25417.600839895
40
70
1
QUANTITY Size/Dimension
0
TEXT
8
PART_ATTR
10
0
20
25297.600839895
40
70
1
ABBR 
0
TEXT
8
PART_ATTR
10
0
20
25177.600839895
40
70
1
UNIT 
0
TEXT
8
PART_ATTR
10
0
20
25057.600839895
40
70
1
MIN 
0
TEXT
8
PART_ATTR
10
0
20
24937.600839895
40
70
1
MAX 1000.00mil
0
TEXT
8
PART_ATTR
10
0
20
24817.600839895
40
70
1
INHERITANCE  PCB
0
TEXT
8
PART_ATTR
10
0
20
24697.600839895
40
70
1
INHERITANCE  PART DECAL
0
TEXT
8
PART_ATTR
10
0
20
24577.600839895
40
70
1
ECO_REGISTRATION N
0
TEXT
8
PART_ATTR
10
0
20
24457.600839895
40
70
1
READONLY Y
0
TEXT
8
PART_ATTR
10
0
20
24337.600839895
40
70
1
SYSTEM Y
0
TEXT
8
PART_ATTR
10
0
20
24217.600839895
40
70
1
HIDDEN Y
0
TEXT
8
PART_ATTR
10
0
20
24097.600839895
40
70
1
ATTRIBUTE Rules.SameNet.Pad.Crn
0
TEXT
8
PART_ATTR
10
0
20
23977.600839895
40
70
1
TYPE QUANTITY
0
TEXT
8
PART_ATTR
10
0
20
23857.600839895
40
70
1
QUANTITY Size/Dimension
0
TEXT
8
PART_ATTR
10
0
20
23737.600839895
40
70
1
ABBR 
0
TEXT
8
PART_ATTR
10
0
20
23617.600839895
40
70
1
UNIT 
0
TEXT
8
PART_ATTR
10
0
20
23497.600839895
40
70
1
MIN 
0
TEXT
8
PART_ATTR
10
0
20
23377.600839895
40
70
1
MAX 1000.00mil
0
TEXT
8
PART_ATTR
10
0
20
23257.600839895
40
70
1
INHERITANCE  PCB
0
TEXT
8
PART_ATTR
10
0
20
23137.600839895
40
70
1
INHERITANCE  PART DECAL
0
TEXT
8
PART_ATTR
10
0
20
23017.600839895
40
70
1
ECO_REGISTRATION N
0
TEXT
8
PART_ATTR
10
0
20
22897.600839895
40
70
1
READONLY Y
0
TEXT
8
PART_ATTR
10
0
20
22777.600839895
40
70
1
SYSTEM Y
0
TEXT
8
PART_ATTR
10
0
20
22657.600839895
40
70
1
HIDDEN Y
0
TEXT
8
PART_ATTR
10
0
20
22537.600839895
40
70
1
ATTRIBUTE Rules.SameNet.Trace.Crn
0
TEXT
8
PART_ATTR
10
0
20
22417.600839895
40
70
1
TYPE QUANTITY
0
TEXT
8
PART_ATTR
10
0
20
22297.600839895
40
70
1
QUANTITY Size/Dimension
0
TEXT
8
PART_ATTR
10
0
20
22177.600839895
40
70
1
ABBR 
0
TEXT
8
PART_ATTR
10
0
20
22057.600839895
40
70
1
UNIT 
0
TEXT
8
PART_ATTR
10
0
20
21937.600839895
40
70
1
MIN 
0
TEXT
8
PART_ATTR
10
0
20
21817.600839895
40
70
1
MAX 1000.00mil
0
TEXT
8
PART_ATTR
10
0
20
21697.600839895
40
70
1
INHERITANCE  PCB
0
TEXT
8
PART_ATTR
10
0
20
21577.600839895
40
70
1
INHERITANCE  PART DECAL
0
TEXT
8
PART_ATTR
10
0
20
21457.600839895
40
70
1
ECO_REGISTRATION N
0
TEXT
8
PART_ATTR
10
0
20
21337.600839895
40
70
1
READONLY Y
0
TEXT
8
PART_ATTR
10
0
20
21217.600839895
40
70
1
SYSTEM Y
0
TEXT
8
PART_ATTR
10
0
20
21097.600839895
40
70
1
HIDDEN Y
0
TEXT
8
PART_ATTR
10
0
20
20977.600839895
40
70
1
ATTRIBUTE Rules.Width.Minimum
0
TEXT
8
PART_ATTR
10
0
20
20857.600839895
40
70
1
TYPE QUANTITY
0
TEXT
8
PART_ATTR
10
0
20
20737.600839895
40
70
1
QUANTITY Size/Dimension
0
TEXT
8
PART_ATTR
10
0
20
20617.600839895
40
70
1
ABBR 
0
TEXT
8
PART_ATTR
10
0
20
20497.600839895
40
70
1
UNIT 
0
TEXT
8
PART_ATTR
10
0
20
20377.600839895
40
70
1
MIN 
0
TEXT
8
PART_ATTR
10
0
20
20257.600839895
40
70
1
MAX 250.00mil
0
TEXT
8
PART_ATTR
10
0
20
20137.600839895
40
70
1
INHERITANCE  PCB
0
TEXT
8
PART_ATTR
10
0
20
20017.600839895
40
70
1
INHERITANCE  PART DECAL
0
TEXT
8
PART_ATTR
10
0
20
19897.600839895
40
70
1
ECO_REGISTRATION N
0
TEXT
8
PART_ATTR
10
0
20
19777.600839895
40
70
1
READONLY Y
0
TEXT
8
PART_ATTR
10
0
20
19657.600839895
40
70
1
SYSTEM Y
0
TEXT
8
PART_ATTR
10
0
20
19537.600839895
40
70
1
HIDDEN Y
0
TEXT
8
PART_ATTR
10
0
20
19417.600839895
40
70
1
ATTRIBUTE Rules.Width.Recommended
0
TEXT
8
PART_ATTR
10
0
20
19297.600839895
40
70
1
TYPE QUANTITY
0
TEXT
8
PART_ATTR
10
0
20
19177.600839895
40
70
1
QUANTITY Size/Dimension
0
TEXT
8
PART_ATTR
10
0
20
19057.600839895
40
70
1
ABBR 
0
TEXT
8
PART_ATTR
10
0
20
18937.600839895
40
70
1
UNIT 
0
TEXT
8
PART_ATTR
10
0
20
18817.600839895
40
70
1
MIN 
0
TEXT
8
PART_ATTR
10
0
20
18697.600839895
40
70
1
MAX 250.00mil
0
TEXT
8
PART_ATTR
10
0
20
18577.600839895
40
70
1
INHERITANCE  PCB
0
TEXT
8
PART_ATTR
10
0
20
18457.600839895
40
70
1
INHERITANCE  PART DECAL
0
TEXT
8
PART_ATTR
10
0
20
18337.600839895
40
70
1
ECO_REGISTRATION N
0
TEXT
8
PART_ATTR
10
0
20
18217.600839895
40
70
1
READONLY Y
0
TEXT
8
PART_ATTR
10
0
20
18097.600839895
40
70
1
SYSTEM Y
0
TEXT
8
PART_ATTR
10
0
20
17977.600839895
40
70
1
HIDDEN Y
0
TEXT
8
PART_ATTR
10
0
20
17857.600839895
40
70
1
ATTRIBUTE Rules.Width.Maximum
0
TEXT
8
PART_ATTR
10
0
20
17737.600839895
40
70
1
TYPE QUANTITY
0
TEXT
8
PART_ATTR
10
0
20
17617.600839895
40
70
1
QUANTITY Size/Dimension
0
TEXT
8
PART_ATTR
10
0
20
17497.600839895
40
70
1
ABBR 
0
TEXT
8
PART_ATTR
10
0
20
17377.600839895
40
70
1
UNIT 
0
TEXT
8
PART_ATTR
10
0
20
17257.600839895
40
70
1
MIN 
0
TEXT
8
PART_ATTR
10
0
20
17137.600839895
40
70
1
MAX 250.00mil
0
TEXT
8
PART_ATTR
10
0
20
17017.600839895
40
70
1
INHERITANCE  PCB
0
TEXT
8
PART_ATTR
10
0
20
16897.600839895
40
70
1
INHERITANCE  PART DECAL
0
TEXT
8
PART_ATTR
10
0
20
16777.600839895
40
70
1
ECO_REGISTRATION N
0
TEXT
8
PART_ATTR
10
0
20
16657.600839895
40
70
1
READONLY Y
0
TEXT
8
PART_ATTR
10
0
20
16537.600839895
40
70
1
SYSTEM Y
0
TEXT
8
PART_ATTR
10
0
20
16417.600839895
40
70
1
HIDDEN Y
0
TEXT
8
PART_ATTR
10
0
20
16297.600839895
40
70
1
ATTRIBUTE Placement.Grid.Use
0
TEXT
8
PART_ATTR
10
0
20
16177.600839895
40
70
1
TYPE BOOLEAN
0
TEXT
8
PART_ATTR
10
0
20
16057.600839895
40
70
1
INHERITANCE  PCB
0
TEXT
8
PART_ATTR
10
0
20
15937.600839895
40
70
1
ECO_REGISTRATION N
0
TEXT
8
PART_ATTR
10
0
20
15817.600839895
40
70
1
READONLY Y
0
TEXT
8
PART_ATTR
10
0
20
15697.600839895
40
70
1
SYSTEM Y
0
TEXT
8
PART_ATTR
10
0
20
15577.600839895
40
70
1
HIDDEN Y
0
TEXT
8
PART_ATTR
10
0
20
15457.600839895
40
70
1
ATTRIBUTE Placement.Grid.X
0
TEXT
8
PART_ATTR
10
0
20
15337.600839895
40
70
1
TYPE QUANTITY
0
TEXT
8
PART_ATTR
10
0
20
15217.600839895
40
70
1
QUANTITY Size/Dimension
0
TEXT
8
PART_ATTR
10
0
20
15097.600839895
40
70
1
ABBR 
0
TEXT
8
PART_ATTR
10
0
20
14977.600839895
40
70
1
UNIT 
0
TEXT
8
PART_ATTR
10
0
20
14857.600839895
40
70
1
MIN 
0
TEXT
8
PART_ATTR
10
0
20
14737.600839895
40
70
1
MAX 2000.00mil
0
TEXT
8
PART_ATTR
10
0
20
14617.600839895
40
70
1
INHERITANCE  PCB
0
TEXT
8
PART_ATTR
10
0
20
14497.600839895
40
70
1
ECO_REGISTRATION N
0
TEXT
8
PART_ATTR
10
0
20
14377.600839895
40
70
1
READONLY Y
0
TEXT
8
PART_ATTR
10
0
20
14257.600839895
40
70
1
SYSTEM Y
0
TEXT
8
PART_ATTR
10
0
20
14137.600839895
40
70
1
HIDDEN Y
0
TEXT
8
PART_ATTR
10
0
20
14017.600839895
40
70
1
ATTRIBUTE Placement.Grid.Y
0
TEXT
8
PART_ATTR
10
0
20
13897.600839895
40
70
1
TYPE QUANTITY
0
TEXT
8
PART_ATTR
10
0
20
13777.600839895
40
70
1
QUANTITY Size/Dimension
0
TEXT
8
PART_ATTR
10
0
20
13657.600839895
40
70
1
ABBR 
0
TEXT
8
PART_ATTR
10
0
20
13537.600839895
40
70
1
UNIT 
0
TEXT
8
PART_ATTR
10
0
20
13417.600839895
40
70
1
MIN 
0
TEXT
8
PART_ATTR
10
0
20
13297.600839895
40
70
1
MAX 2000.00mil
0
TEXT
8
PART_ATTR
10
0
20
13177.600839895
40
70
1
INHERITANCE  PCB
0
TEXT
8
PART_ATTR
10
0
20
13057.600839895
40
70
1
ECO_REGISTRATION N
0
TEXT
8
PART_ATTR
10
0
20
12937.600839895
40
70
1
READONLY Y
0
TEXT
8
PART_ATTR
10
0
20
12817.600839895
40
70
1
SYSTEM Y
0
TEXT
8
PART_ATTR
10
0
20
12697.600839895
40
70
1
HIDDEN Y
0
TEXT
8
PART_ATTR
10
0
20
12577.600839895
40
70
1
ATTRIBUTE Accordion.Amplitude.Min
0
TEXT
8
PART_ATTR
10
0
20
12457.600839895
40
70
1
TYPE INTEGER
0
TEXT
8
PART_ATTR
10
0
20
12337.600839895
40
70
1
MIN 3
0
TEXT
8
PART_ATTR
10
0
20
12217.600839895
40
70
1
MAX 300
0
TEXT
8
PART_ATTR
10
0
20
12097.600839895
40
70
1
INHERITANCE  PCB
0
TEXT
8
PART_ATTR
10
0
20
11977.600839895
40
70
1
ECO_REGISTRATION N
0
TEXT
8
PART_ATTR
10
0
20
11857.600839895
40
70
1
READONLY Y
0
TEXT
8
PART_ATTR
10
0
20
11737.600839895
40
70
1
SYSTEM Y
0
TEXT
8
PART_ATTR
10
0
20
11617.600839895
40
70
1
HIDDEN Y
0
TEXT
8
PART_ATTR
10
0
20
11497.600839895
40
70
1
ATTRIBUTE Accordion.Amplitude.Max
0
TEXT
8
PART_ATTR
10
0
20
11377.600839895
40
70
1
TYPE INTEGER
0
TEXT
8
PART_ATTR
10
0
20
11257.600839895
40
70
1
MIN 4
0
TEXT
8
PART_ATTR
10
0
20
11137.600839895
40
70
1
MAX 300
0
TEXT
8
PART_ATTR
10
0
20
11017.600839895
40
70
1
INHERITANCE  PCB
0
TEXT
8
PART_ATTR
10
0
20
10897.600839895
40
70
1
ECO_REGISTRATION N
0
TEXT
8
PART_ATTR
10
0
20
10777.600839895
40
70
1
READONLY Y
0
TEXT
8
PART_ATTR
10
0
20
10657.600839895
40
70
1
SYSTEM Y
0
TEXT
8
PART_ATTR
10
0
20
10537.600839895
40
70
1
HIDDEN Y
0
TEXT
8
PART_ATTR
10
0
20
10417.600839895
40
70
1
ATTRIBUTE Accordion.Gap.Min
0
TEXT
8
PART_ATTR
10
0
20
10297.600839895
40
70
1
TYPE INTEGER
0
TEXT
8
PART_ATTR
10
0
20
10177.600839895
40
70
1
MIN 1
0
TEXT
8
PART_ATTR
10
0
20
10057.600839895
40
70
1
MAX 10
0
TEXT
8
PART_ATTR
10
0
20
9937.600839895
40
70
1
INHERITANCE  PCB
0
TEXT
8
PART_ATTR
10
0
20
9817.600839895
40
70
1
ECO_REGISTRATION N
0
TEXT
8
PART_ATTR
10
0
20
9697.600839895
40
70
1
READONLY Y
0
TEXT
8
PART_ATTR
10
0
20
9577.600839895
40
70
1
SYSTEM Y
0
TEXT
8
PART_ATTR
10
0
20
9457.600839895
40
70
1
HIDDEN Y
0
TEXT
8
PART_ATTR
10
0
20
9337.600839895
40
70
1
ATTRIBUTE Accordion.HierarchyLevel
0
TEXT
8
PART_ATTR
10
0
20
9217.600839895
40
70
1
TYPE INTEGER
0
TEXT
8
PART_ATTR
10
0
20
9097.600839895
40
70
1
MIN 1
0
TEXT
8
PART_ATTR
10
0
20
8977.600839895
40
70
1
MAX 8
0
TEXT
8
PART_ATTR
10
0
20
8857.600839895
40
70
1
INHERITANCE  PCB
0
TEXT
8
PART_ATTR
10
0
20
8737.600839895
40
70
1
ECO_REGISTRATION N
0
TEXT
8
PART_ATTR
10
0
20
8617.600839895
40
70
1
READONLY Y
0
TEXT
8
PART_ATTR
10
0
20
8497.600839895
40
70
1
SYSTEM Y
0
TEXT
8
PART_ATTR
10
0
20
8377.600839895
40
70
1
HIDDEN Y
0
TEXT
8
PART_ATTR
10
0
20
8257.600839895
40
70
1
ATTRIBUTE Accordion.Miters.Arcs
0
TEXT
8
PART_ATTR
10
0
20
8137.600839895
40
70
1
TYPE BOOLEAN
0
TEXT
8
PART_ATTR
10
0
20
8017.600839895
40
70
1
INHERITANCE  PCB
0
TEXT
8
PART_ATTR
10
0
20
7897.600839895
40
70
1
ECO_REGISTRATION N
0
TEXT
8
PART_ATTR
10
0
20
7777.600839895
40
70
1
READONLY Y
0
TEXT
8
PART_ATTR
10
0
20
7657.600839895
40
70
1
SYSTEM Y
0
TEXT
8
PART_ATTR
10
0
20
7537.600839895
40
70
1
HIDDEN Y
0
TEXT
8
PART_ATTR
10
0
20
7417.600839895
40
70
1
ATTRIBUTE Accordion.Miters.Ratio
0
TEXT
8
PART_ATTR
10
0
20
7297.600839895
40
70
1
TYPE FLOAT
0
TEXT
8
PART_ATTR
10
0
20
7177.600839895
40
70
1
MIN 0.5
0
TEXT
8
PART_ATTR
10
0
20
7057.600839895
40
70
1
MAX 250
0
TEXT
8
PART_ATTR
10
0
20
6937.600839895
40
70
1
INHERITANCE  PCB
0
TEXT
8
PART_ATTR
10
0
20
6817.600839895
40
70
1
ECO_REGISTRATION N
0
TEXT
8
PART_ATTR
10
0
20
6697.600839895
40
70
1
READONLY Y
0
TEXT
8
PART_ATTR
10
0
20
6577.600839895
40
70
1
SYSTEM Y
0
TEXT
8
PART_ATTR
10
0
20
6457.600839895
40
70
1
HIDDEN Y
0
TEXT
8
PART_ATTR
10
0
20
6337.600839895
40
70
1
ATTRIBUTE Routing.MaxChannelWidth
0
TEXT
8
PART_ATTR
10
0
20
6217.600839895
40
70
1
TYPE QUANTITY
0
TEXT
8
PART_ATTR
10
0
20
6097.600839895
40
70
1
QUANTITY Size/Dimension
0
TEXT
8
PART_ATTR
10
0
20
5977.600839895
40
70
1
ABBR 
0
TEXT
8
PART_ATTR
10
0
20
5857.600839895
40
70
1
UNIT 
0
TEXT
8
PART_ATTR
10
0
20
5737.600839895
40
70
1
MIN 
0
TEXT
8
PART_ATTR
10
0
20
5617.600839895
40
70
1
MAX 10000.00mil
0
TEXT
8
PART_ATTR
10
0
20
5497.600839895
40
70
1
INHERITANCE  PCB
0
TEXT
8
PART_ATTR
10
0
20
5377.600839895
40
70
1
ECO_REGISTRATION N
0
TEXT
8
PART_ATTR
10
0
20
5257.600839895
40
70
1
READONLY Y
0
TEXT
8
PART_ATTR
10
0
20
5137.600839895
40
70
1
SYSTEM Y
0
TEXT
8
PART_ATTR
10
0
20
5017.600839895
40
70
1
HIDDEN Y
0
TEXT
8
PART_ATTR
10
0
20
4897.600839895
40
70
1
ATTRIBUTE Routing.SoftLengthRrules
0
TEXT
8
PART_ATTR
10
0
20
4777.600839895
40
70
1
TYPE BOOLEAN
0
TEXT
8
PART_ATTR
10
0
20
4657.600839895
40
70
1
INHERITANCE  PCB
0
TEXT
8
PART_ATTR
10
0
20
4537.600839895
40
70
1
ECO_REGISTRATION N
0
TEXT
8
PART_ATTR
10
0
20
4417.600839895
40
70
1
READONLY Y
0
TEXT
8
PART_ATTR
10
0
20
4297.600839895
40
70
1
SYSTEM Y
0
TEXT
8
PART_ATTR
10
0
20
4177.600839895
40
70
1
HIDDEN Y
0
TEXT
8
PART_ATTR
10
0
20
4057.600839895
40
70
1
ATTRIBUTE Routing.MeanderBeforeTune
0
TEXT
8
PART_ATTR
10
0
20
3937.600839895
40
70
1
TYPE BOOLEAN
0
TEXT
8
PART_ATTR
10
0
20
3817.600839895
40
70
1
INHERITANCE  PCB
0
TEXT
8
PART_ATTR
10
0
20
3697.600839895
40
70
1
ECO_REGISTRATION N
0
TEXT
8
PART_ATTR
10
0
20
3577.600839895
40
70
1
READONLY Y
0
TEXT
8
PART_ATTR
10
0
20
3457.600839895
40
70
1
SYSTEM Y
0
TEXT
8
PART_ATTR
10
0
20
3337.600839895
40
70
1
HIDDEN Y
0
TEXT
8
PART_ATTR
10
0
20
3217.600839895
40
70
1
ATTRIBUTE Routing.ExtraLengthPercent
0
TEXT
8
PART_ATTR
10
0
20
3097.600839895
40
70
1
TYPE INTEGER
0
TEXT
8
PART_ATTR
10
0
20
2977.600839895
40
70
1
MIN 0
0
TEXT
8
PART_ATTR
10
0
20
2857.600839895
40
70
1
MAX 100
0
TEXT
8
PART_ATTR
10
0
20
2737.600839895
40
70
1
INHERITANCE  PCB
0
TEXT
8
PART_ATTR
10
0
20
2617.600839895
40
70
1
ECO_REGISTRATION N
0
TEXT
8
PART_ATTR
10
0
20
2497.600839895
40
70
1
READONLY Y
0
TEXT
8
PART_ATTR
10
0
20
2377.600839895
40
70
1
SYSTEM Y
0
TEXT
8
PART_ATTR
10
0
20
2257.600839895
40
70
1
HIDDEN Y
0
TEXT
8
PART_ATTR
10
0
20
2137.600839895
40
70
1
ATTRIBUTE MatchLength.Name
0
TEXT
8
PART_ATTR
10
0
20
2017.600839895
40
70
1
TYPE FREETEXT
0
TEXT
8
PART_ATTR
10
0
20
1897.600839895
40
70
1
INHERITANCE  NET NETCLASS
0
TEXT
8
PART_ATTR
10
0
20
1777.600839895
40
70
1
INHERITANCE  PINPAIR GROUP
0
TEXT
8
PART_ATTR
10
0
20
1657.600839895
40
70
1
ECO_REGISTRATION N
0
TEXT
8
PART_ATTR
10
0
20
1537.600839895
40
70
1
READONLY Y
0
TEXT
8
PART_ATTR
10
0
20
1417.600839895
40
70
1
SYSTEM Y
0
TEXT
8
PART_ATTR
10
0
20
1297.600839895
40
70
1
HIDDEN Y
0
TEXT
8
PART_ATTR
10
0
20
1177.600839895
40
70
1
ATTRIBUTE Planning.Scheduled
0
TEXT
8
PART_ATTR
10
0
20
1057.600839895
40
70
1
TYPE BOOLEAN
0
TEXT
8
PART_ATTR
10
0
20
937.600839895
40
70
1
INHERITANCE  NET
0
TEXT
8
PART_ATTR
10
0
20
817.600839895
40
70
1
ECO_REGISTRATION Y
0
TEXT
8
PART_ATTR
10
0
20
697.600839895
40
70
1
READONLY Y
0
TEXT
8
PART_ATTR
10
0
20
577.600839895
40
70
1
SYSTEM Y
0
TEXT
8
PART_ATTR
10
0
20
457.600839895
40
70
1
HIDDEN Y
0
TEXT
8
PART_ATTR
10
0
20
337.600839895
40
70
1
ATTRIBUTE Library.Timestamp
0
TEXT
8
PART_ATTR
10
0
20
217.600839895
40
70
1
TYPE FREETEXT
0
TEXT
8
PART_ATTR
10
0
20
97.600839895
40
70
1
INHERITANCE  DECAL
0
TEXT
8
PART_ATTR
10
0
20
-22.399160105
40
70
1
INHERITANCE  PARTTYPE
0
TEXT
8
PART_ATTR
10
0
20
-142.399160105
40
70
1
ECO_REGISTRATION N
0
TEXT
8
PART_ATTR
10
0
20
-262.399160105
40
70
1
READONLY Y
0
TEXT
8
PART_ATTR
10
0
20
-382.399160105
40
70
1
SYSTEM Y
0
TEXT
8
PART_ATTR
10
0
20
-502.399160105
40
70
1
HIDDEN Y
0
TEXT
8
PART_ATTR
10
0
20
-622.399160105
40
70
1
ATTRIBUTE Design.Timestamp
0
TEXT
8
PART_ATTR
10
0
20
-742.399160105
40
70
1
TYPE FREETEXT
0
TEXT
8
PART_ATTR
10
0
20
-862.399160105
40
70
1
INHERITANCE  DECAL
0
TEXT
8
PART_ATTR
10
0
20
-982.399160105
40
70
1
INHERITANCE  PARTTYPE
0
TEXT
8
PART_ATTR
10
0
20
-1102.399160105
40
70
1
ECO_REGISTRATION N
0
TEXT
8
PART_ATTR
10
0
20
-1222.399160105
40
70
1
READONLY Y
0
TEXT
8
PART_ATTR
10
0
20
-1342.399160105
40
70
1
SYSTEM Y
0
TEXT
8
PART_ATTR
10
0
20
-1462.399160105
40
70
1
HIDDEN Y
0
TEXT
8
PART_ATTR
10
0
20
-1582.399160105
40
70
1
ATTRIBUTE DiffPair.RestrictPairTuneInGap
0
TEXT
8
PART_ATTR
10
0
20
-1702.399160105
40
70
1
TYPE BOOLEAN
0
TEXT
8
PART_ATTR
10
0
20
-1822.399160105
40
70
1
INHERITANCE  PCB
0
TEXT
8
PART_ATTR
10
0
20
-1942.399160105
40
70
1
ECO_REGISTRATION N
0
TEXT
8
PART_ATTR
10
0
20
-2062.399160105
40
70
1
READONLY Y
0
TEXT
8
PART_ATTR
10
0
20
-2182.399160105
40
70
1
SYSTEM Y
0
TEXT
8
PART_ATTR
10
0
20
-2302.399160105
40
70
1
HIDDEN Y
0
TEXT
8
PART_ATTR
10
0
20
-2422.399160105
40
70
1
ATTRIBUTE DiffPair.RestrictSmallAccordionsInPairs
0
TEXT
8
PART_ATTR
10
0
20
-2542.399160105
40
70
1
TYPE BOOLEAN
0
TEXT
8
PART_ATTR
10
0
20
-2662.399160105
40
70
1
INHERITANCE  PCB
0
TEXT
8
PART_ATTR
10
0
20
-2782.399160105
40
70
1
ECO_REGISTRATION N
0
TEXT
8
PART_ATTR
10
0
20
-2902.399160105
40
70
1
READONLY Y
0
TEXT
8
PART_ATTR
10
0
20
-3022.399160105
40
70
1
SYSTEM Y
0
TEXT
8
PART_ATTR
10
0
20
-3142.399160105
40
70
1
HIDDEN Y
0
TEXT
8
PART_ATTR
10
0
20
-3262.399160105
40
70
1
ATTRIBUTE DiffPair.TunePairsToZeroTolerance
0
TEXT
8
PART_ATTR
10
0
20
-3382.399160105
40
70
1
TYPE BOOLEAN
0
TEXT
8
PART_ATTR
10
0
20
-3502.399160105
40
70
1
INHERITANCE  PCB
0
TEXT
8
PART_ATTR
10
0
20
-3622.399160105
40
70
1
ECO_REGISTRATION N
0
TEXT
8
PART_ATTR
10
0
20
-3742.399160105
40
70
1
READONLY Y
0
TEXT
8
PART_ATTR
10
0
20
-3862.399160105
40
70
1
SYSTEM Y
0
TEXT
8
PART_ATTR
10
0
20
-3982.399160105
40
70
1
HIDDEN Y
0
TEXT
8
PART_ATTR
10
0
20
-4102.399160105
40
70
1
ATTRIBUTE DiffPair.MinControlledLength
0
TEXT
8
PART_ATTR
10
0
20
-4222.399160105
40
70
1
TYPE FLOAT
0
TEXT
8
PART_ATTR
10
0
20
-4342.399160105
40
70
1
MIN 20
0
TEXT
8
PART_ATTR
10
0
20
-4462.399160105
40
70
1
MAX 100
0
TEXT
8
PART_ATTR
10
0
20
-4582.399160105
40
70
1
INHERITANCE  PCB
0
TEXT
8
PART_ATTR
10
0
20
-4702.399160105
40
70
1
ECO_REGISTRATION N
0
TEXT
8
PART_ATTR
10
0
20
-4822.399160105
40
70
1
READONLY Y
0
TEXT
8
PART_ATTR
10
0
20
-4942.399160105
40
70
1
SYSTEM Y
0
TEXT
8
PART_ATTR
10
0
20
-5062.399160105
40
70
1
HIDDEN Y
0
TEXT
8
PART_ATTR
10
0
20
-5182.399160105
40
70
1
ATTRIBUTE DiffPair.MaxIrregularLength
0
TEXT
8
PART_ATTR
10
0
20
-5302.399160105
40
70
1
TYPE QUANTITY
0
TEXT
8
PART_ATTR
10
0
20
-5422.399160105
40
70
1
QUANTITY Size/Dimension
0
TEXT
8
PART_ATTR
10
0
20
-5542.399160105
40
70
1
ABBR 
0
TEXT
8
PART_ATTR
10
0
20
-5662.399160105
40
70
1
UNIT 
0
TEXT
8
PART_ATTR
10
0
20
-5782.399160105
40
70
1
MIN 
0
TEXT
8
PART_ATTR
10
0
20
-5902.399160105
40
70
1
MAX 
0
TEXT
8
PART_ATTR
10
0
20
-6022.399160105
40
70
1
INHERITANCE  PCB
0
TEXT
8
PART_ATTR
10
0
20
-6142.399160105
40
70
1
ECO_REGISTRATION N
0
TEXT
8
PART_ATTR
10
0
20
-6262.399160105
40
70
1
READONLY Y
0
TEXT
8
PART_ATTR
10
0
20
-6382.399160105
40
70
1
SYSTEM Y
0
TEXT
8
PART_ATTR
10
0
20
-6502.399160105
40
70
1
HIDDEN Y
0
TEXT
8
PART_ATTR
10
0
20
-6622.399160105
40
70
1
ATTRIBUTE CAM.Solder mask.Adjust
0
TEXT
8
PART_ATTR
10
0
20
-6742.399160105
40
70
1
TYPE QUANTITY
0
TEXT
8
PART_ATTR
10
0
20
-6862.399160105
40
70
1
QUANTITY Size/Dimension
0
TEXT
8
PART_ATTR
10
0
20
-6982.399160105
40
70
1
ABBR 
0
TEXT
8
PART_ATTR
10
0
20
-7102.399160105
40
70
1
UNIT 
0
TEXT
8
PART_ATTR
10
0
20
-7222.399160105
40
70
1
MIN 
0
TEXT
8
PART_ATTR
10
0
20
-7342.399160105
40
70
1
MAX 250.00mil
0
TEXT
8
PART_ATTR
10
0
20
-7462.399160105
40
70
1
INHERITANCE  PCB
0
TEXT
8
PART_ATTR
10
0
20
-7582.399160105
40
70
1
INHERITANCE  PART DECAL
0
TEXT
8
PART_ATTR
10
0
20
-7702.399160105
40
70
1
INHERITANCE  VIA
0
TEXT
8
PART_ATTR
10
0
20
-7822.399160105
40
70
1
ECO_REGISTRATION N
0
TEXT
8
PART_ATTR
10
0
20
-7942.399160105
40
70
1
READONLY N
0
TEXT
8
PART_ATTR
10
0
20
-8062.399160105
40
70
1
SYSTEM Y
0
TEXT
8
PART_ATTR
10
0
20
-8182.399160105
40
70
1
HIDDEN N
0
TEXT
8
PART_ATTR
10
0
20
-8302.399160105
40
70
1
ATTRIBUTE CAM.Paste mask.Adjust
0
TEXT
8
PART_ATTR
10
0
20
-8422.399160105
40
70
1
TYPE QUANTITY
0
TEXT
8
PART_ATTR
10
0
20
-8542.399160105
40
70
1
QUANTITY Size/Dimension
0
TEXT
8
PART_ATTR
10
0
20
-8662.399160105
40
70
1
ABBR 
0
TEXT
8
PART_ATTR
10
0
20
-8782.399160105
40
70
1
UNIT 
0
TEXT
8
PART_ATTR
10
0
20
-8902.399160105
40
70
1
MIN 
0
TEXT
8
PART_ATTR
10
0
20
-9022.399160105
40
70
1
MAX 250.00mil
0
TEXT
8
PART_ATTR
10
0
20
-9142.399160105
40
70
1
INHERITANCE  PCB
0
TEXT
8
PART_ATTR
10
0
20
-9262.399160105
40
70
1
INHERITANCE  PART DECAL
0
TEXT
8
PART_ATTR
10
0
20
-9382.399160105
40
70
1
INHERITANCE  VIA
0
TEXT
8
PART_ATTR
10
0
20
-9502.399160105
40
70
1
ECO_REGISTRATION N
0
TEXT
8
PART_ATTR
10
0
20
-9622.399160105
40
70
1
READONLY N
0
TEXT
8
PART_ATTR
10
0
20
-9742.399160105
40
70
1
SYSTEM Y
0
TEXT
8
PART_ATTR
10
0
20
-9862.399160105
40
70
1
HIDDEN N
0
TEXT
8
PART_ATTR
10
0
20
-9982.399160105
40
70
1
ATTRIBUTE CAM.Apply Oversize To All Pads
0
TEXT
8
PART_ATTR
10
0
20
-10102.399160105
40
70
1
TYPE BOOLEAN
0
TEXT
8
PART_ATTR
10
0
20
-10222.399160105
40
70
1
INHERITANCE  PCB
0
TEXT
8
PART_ATTR
10
0
20
-10342.399160105
40
70
1
ECO_REGISTRATION N
0
TEXT
8
PART_ATTR
10
0
20
-10462.399160105
40
70
1
READONLY N
0
TEXT
8
PART_ATTR
10
0
20
-10582.399160105
40
70
1
SYSTEM Y
0
TEXT
8
PART_ATTR
10
0
20
-10702.399160105
40
70
1
HIDDEN N
0
TEXT
8
PART_ATTR
10
0
20
-10822.399160105
40
70
1
ATTRIBUTE CAM.Drill Data
0
TEXT
8
PART_ATTR
10
0
20
-10942.399160105
40
70
1
TYPE FREETEXT
0
TEXT
8
PART_ATTR
10
0
20
-11062.399160105
40
70
1
INHERITANCE  PCB
0
TEXT
8
PART_ATTR
10
0
20
-11182.399160105
40
70
1
ECO_REGISTRATION N
0
TEXT
8
PART_ATTR
10
0
20
-11302.399160105
40
70
1
READONLY N
0
TEXT
8
PART_ATTR
10
0
20
-11422.399160105
40
70
1
SYSTEM Y
0
TEXT
8
PART_ATTR
10
0
20
-11542.399160105
40
70
1
HIDDEN Y
0
TEXT
8
PART_ATTR
10
0
20
-11662.399160105
40
70
1
ATTRIBUTE CHK.Use Visible Workspace Box for Latium Checking
0
TEXT
8
PART_ATTR
10
0
20
-11782.399160105
40
70
1
TYPE BOOLEAN
0
TEXT
8
PART_ATTR
10
0
20
-11902.399160105
40
70
1
INHERITANCE  PCB
0
TEXT
8
PART_ATTR
10
0
20
-12022.399160105
40
70
1
ECO_REGISTRATION N
0
TEXT
8
PART_ATTR
10
0
20
-12142.399160105
40
70
1
READONLY N
0
TEXT
8
PART_ATTR
10
0
20
-12262.399160105
40
70
1
SYSTEM Y
0
TEXT
8
PART_ATTR
10
0
20
-12382.399160105
40
70
1
HIDDEN Y
0
TEXT
8
PART_ATTR
10
0
20
-12502.399160105
40
70
1
ATTRIBUTE Single Sided Board
0
TEXT
8
PART_ATTR
10
0
20
-12622.399160105
40
70
1
TYPE BOOLEAN
0
TEXT
8
PART_ATTR
10
0
20
-12742.399160105
40
70
1
INHERITANCE  PCB
0
TEXT
8
PART_ATTR
10
0
20
-12862.399160105
40
70
1
ECO_REGISTRATION N
0
TEXT
8
PART_ATTR
10
0
20
-12982.399160105
40
70
1
READONLY N
0
TEXT
8
PART_ATTR
10
0
20
-13102.399160105
40
70
1
SYSTEM Y
0
TEXT
8
PART_ATTR
10
0
20
-13222.399160105
40
70
1
HIDDEN Y
0
TEXT
8
PART_ATTR
10
0
20
-13342.399160105
40
70
1
ATTRIBUTE DxDesigner.ProjectFilePath
0
TEXT
8
PART_ATTR
10
0
20
-13462.399160105
40
70
1
TYPE FREETEXT
0
TEXT
8
PART_ATTR
10
0
20
-13582.399160105
40
70
1
INHERITANCE  PCB
0
TEXT
8
PART_ATTR
10
0
20
-13702.399160105
40
70
1
ECO_REGISTRATION N
0
TEXT
8
PART_ATTR
10
0
20
-13822.399160105
40
70
1
READONLY Y
0
TEXT
8
PART_ATTR
10
0
20
-13942.399160105
40
70
1
SYSTEM Y
0
TEXT
8
PART_ATTR
10
0
20
-14062.399160105
40
70
1
HIDDEN Y
0
TEXT
8
PART_ATTR
10
0
20
-14182.399160105
40
70
1
ATTRIBUTE iCDB.DesignName
0
TEXT
8
PART_ATTR
10
0
20
-14302.399160105
40
70
1
TYPE FREETEXT
0
TEXT
8
PART_ATTR
10
0
20
-14422.399160105
40
70
1
INHERITANCE  PCB
0
TEXT
8
PART_ATTR
10
0
20
-14542.399160105
40
70
1
ECO_REGISTRATION N
0
TEXT
8
PART_ATTR
10
0
20
-14662.399160105
40
70
1
READONLY Y
0
TEXT
8
PART_ATTR
10
0
20
-14782.399160105
40
70
1
SYSTEM Y
0
TEXT
8
PART_ATTR
10
0
20
-14902.399160105
40
70
1
HIDDEN Y
0
TEXT
8
PART_ATTR
10
0
20
-15022.399160105
40
70
1
ATTRIBUTE iCDB.RootBlock
0
TEXT
8
PART_ATTR
10
0
20
-15142.399160105
40
70
1
TYPE FREETEXT
0
TEXT
8
PART_ATTR
10
0
20
-15262.399160105
40
70
1
INHERITANCE  PCB
0
TEXT
8
PART_ATTR
10
0
20
-15382.399160105
40
70
1
ECO_REGISTRATION N
0
TEXT
8
PART_ATTR
10
0
20
-15502.399160105
40
70
1
READONLY Y
0
TEXT
8
PART_ATTR
10
0
20
-15622.399160105
40
70
1
SYSTEM Y
0
TEXT
8
PART_ATTR
10
0
20
-15742.399160105
40
70
1
HIDDEN Y
0
TEXT
8
PART_ATTR
10
0
20
-15862.399160105
40
70
1
ATTRIBUTE iCDB.MainSnapshotName
0
TEXT
8
PART_ATTR
10
0
20
-15982.399160105
40
70
1
TYPE FREETEXT
0
TEXT
8
PART_ATTR
10
0
20
-16102.399160105
40
70
1
INHERITANCE  PCB
0
TEXT
8
PART_ATTR
10
0
20
-16222.399160105
40
70
1
ECO_REGISTRATION N
0
TEXT
8
PART_ATTR
10
0
20
-16342.399160105
40
70
1
READONLY Y
0
TEXT
8
PART_ATTR
10
0
20
-16462.399160105
40
70
1
SYSTEM Y
0
TEXT
8
PART_ATTR
10
0
20
-16582.399160105
40
70
1
HIDDEN Y
0
TEXT
8
PART_ATTR
10
0
20
-16702.399160105
40
70
1
ATTRIBUTE iCDB.TempSnapshotName
0
TEXT
8
PART_ATTR
10
0
20
-16822.399160105
40
70
1
TYPE FREETEXT
0
TEXT
8
PART_ATTR
10
0
20
-16942.399160105
40
70
1
INHERITANCE  PCB
0
TEXT
8
PART_ATTR
10
0
20
-17062.399160105
40
70
1
ECO_REGISTRATION N
0
TEXT
8
PART_ATTR
10
0
20
-17182.399160105
40
70
1
READONLY Y
0
TEXT
8
PART_ATTR
10
0
20
-17302.399160105
40
70
1
SYSTEM Y
0
TEXT
8
PART_ATTR
10
0
20
-17422.399160105
40
70
1
HIDDEN Y
0
TEXT
8
PART_ATTR
10
0
20
-17542.399160105
40
70
1
ATTRIBUTE Bridges
0
TEXT
8
PART_ATTR
10
0
20
-17662.399160105
40
70
1
TYPE FREETEXT
0
TEXT
8
PART_ATTR
10
0
20
-17782.399160105
40
70
1
INHERITANCE  NET
0
TEXT
8
PART_ATTR
10
0
20
-17902.399160105
40
70
1
ECO_REGISTRATION N
0
TEXT
8
PART_ATTR
10
0
20
-18022.399160105
40
70
1
READONLY Y
0
TEXT
8
PART_ATTR
10
0
20
-18142.399160105
40
70
1
SYSTEM Y
0
TEXT
8
PART_ATTR
10
0
20
-18262.399160105
40
70
1
HIDDEN Y
0
TEXT
8
PART_ATTR
10
0
20
-18382.399160105
40
70
1
ATTRIBUTE Guard.BandColor
0
TEXT
8
PART_ATTR
10
0
20
-18502.399160105
40
70
1
TYPE INTEGER
0
TEXT
8
PART_ATTR
10
0
20
-18622.399160105
40
70
1
MIN 0
0
TEXT
8
PART_ATTR
10
0
20
-18742.399160105
40
70
1
MAX 2147483647
0
TEXT
8
PART_ATTR
10
0
20
-18862.399160105
40
70
1
INHERITANCE  PCB
0
TEXT
8
PART_ATTR
10
0
20
-18982.399160105
40
70
1
ECO_REGISTRATION N
0
TEXT
8
PART_ATTR
10
0
20
-19102.399160105
40
70
1
READONLY N
0
TEXT
8
PART_ATTR
10
0
20
-19222.399160105
40
70
1
SYSTEM N
0
TEXT
8
PART_ATTR
10
0
20
-19342.399160105
40
70
1
HIDDEN N
0
TEXT
8
PART_ATTR
10
0
20
-19462.399160105
40
70
1
ATTRIBUTE Blaze.Thermal.Color
0
TEXT
8
PART_ATTR
10
0
20
-19582.399160105
40
70
1
TYPE INTEGER
0
TEXT
8
PART_ATTR
10
0
20
-19702.399160105
40
70
1
MIN 0
0
TEXT
8
PART_ATTR
10
0
20
-19822.399160105
40
70
1
MAX 2147483647
0
TEXT
8
PART_ATTR
10
0
20
-19942.399160105
40
70
1
INHERITANCE  PCB
0
TEXT
8
PART_ATTR
10
0
20
-20062.399160105
40
70
1
ECO_REGISTRATION N
0
TEXT
8
PART_ATTR
10
0
20
-20182.399160105
40
70
1
READONLY N
0
TEXT
8
PART_ATTR
10
0
20
-20302.399160105
40
70
1
SYSTEM N
0
TEXT
8
PART_ATTR
10
0
20
-20422.399160105
40
70
1
HIDDEN N
0
TEXT
8
PART_ATTR
10
0
20
-20542.399160105
40
70
1
ATTRIBUTE Blaze.TestPoint.Color
0
TEXT
8
PART_ATTR
10
0
20
-20662.399160105
40
70
1
TYPE INTEGER
0
TEXT
8
PART_ATTR
10
0
20
-20782.399160105
40
70
1
MIN 0
0
TEXT
8
PART_ATTR
10
0
20
-20902.399160105
40
70
1
MAX 2147483647
0
TEXT
8
PART_ATTR
10
0
20
-21022.399160105
40
70
1
INHERITANCE  PCB
0
TEXT
8
PART_ATTR
10
0
20
-21142.399160105
40
70
1
ECO_REGISTRATION N
0
TEXT
8
PART_ATTR
10
0
20
-21262.399160105
40
70
1
READONLY N
0
TEXT
8
PART_ATTR
10
0
20
-21382.399160105
40
70
1
SYSTEM N
0
TEXT
8
PART_ATTR
10
0
20
-21502.399160105
40
70
1
HIDDEN N
0
TEXT
8
PART_ATTR
10
0
20
-21622.399160105
40
70
1
ATTRIBUTE AssociatedNetAssociateNets
0
TEXT
8
PART_ATTR
10
0
20
-21742.399160105
40
70
1
TYPE BOOLEAN
0
TEXT
8
PART_ATTR
10
0
20
-21862.399160105
40
70
1
INHERITANCE  NET
0
TEXT
8
PART_ATTR
10
0
20
-21982.399160105
40
70
1
INHERITANCE  PART
0
TEXT
8
PART_ATTR
10
0
20
-22102.399160105
40
70
1
ECO_REGISTRATION N
0
TEXT
8
PART_ATTR
10
0
20
-22222.399160105
40
70
1
READONLY Y
0
TEXT
8
PART_ATTR
10
0
20
-22342.399160105
40
70
1
SYSTEM Y
0
TEXT
8
PART_ATTR
10
0
20
-22462.399160105
40
70
1
HIDDEN Y
0
TEXT
8
PART_ATTR
10
0
20
-22582.399160105
40
70
1
ATTRIBUTE AssociatedNetAllowPrefix
0
TEXT
8
PART_ATTR
10
0
20
-22702.399160105
40
70
1
TYPE BOOLEAN
0
TEXT
8
PART_ATTR
10
0
20
-22822.399160105
40
70
1
INHERITANCE  NET
0
TEXT
8
PART_ATTR
10
0
20
-22942.399160105
40
70
1
INHERITANCE  PART
0
TEXT
8
PART_ATTR
10
0
20
-23062.399160105
40
70
1
ECO_REGISTRATION N
0
TEXT
8
PART_ATTR
10
0
20
-23182.399160105
40
70
1
READONLY Y
0
TEXT
8
PART_ATTR
10
0
20
-23302.399160105
40
70
1
SYSTEM Y
0
TEXT
8
PART_ATTR
10
0
20
-23422.399160105
40
70
1
HIDDEN Y
0
TEXT
8
PART_ATTR
10
0
20
-23542.399160105
40
70
1
ATTRIBUTE AssociatedNetDiscreteLength
0
TEXT
8
PART_ATTR
10
0
20
-23662.399160105
40
70
1
TYPE FLOAT
0
TEXT
8
PART_ATTR
10
0
20
-23782.399160105
40
70
1
MIN -1.79769e+308
0
TEXT
8
PART_ATTR
10
0
20
-23902.399160105
40
70
1
MAX 1.79769e+308
0
TEXT
8
PART_ATTR
10
0
20
-24022.399160105
40
70
1
INHERITANCE  PCB
0
TEXT
8
PART_ATTR
10
0
20
-24142.399160105
40
70
1
INHERITANCE  PART
0
TEXT
8
PART_ATTR
10
0
20
-24262.399160105
40
70
1
ECO_REGISTRATION N
0
TEXT
8
PART_ATTR
10
0
20
-24382.399160105
40
70
1
READONLY Y
0
TEXT
8
PART_ATTR
10
0
20
-24502.399160105
40
70
1
SYSTEM Y
0
TEXT
8
PART_ATTR
10
0
20
-24622.399160105
40
70
1
HIDDEN Y
0
TEXT
8
PART_ATTR
10
0
20
-24742.399160105
40
70
1
ATTRIBUTE LaserDrillOversize
0
TEXT
8
PART_ATTR
10
0
20
-24862.399160105
40
70
1
TYPE FLOAT
0
TEXT
8
PART_ATTR
10
0
20
-24982.399160105
40
70
1
MIN -1.79769e+308
0
TEXT
8
PART_ATTR
10
0
20
-25102.399160105
40
70
1
MAX 1.79769e+308
0
TEXT
8
PART_ATTR
10
0
20
-25222.399160105
40
70
1
INHERITANCE  PCB
0
TEXT
8
PART_ATTR
10
0
20
-25342.399160105
40
70
1
ECO_REGISTRATION N
0
TEXT
8
PART_ATTR
10
0
20
-25462.399160105
40
70
1
READONLY Y
0
TEXT
8
PART_ATTR
10
0
20
-25582.399160105
40
70
1
SYSTEM Y
0
TEXT
8
PART_ATTR
10
0
20
-25702.399160105
40
70
1
HIDDEN Y
0
TEXT
8
PART_ATTR
10
0
20
-25822.399160105
40
70
1
ATTRIBUTE ViaLaserData
0
TEXT
8
PART_ATTR
10
0
20
-25942.399160105
40
70
1
TYPE FREETEXT
0
TEXT
8
PART_ATTR
10
0
20
-26062.399160105
40
70
1
INHERITANCE  PCB
0
TEXT
8
PART_ATTR
10
0
20
-26182.399160105
40
70
1
ECO_REGISTRATION N
0
TEXT
8
PART_ATTR
10
0
20
-26302.399160105
40
70
1
READONLY Y
0
TEXT
8
PART_ATTR
10
0
20
-26422.399160105
40
70
1
SYSTEM Y
0
TEXT
8
PART_ATTR
10
0
20
-26542.399160105
40
70
1
HIDDEN Y
0
TEXT
8
PART_ATTR
10
0
20
-26662.399160105
40
70
1
ATTRIBUTE PreservePadsOnNoPlaneLayers
0
TEXT
8
PART_ATTR
10
0
20
-26782.399160105
40
70
1
TYPE BOOLEAN
0
TEXT
8
PART_ATTR
10
0
20
-26902.399160105
40
70
1
INHERITANCE  PCB
0
TEXT
8
PART_ATTR
10
0
20
-27022.399160105
40
70
1
ECO_REGISTRATION N
0
TEXT
8
PART_ATTR
10
0
20
-27142.399160105
40
70
1
READONLY Y
0
TEXT
8
PART_ATTR
10
0
20
-27262.399160105
40
70
1
SYSTEM Y
0
TEXT
8
PART_ATTR
10
0
20
-27382.399160105
40
70
1
HIDDEN Y
0
TEXT
8
PART_ATTR
10
0
20
-27502.399160105
40
70
1
ATTRIBUTE DFF.Silkscreen To Copper Pad Minimum Gap
0
TEXT
8
PART_ATTR
10
0
20
-27622.399160105
40
70
1
TYPE INTEGER
0
TEXT
8
PART_ATTR
10
0
20
-27742.399160105
40
70
1
MIN 0
0
TEXT
8
PART_ATTR
10
0
20
-27862.399160105
40
70
1
MAX 38100000
0
TEXT
8
PART_ATTR
10
0
20
-27982.399160105
40
70
1
INHERITANCE  PCB
0
TEXT
8
PART_ATTR
10
0
20
-28102.399160105
40
70
1
ECO_REGISTRATION N
0
TEXT
8
PART_ATTR
10
0
20
-28222.399160105
40
70
1
READONLY Y
0
TEXT
8
PART_ATTR
10
0
20
-28342.399160105
40
70
1
SYSTEM Y
0
TEXT
8
PART_ATTR
10
0
20
-28462.399160105
40
70
1
HIDDEN Y
0
TEXT
8
PART_ATTR
10
0
20
-28582.399160105
40
70
1
ATTRIBUTE PADS3D.Objects.Silkscreen.Refresh
0
TEXT
8
PART_ATTR
10
0
20
-28702.399160105
40
70
1
TYPE FREETEXT
0
TEXT
8
PART_ATTR
10
0
20
-28822.399160105
40
70
1
INHERITANCE  PCB
0
TEXT
8
PART_ATTR
10
0
20
-28942.399160105
40
70
1
ECO_REGISTRATION N
0
TEXT
8
PART_ATTR
10
0
20
-29062.399160105
40
70
1
READONLY N
0
TEXT
8
PART_ATTR
10
0
20
-29182.399160105
40
70
1
SYSTEM Y
0
TEXT
8
PART_ATTR
10
0
20
-29302.399160105
40
70
1
HIDDEN Y
0
TEXT
8
PART_ATTR
10
0
20
-29422.399160105
40
70
1
ATTRIBUTE PADS3D.Objects.SolderMask.Refresh
0
TEXT
8
PART_ATTR
10
0
20
-29542.399160105
40
70
1
TYPE FREETEXT
0
TEXT
8
PART_ATTR
10
0
20
-29662.399160105
40
70
1
INHERITANCE  PCB
0
TEXT
8
PART_ATTR
10
0
20
-29782.399160105
40
70
1
ECO_REGISTRATION N
0
TEXT
8
PART_ATTR
10
0
20
-29902.399160105
40
70
1
READONLY N
0
TEXT
8
PART_ATTR
10
0
20
-30022.399160105
40
70
1
SYSTEM Y
0
TEXT
8
PART_ATTR
10
0
20
-30142.399160105
40
70
1
HIDDEN Y
0
TEXT
8
PART_ATTR
10
0
20
-30262.399160105
40
70
1
ATTRIBUTE Sim.Analog.Model
0
TEXT
8
PART_ATTR
10
0
20
-30382.399160105
40
70
1
TYPE FREETEXT
0
TEXT
8
PART_ATTR
10
0
20
-30502.399160105
40
70
1
INHERITANCE  PART PARTTYPE
0
TEXT
8
PART_ATTR
10
0
20
-30622.399160105
40
70
1
ECO_REGISTRATION N
0
TEXT
8
PART_ATTR
10
0
20
-30742.399160105
40
70
1
READONLY N
0
TEXT
8
PART_ATTR
10
0
20
-30862.399160105
40
70
1
SYSTEM N
0
TEXT
8
PART_ATTR
10
0
20
-30982.399160105
40
70
1
HIDDEN N
0
TEXT
8
PART_ATTR
10
0
20
-31102.399160105
40
70
1
ATTRIBUTE Sim.Analog.Order
0
TEXT
8
PART_ATTR
10
0
20
-31222.399160105
40
70
1
TYPE FREETEXT
0
TEXT
8
PART_ATTR
10
0
20
-31342.399160105
40
70
1
INHERITANCE  PART PARTTYPE
0
TEXT
8
PART_ATTR
10
0
20
-31462.399160105
40
70
1
ECO_REGISTRATION N
0
TEXT
8
PART_ATTR
10
0
20
-31582.399160105
40
70
1
READONLY N
0
TEXT
8
PART_ATTR
10
0
20
-31702.399160105
40
70
1
SYSTEM N
0
TEXT
8
PART_ATTR
10
0
20
-31822.399160105
40
70
1
HIDDEN N
0
TEXT
8
PART_ATTR
10
0
20
-31942.399160105
40
70
1
ATTRIBUTE Sim.Analog.Prefix
0
TEXT
8
PART_ATTR
10
0
20
-32062.399160105
40
70
1
TYPE FREETEXT
0
TEXT
8
PART_ATTR
10
0
20
-32182.399160105
40
70
1
INHERITANCE  PART PARTTYPE
0
TEXT
8
PART_ATTR
10
0
20
-32302.399160105
40
70
1
ECO_REGISTRATION N
0
TEXT
8
PART_ATTR
10
0
20
-32422.399160105
40
70
1
READONLY N
0
TEXT
8
PART_ATTR
10
0
20
-32542.399160105
40
70
1
SYSTEM N
0
TEXT
8
PART_ATTR
10
0
20
-32662.399160105
40
70
1
HIDDEN N
0
TEXT
8
PART_ATTR
10
0
20
-32782.399160105
40
70
1
ATTRIBUTE Voltage Rating
0
TEXT
8
PART_ATTR
10
0
20
-32902.399160105
40
70
1
TYPE FREETEXT
0
TEXT
8
PART_ATTR
10
0
20
-33022.399160105
40
70
1
INHERITANCE  PART PARTTYPE
0
TEXT
8
PART_ATTR
10
0
20
-33142.399160105
40
70
1
ECO_REGISTRATION N
0
TEXT
8
PART_ATTR
10
0
20
-33262.399160105
40
70
1
READONLY N
0
TEXT
8
PART_ATTR
10
0
20
-33382.399160105
40
70
1
SYSTEM N
0
TEXT
8
PART_ATTR
10
0
20
-33502.399160105
40
70
1
HIDDEN N
0
TEXT
8
PART_ATTR
10
0
20
-33622.399160105
40
70
1
ATTRIBUTE VALUES
0
TEXT
8
PART_ATTR
10
0
20
-33742.399160105
40
70
1
DECAL 0603
0
TEXT
8
PART_ATTR
10
0
20
-33862.399160105
40
70
1
Design.Timestamp 1999.08.31.15.21.39
0
TEXT
8
PART_ATTR
10
0
20
-33982.399160105
40
70
1
DECAL MOLEX_SL_5P
0
TEXT
8
PART_ATTR
10
0
20
-34102.399160105
40
70
1
Design.Timestamp 2025.03.05.14.10.13
0
TEXT
8
PART_ATTR
10
0
20
-34222.399160105
40
70
1
DECAL MOLEX_SL_5P_RA
0
TEXT
8
PART_ATTR
10
0
20
-34342.399160105
40
70
1
Design.Timestamp 2020.11.09.19.54.11
0
TEXT
8
PART_ATTR
10
0
20
-34462.399160105
40
70
1
DECAL MOLEX_SL_5P_LOCK
0
TEXT
8
PART_ATTR
10
0
20
-34582.399160105
40
70
1
Design.Timestamp 2020.11.09.20.41.04
0
TEXT
8
PART_ATTR
10
0
20
-34702.399160105
40
70
1
DECAL MOLEX_SL_5P_RA_LOCK
0
TEXT
8
PART_ATTR
10
0
20
-34822.399160105
40
70
1
Design.Timestamp 2020.11.09.20.40.39
0
TEXT
8
PART_ATTR
10
0
20
-34942.399160105
40
70
1
DECAL MOLEX_SL_2P
0
TEXT
8
PART_ATTR
10
0
20
-35062.399160105
40
70
1
Design.Timestamp 2025.03.05.17.58.00
0
TEXT
8
PART_ATTR
10
0
20
-35182.399160105
40
70
1
DECAL MOLEX_SL_2P_RA
0
TEXT
8
PART_ATTR
10
0
20
-35302.399160105
40
70
1
Design.Timestamp 2020.11.09.19.55.47
0
TEXT
8
PART_ATTR
10
0
20
-35422.399160105
40
70
1
DECAL MOLEX_SL_2P_LOCK
0
TEXT
8
PART_ATTR
10
0
20
-35542.399160105
40
70
1
Design.Timestamp 2020.11.09.20.20.54
0
TEXT
8
PART_ATTR
10
0
20
-35662.399160105
40
70
1
DECAL MOLEX_SL_2P_RA_LOCK
0
TEXT
8
PART_ATTR
10
0
20
-35782.399160105
40
70
1
Design.Timestamp 2020.11.10.12.15.22
0
TEXT
8
PART_ATTR
10
0
20
-35902.399160105
40
70
1
DECAL CON1PIN
0
TEXT
8
PART_ATTR
10
0
20
-36022.399160105
40
70
1
Design.Timestamp 2025.03.03.15.14.00
0
TEXT
8
PART_ATTR
10
0
20
-36142.399160105
40
70
1
DECAL RN2903
0
TEXT
8
PART_ATTR
10
0
20
-36262.399160105
40
70
1
Design.Timestamp 2024.03.13.15.53.56
0
TEXT
8
PART_ATTR
10
0
20
-36382.399160105
40
70
1
DECAL SO8_25X75
0
TEXT
8
PART_ATTR
10
0
20
-36502.399160105
40
70
1
Design.Timestamp 2015.01.26.17.11.06
0
TEXT
8
PART_ATTR
10
0
20
-36622.399160105
40
70
1
DECAL FIDUCIAL_MARK
0
TEXT
8
PART_ATTR
10
0
20
-36742.399160105
40
70
1
Design.Timestamp 2004.10.01.20.37.47
0
TEXT
8
PART_ATTR
10
0
20
-36862.399160105
40
70
1
PARTTYPE 0603
0
TEXT
8
PART_ATTR
10
0
20
-36982.399160105
40
70
1
Description SURFACE MOUNT RESISTOR OR CAP 0.031 X 0.061 INCHES
0
TEXT
8
PART_ATTR
10
0
20
-37102.399160105
40
70
1
"Manufacturer #1" IPC SM-782
0
TEXT
8
PART_ATTR
10
0
20
-37222.399160105
40
70
1
Design.Timestamp 1999.03.30.22.52.06
0
TEXT
8
PART_ATTR
10
0
20
-37342.399160105
40
70
1
PARTTYPE MOLEX_SL_5P
0
TEXT
8
PART_ATTR
10
0
20
-37462.399160105
40
70
1
Design.Timestamp 2020.11.09.20.41.29
0
TEXT
8
PART_ATTR
10
0
20
-37582.399160105
40
70
1
PARTTYPE MOLEX_SL_2P
0
TEXT
8
PART_ATTR
10
0
20
-37702.399160105
40
70
1
Design.Timestamp 2020.11.10.12.15.44
0
TEXT
8
PART_ATTR
10
0
20
-37822.399160105
40
70
1
PARTTYPE CON1PIN
0
TEXT
8
PART_ATTR
10
0
20
-37942.399160105
40
70
1
Design.Timestamp 2025.03.03.15.15.47
0
TEXT
8
PART_ATTR
10
0
20
-38062.399160105
40
70
1
PARTTYPE RN2903
0
TEXT
8
PART_ATTR
10
0
20
-38182.399160105
40
70
1
Design.Timestamp 2024.03.13.15.54.12
0
TEXT
8
PART_ATTR
10
0
20
-38302.399160105
40
70
1
PARTTYPE SO8
0
TEXT
8
PART_ATTR
10
0
20
-38422.399160105
40
70
1
Design.Timestamp 2015.01.26.17.11.49
0
TEXT
8
PART_ATTR
10
0
20
-38542.399160105
40
70
1
PARTTYPE FIDUCIAL_MARK
0
TEXT
8
PART_ATTR
10
0
20
-38662.399160105
40
70
1
Design.Timestamp 1970.01.01.00.00.00
0
TEXT
8
PART_ATTR
10
0
20
-38782.399160105
40
70
1
PCB DEFAULT
0
TEXT
8
PART_ATTR
10
0
20
-38902.399160105
40
70
1
DFT."Probe to Trace Clearance" 6.00mil
0
TEXT
8
PART_ATTR
10
0
20
-39022.399160105
40
70
1
DFT."Probe to Pad Clearance" 6.00mil
0
TEXT
8
PART_ATTR
10
0
20
-39142.399160105
40
70
1
DFT."Generate Test Points" No
0
TEXT
8
PART_ATTR
10
0
20
-39262.399160105
40
70
1
DFT."Allow Stubs" Yes
0
TEXT
8
PART_ATTR
10
0
20
-39382.399160105
40
70
1
DFT."Stub Length" 150.00mil
0
TEXT
8
PART_ATTR
10
0
20
-39502.399160105
40
70
1
DFT."Use Via Grid" Yes
0
TEXT
8
PART_ATTR
10
0
20
-39622.399160105
40
70
1
DFT."Grid X-Coordinate" 25.00mil
0
TEXT
8
PART_ATTR
10
0
20
-39742.399160105
40
70
1
DFT."Grid Y-Coordinate" 25.00mil
0
TEXT
8
PART_ATTR
10
0
20
-39862.399160105
40
70
1
DFT."Preserve Test Points" No
0
TEXT
8
PART_ATTR
10
0
20
-39982.399160105
40
70
1
DFT."Insert Test Point Vias" No
0
TEXT
8
PART_ATTR
10
0
20
-40102.399160105
40
70
1
DFT."Probe Pins" Yes
0
TEXT
8
PART_ATTR
10
0
20
-40222.399160105
40
70
1
AutoDimensioning.Marker_Shape YYNNNY
0
TEXT
8
PART_ATTR
10
0
20
-40342.399160105
40
70
1
AutoDimensioning.Text_NumberPrecision 0 1 2
0
TEXT
8
PART_ATTR
10
0
20
-40462.399160105
40
70
1
AutoDimensioning.Text_AngularPrecision 0 0 0
0
TEXT
8
PART_ATTR
10
0
20
-40582.399160105
40
70
1
AutoDimensioning.Text_Suffix mil##mm##"
0
TEXT
8
PART_ATTR
10
0
20
-40702.399160105
40
70
1
AutoDimensioning.Text_Layer 24
0
TEXT
8
PART_ATTR
10
0
20
-40822.399160105
40
70
1
AutoDimensioning.Line_Layer 24
0
TEXT
8
PART_ATTR
10
0
20
-40942.399160105
40
70
1
AutoDimensioning.Preview_Type 1
0
TEXT
8
PART_ATTR
10
0
20
-41062.399160105
40
70
1
AutoDimensioning.Text_DisplacementValue 0
0
TEXT
8
PART_ATTR
10
0
20
-41182.399160105
40
70
1
Strategy.Fanout.Priority 1
0
TEXT
8
PART_ATTR
10
0
20
-41302.399160105
40
70
1
Strategy.Fanout.PlanePriority 0
0
TEXT
8
PART_ATTR
10
0
20
-41422.399160105
40
70
1
Strategy.Fanout.Protect No
0
TEXT
8
PART_ATTR
10
0
20
-41542.399160105
40
70
1
Strategy.Fanout.Pause No
0
TEXT
8
PART_ATTR
10
0
20
-41662.399160105
40
70
1
Strategy.Patterns.Priority 1
0
TEXT
8
PART_ATTR
10
0
20
-41782.399160105
40
70
1
Strategy.Patterns.PlanePriority 0
0
TEXT
8
PART_ATTR
10
0
20
-41902.399160105
40
70
1
Strategy.Patterns.Protect No
0
TEXT
8
PART_ATTR
10
0
20
-42022.399160105
40
70
1
Strategy.Patterns.Pause No
0
TEXT
8
PART_ATTR
10
0
20
-42142.399160105
40
70
1
Strategy.Route.Priority 1
0
TEXT
8
PART_ATTR
10
0
20
-42262.399160105
40
70
1
Strategy.Route.PlanePriority 0
0
TEXT
8
PART_ATTR
10
0
20
-42382.399160105
40
70
1
Strategy.Route.Protect No
0
TEXT
8
PART_ATTR
10
0
20
-42502.399160105
40
70
1
Strategy.Route.Pause No
0
TEXT
8
PART_ATTR
10
0
20
-42622.399160105
40
70
1
Strategy.Optimize.Priority 1
0
TEXT
8
PART_ATTR
10
0
20
-42742.399160105
40
70
1
Strategy.Optimize.PlanePriority 0
0
TEXT
8
PART_ATTR
10
0
20
-42862.399160105
40
70
1
Strategy.Optimize.Protect No
0
TEXT
8
PART_ATTR
10
0
20
-42982.399160105
40
70
1
Strategy.Optimize.Pause No
0
TEXT
8
PART_ATTR
10
0
20
-43102.399160105
40
70
1
Strategy.Miters.Priority 1
0
TEXT
8
PART_ATTR
10
0
20
-43222.399160105
40
70
1
Strategy.Miters.PlanePriority 0
0
TEXT
8
PART_ATTR
10
0
20
-43342.399160105
40
70
1
Strategy.Miters.Protect No
0
TEXT
8
PART_ATTR
10
0
20
-43462.399160105
40
70
1
Strategy.Miters.Pause No
0
TEXT
8
PART_ATTR
10
0
20
-43582.399160105
40
70
1
Strategy.TestPoint.Priority 1
0
TEXT
8
PART_ATTR
10
0
20
-43702.399160105
40
70
1
Strategy.TestPoint.PlanePriority 0
0
TEXT
8
PART_ATTR
10
0
20
-43822.399160105
40
70
1
Strategy.TestPoint.Protect No
0
TEXT
8
PART_ATTR
10
0
20
-43942.399160105
40
70
1
Strategy.TestPoint.Pause No
0
TEXT
8
PART_ATTR
10
0
20
-44062.399160105
40
70
1
Strategy.Center.Priority 1
0
TEXT
8
PART_ATTR
10
0
20
-44182.399160105
40
70
1
Strategy.Center.PlanePriority 0
0
TEXT
8
PART_ATTR
10
0
20
-44302.399160105
40
70
1
Strategy.Center.Pass No
0
TEXT
8
PART_ATTR
10
0
20
-44422.399160105
40
70
1
Strategy.Center.Protect No
0
TEXT
8
PART_ATTR
10
0
20
-44542.399160105
40
70
1
Strategy.Center.Pause No
0
TEXT
8
PART_ATTR
10
0
20
-44662.399160105
40
70
1
Strategy.Center.Intensity Low
0
TEXT
8
PART_ATTR
10
0
20
-44782.399160105
40
70
1
Strategy.Tune.Priority 1
0
TEXT
8
PART_ATTR
10
0
20
-44902.399160105
40
70
1
Strategy.Tune.PlanePriority 0
0
TEXT
8
PART_ATTR
10
0
20
-45022.399160105
40
70
1
Strategy.Tune.Pass No
0
TEXT
8
PART_ATTR
10
0
20
-45142.399160105
40
70
1
Strategy.Tune.Protect No
0
TEXT
8
PART_ATTR
10
0
20
-45262.399160105
40
70
1
Strategy.Tune.Pause No
0
TEXT
8
PART_ATTR
10
0
20
-45382.399160105
40
70
1
Strategy.Tune.Intensity Medium
0
TEXT
8
PART_ATTR
10
0
20
-45502.399160105
40
70
1
Placement.Grid.Use No
0
TEXT
8
PART_ATTR
10
0
20
-45622.399160105
40
70
1
Placement.Grid.X 25.00mil
0
TEXT
8
PART_ATTR
10
0
20
-45742.399160105
40
70
1
Placement.Grid.Y 25.00mil
0
TEXT
8
PART_ATTR
10
0
20
-45862.399160105
40
70
1
Accordion.Amplitude.Min 3
0
TEXT
8
PART_ATTR
10
0
20
-45982.399160105
40
70
1
Accordion.Amplitude.Max 30
0
TEXT
8
PART_ATTR
10
0
20
-46102.399160105
40
70
1
Accordion.Gap.Min 1
0
TEXT
8
PART_ATTR
10
0
20
-46222.399160105
40
70
1
Accordion.HierarchyLevel 8
0
TEXT
8
PART_ATTR
10
0
20
-46342.399160105
40
70
1
Accordion.Miters.Ratio 1.5
0
TEXT
8
PART_ATTR
10
0
20
-46462.399160105
40
70
1
Accordion.Miters.Arcs No
0
TEXT
8
PART_ATTR
10
0
20
-46582.399160105
40
70
1
Routing.MaxChannelWidth 100.00mil
0
TEXT
8
PART_ATTR
10
0
20
-46702.399160105
40
70
1
Routing.SoftLengthRrules Yes
0
TEXT
8
PART_ATTR
10
0
20
-46822.399160105
40
70
1
Routing.MeanderBeforeTune Yes
0
TEXT
8
PART_ATTR
10
0
20
-46942.399160105
40
70
1
Routing.ExtraLengthPercent 100
0
TEXT
8
PART_ATTR
10
0
20
-47062.399160105
40
70
1
CAM."Apply Oversize To All Pads" Yes
0
TEXT
8
PART_ATTR
10
0
20
-47182.399160105
40
70
1
CAM."Drill Data" 
0
TEXT
8
PART_ATTR
10
0
20
-47302.399160105
40
70
1
DiffPair.RestrictPairTuneInGap No
0
TEXT
8
PART_ATTR
10
0
20
-47422.399160105
40
70
1
DiffPair.RestrictSmallAccordionsInPairs No
0
TEXT
8
PART_ATTR
10
0
20
-47542.399160105
40
70
1
DiffPair.TunePairsToZeroTolerance Yes
0
TEXT
8
PART_ATTR
10
0
20
-47662.399160105
40
70
1
DiffPair.MinControlledLength 80
0
TEXT
8
PART_ATTR
10
0
20
-47782.399160105
40
70
1
DiffPair.MaxIrregularLength 500.00mil
0
TEXT
8
PART_ATTR
10
0
20
-47902.399160105
40
70
1
Guard.BandColor 0
0
TEXT
8
PART_ATTR
10
0
20
-48022.399160105
40
70
1
Blaze.Thermal.Color 15
0
TEXT
8
PART_ATTR
10
0
20
-48142.399160105
40
70
1
Blaze.TestPoint.Color 15
0
TEXT
8
PART_ATTR
10
0
20
-48262.399160105
40
70
1
LaserDrillOversize 114300
0
TEXT
8
PART_ATTR
10
0
20
-48382.399160105
40
70
1
PADS3D.Objects.Silkscreen.Refresh 21
0
TEXT
8
PART_ATTR
10
0
20
-48502.399160105
40
70
1
PADS3D.Objects.SolderMask.Refresh 21
0
ENDBLK
999
*** POWERPCB  2DLINE ***
0
BLOCK
2
DRAWING_2
8
0
10
0
20
0
3
DRAWING_2
70
64
0
POLYLINE
8
2D_LINE_00
66
1
40
12
41
12
70
1
0
VERTEX
8
2D_LINE_00
10
-320
20
-70
0
VERTEX
8
2D_LINE_00
10
19935
20
-70
0
VERTEX
8
2D_LINE_00
10
19935
20
13005
0
VERTEX
8
2D_LINE_00
10
-320
20
13005
0
SEQEND
0
INSERT
2
SMOOTH_12
8
2D_LINE_00
10
-320
20
-70
0
INSERT
2
SMOOTH_12
8
2D_LINE_00
10
19935
20
-70
0
INSERT
2
SMOOTH_12
8
2D_LINE_00
10
19935
20
13005
0
INSERT
2
SMOOTH_12
8
2D_LINE_00
10
-320
20
13005
0
ENDBLK
0
BLOCK
2
DRAWING_3
8
0
10
0
20
0
3
DRAWING_3
70
64
0
POLYLINE
8
2D_LINE_00
66
1
40
12
41
12
0
VERTEX
8
2D_LINE_00
10
350
20
-7150
0
VERTEX
8
2D_LINE_00
10
350
20
-4950
0
VERTEX
8
2D_LINE_00
10
6800
20
-4950
0
SEQEND
0
INSERT
2
SMOOTH_12
8
2D_LINE_00
10
350
20
-7150
0
INSERT
2
SMOOTH_12
8
2D_LINE_00
10
350
20
-4950
0
INSERT
2
SMOOTH_12
8
2D_LINE_00
10
6800
20
-4950
0
ENDBLK
0
BLOCK
2
DRAWING_4
8
0
10
0
20
0
3
DRAWING_4
70
64
0
POLYLINE
8
2D_LINE_00
66
1
40
12
41
12
0
VERTEX
8
2D_LINE_00
10
350
20
-5950
0
VERTEX
8
2D_LINE_00
10
6800
20
-5950
0
SEQEND
0
INSERT
2
SMOOTH_12
8
2D_LINE_00
10
350
20
-5950
0
INSERT
2
SMOOTH_12
8
2D_LINE_00
10
6800
20
-5950
0
ENDBLK
0
BLOCK
2
DRAWING_5
8
0
10
0
20
0
3
DRAWING_5
70
64
0
POLYLINE
8
2D_LINE_00
66
1
40
12
41
12
0
VERTEX
8
2D_LINE_00
10
1800
20
-4950
0
VERTEX
8
2D_LINE_00
10
1800
20
-5950
0
SEQEND
0
INSERT
2
SMOOTH_12
8
2D_LINE_00
10
1800
20
-4950
0
INSERT
2
SMOOTH_12
8
2D_LINE_00
10
1800
20
-5950
0
ENDBLK
0
BLOCK
2
DRAWING_6
8
0
10
0
20
0
3
DRAWING_6
70
64
0
POLYLINE
8
2D_LINE_00
66
1
40
12
41
12
0
VERTEX
8
2D_LINE_00
10
6800
20
-5550
0
VERTEX
8
2D_LINE_00
10
1800
20
-5550
0
SEQEND
0
INSERT
2
SMOOTH_12
8
2D_LINE_00
10
6800
20
-5550
0
INSERT
2
SMOOTH_12
8
2D_LINE_00
10
1800
20
-5550
0
ENDBLK
0
BLOCK
2
DRAWING_7
8
0
10
0
20
0
3
DRAWING_7
70
64
0
POLYLINE
8
2D_LINE_00
66
1
40
12
41
12
0
VERTEX
8
2D_LINE_00
10
3300
20
-7150
0
VERTEX
8
2D_LINE_00
10
3300
20
-4950
0
SEQEND
0
INSERT
2
SMOOTH_12
8
2D_LINE_00
10
3300
20
-7150
0
INSERT
2
SMOOTH_12
8
2D_LINE_00
10
3300
20
-4950
0
ENDBLK
0
BLOCK
2
DRAWING_8
8
0
10
0
20
0
3
DRAWING_8
70
64
0
POLYLINE
8
2D_LINE_00
66
1
40
12
41
12
0
VERTEX
8
2D_LINE_00
10
5050
20
-5550
0
VERTEX
8
2D_LINE_00
10
5050
20
-5950
0
SEQEND
0
INSERT
2
SMOOTH_12
8
2D_LINE_00
10
5050
20
-5550
0
INSERT
2
SMOOTH_12
8
2D_LINE_00
10
5050
20
-5950
0
ENDBLK
0
BLOCK
2
DRAWING_9
8
0
10
0
20
0
3
DRAWING_9
70
64
0
POLYLINE
8
2D_LINE_00
66
1
40
12
41
12
0
VERTEX
8
2D_LINE_00
10
6800
20
-6650
0
VERTEX
8
2D_LINE_00
10
3300
20
-6650
0
SEQEND
0
INSERT
2
SMOOTH_12
8
2D_LINE_00
10
6800
20
-6650
0
INSERT
2
SMOOTH_12
8
2D_LINE_00
10
3300
20
-6650
0
ENDBLK
0
BLOCK
2
DRAWING_10
8
0
10
0
20
0
3
DRAWING_10
70
64
0
POLYLINE
8
2D_LINE_00
66
1
40
12
41
12
0
VERTEX
8
2D_LINE_00
10
3800
20
-6650
0
VERTEX
8
2D_LINE_00
10
3800
20
-7150
0
SEQEND
0
INSERT
2
SMOOTH_12
8
2D_LINE_00
10
3800
20
-6650
0
INSERT
2
SMOOTH_12
8
2D_LINE_00
10
3800
20
-7150
0
ENDBLK
0
BLOCK
2
DRAWING_11
8
0
10
0
20
0
3
DRAWING_11
70
64
0
POLYLINE
8
2D_LINE_00
66
1
40
12
41
12
0
VERTEX
8
2D_LINE_00
10
5995
20
-6650
0
VERTEX
8
2D_LINE_00
10
5995
20
-7150
0
SEQEND
0
INSERT
2
SMOOTH_12
8
2D_LINE_00
10
5995
20
-6650
0
INSERT
2
SMOOTH_12
8
2D_LINE_00
10
5995
20
-7150
0
ENDBLK
0
BLOCK
2
D_1dfeghi_24
8
0
10
0
20
0
3
D_1dfeghi_24
70
64
0
POLYLINE
8
DIMENSION7_24
6
TRMIDX_2048
66
1
40
1
41
1
0
VERTEX
8
DIMENSION7_24
10
0
20
-50
0
VERTEX
8
DIMENSION7_24
10
0.0262467192
20
-50
0
SEQEND
0
POLYLINE
8
DIMENSION7_24
6
TRMIDX_2048
66
1
40
1
41
1
0
VERTEX
8
DIMENSION7_24
10
1050
20
-50
0
VERTEX
8
DIMENSION7_24
10
1050.0262467192
20
-50
0
SEQEND
0
POLYLINE
8
DIMENSION1_24
6
TRMIDX_2048
66
1
40
10
41
10
0
VERTEX
8
DIMENSION1_24
10
0
20
100
0
VERTEX
8
DIMENSION1_24
10
347.2727296588
20
100
0
SEQEND
0
POLYLINE
8
DIMENSION3_24
6
TRMIDX_2048
66
1
40
10
41
10
70
1
0
VERTEX
8
DIMENSION3_24
10
0
20
100
0
VERTEX
8
DIMENSION3_24
10
100
20
125
0
VERTEX
8
DIMENSION3_24
10
100
20
75
0
SEQEND
0
POLYLINE
8
DIMENSION2_24
6
TRMIDX_2048
66
1
40
10
41
10
0
VERTEX
8
DIMENSION2_24
10
1050
20
100
0
VERTEX
8
DIMENSION2_24
10
702.7272703412
20
100
0
SEQEND
0
POLYLINE
8
DIMENSION4_24
6
TRMIDX_2048
66
1
40
10
41
10
70
1
0
VERTEX
8
DIMENSION4_24
10
1050
20
100
0
VERTEX
8
DIMENSION4_24
10
950
20
75
0
VERTEX
8
DIMENSION4_24
10
950
20
125
0
SEQEND
0
POLYLINE
8
DIMENSION5_24
6
TRMIDX_2048
66
1
40
10
41
10
0
VERTEX
8
DIMENSION5_24
10
0
20
0
0
VERTEX
8
DIMENSION5_24
10
0
20
150
0
SEQEND
0
POLYLINE
8
DIMENSION6_24
6
TRMIDX_2048
66
1
40
10
41
10
0
VERTEX
8
DIMENSION6_24
10
1050
20
0
0
VERTEX
8
DIMENSION6_24
10
1050
20
150
0
SEQEND
0
TEXT
8
TEXT_24
10
377.2727296588
20
62.5
40
70
1
1050mil
41
0.75
7
W10
0
ENDBLK
0
BLOCK
2
D_2dfeghi_25
8
0
10
0
20
0
3
D_2dfeghi_25
70
64
0
POLYLINE
8
DIMENSION7_24
6
TRMIDX_4096
66
1
40
1
41
1
0
VERTEX
8
DIMENSION7_24
10
74.7232020997
20
0
0
VERTEX
8
DIMENSION7_24
10
74.7494488189
20
0
0
SEQEND
0
POLYLINE
8
DIMENSION7_24
6
TRMIDX_4096
66
1
40
1
41
1
0
VERTEX
8
DIMENSION7_24
10
49.7232020997
20
1400
0
VERTEX
8
DIMENSION7_24
10
49.7494488189
20
1400
0
SEQEND
0
POLYLINE
8
DIMENSION1_24
6
TRMIDX_4096
66
1
40
10
41
10
0
VERTEX
8
DIMENSION1_24
10
-175.2767979003
20
0
0
VERTEX
8
DIMENSION1_24
10
-175.2767979003
20
632.5
0
SEQEND
0
POLYLINE
8
DIMENSION3_24
6
TRMIDX_4096
66
1
40
10
41
10
70
1
0
VERTEX
8
DIMENSION3_24
10
-175.2767979003
20
0
0
VERTEX
8
DIMENSION3_24
10
-200.2767979003
20
100.0000524934
0
VERTEX
8
DIMENSION3_24
10
-150.2767979003
20
100.0000524934
0
SEQEND
0
POLYLINE
8
DIMENSION2_24
6
TRMIDX_4096
66
1
40
10
41
10
0
VERTEX
8
DIMENSION2_24
10
-175.2767979003
20
1400
0
VERTEX
8
DIMENSION2_24
10
-175.2767979003
20
767.5
0
SEQEND
0
POLYLINE
8
DIMENSION4_24
6
TRMIDX_4096
66
1
40
10
41
10
70
1
0
VERTEX
8
DIMENSION4_24
10
-175.2767979003
20
1400
0
VERTEX
8
DIMENSION4_24
10
-150.2767979003
20
1299.9999475066
0
VERTEX
8
DIMENSION4_24
10
-200.2767979003
20
1299.9999475066
0
SEQEND
0
POLYLINE
8
DIMENSION5_24
6
TRMIDX_4096
66
1
40
10
41
10
0
VERTEX
8
DIMENSION5_24
10
24.7232020997
20
0
0
VERTEX
8
DIMENSION5_24
10
-225.2767979003
20
0
0
SEQEND
0
POLYLINE
8
DIMENSION6_24
6
TRMIDX_4096
66
1
40
10
41
10
0
VERTEX
8
DIMENSION6_24
10
-0.2767979003
20
1400
0
VERTEX
8
DIMENSION6_24
10
-225.2767979003
20
1400
0
SEQEND
0
TEXT
8
TEXT_24
10
-323.0040682415
20
662.5
40
70
1
1400mil
41
0.75
7
W10
0
ENDBLK
999
*** POWERPCB  COPPER ***
999
*** POWERPCB  COPPER PLANE ***
0
BLOCK
2
POUR_HEADER_0
8
0
10
0
20
0
3
POUR_HEADER_0
70
64
0
POLYLINE
8
POUR_HEADER_01
6
POUR_00_-1_0_000000
66
1
40
10
41
10
70
1
0
VERTEX
8
POUR_HEADER_01
10
0
20
0
0
VERTEX
8
POUR_HEADER_01
10
1050
20
0
0
VERTEX
8
POUR_HEADER_01
10
1050
20
-1400
0
VERTEX
8
POUR_HEADER_01
10
0
20
-1400
0
SEQEND
0
INSERT
2
POUR_OUTLINE_12
8
0
10
1400
20
-6500
0
INSERT
2
POUR_OUTLINE_11
8
0
10
1400
20
-6500
0
INSERT
2
POUR_OUTLINE_9
8
0
10
1400
20
-6500
0
INSERT
2
POUR_OUTLINE_8
8
0
10
1400
20
-6500
0
INSERT
2
POUR_OUTLINE_7
8
0
10
1400
20
-6500
0
INSERT
2
POUR_OUTLINE_6
8
0
10
1400
20
-6500
0
INSERT
2
POUR_OUTLINE_5
8
0
10
1400
20
-6500
0
INSERT
2
POUR_OUTLINE_4
8
0
10
1400
20
-6500
0
INSERT
2
POUR_OUTLINE_2
8
0
10
1400
20
-6500
0
INSERT
2
POUR_VIATHERM_19
8
0
10
1400
20
-6500
0
INSERT
2
POUR_VIATHERM_27
8
0
10
1400
20
-6500
0
INSERT
2
POUR_VIATHERM_29
8
0
10
1400
20
-6500
0
INSERT
2
POUR_VIATHERM_31
8
0
10
1400
20
-6500
0
INSERT
2
POUR_VIATHERM_35
8
0
10
1400
20
-6500
0
INSERT
2
POUR_VIATHERM_33
8
0
10
1400
20
-6500
0
INSERT
2
POUR_VIATHERM_36
8
0
10
1400
20
-6500
0
INSERT
2
POUR_VIATHERM_22
8
0
10
1400
20
-6500
0
INSERT
2
POUR_VIATHERM_24
8
0
10
1400
20
-6500
0
INSERT
2
POUR_VIATHERM_25
8
0
10
1400
20
-6500
0
ENDBLK
0
BLOCK
2
POUR_OUTLINE_12
8
0
10
0
20
0
3
POUR_OUTLINE_12
70
64
0
POLYLINE
8
POUR_OUTLINE_01
66
1
40
10
41
10
70
1
0
VERTEX
8
POUR_OUTLINE_01
10
-482.1143569554
20
5847
42
0.0277602434
0
VERTEX
8
POUR_OUTLINE_01
10
-482.0835695538
20
5846.4459055118
42
-0.0277261533
0
VERTEX
8
POUR_OUTLINE_01
10
-482.0034908136
20
5845.007480315
0
VERTEX
8
POUR_OUTLINE_01
10
-481.9996587927
20
5823.0483989501
42
0.6969818452
0
VERTEX
8
POUR_OUTLINE_01
10
-473.1968766404
20
5819.8028871391
42
-0.1198579955
0
VERTEX
8
POUR_OUTLINE_01
10
-461.5113385827
20
5828.2442782152
42
0.3049001967
0
VERTEX
8
POUR_OUTLINE_01
10
-458.3984514436
20
5832.874488189
42
0.2109598921
0
VERTEX
8
POUR_OUTLINE_01
10
-460.0301574803
20
5836.5697112861
42
-0.0797059769
0
VERTEX
8
POUR_OUTLINE_01
10
-470.2936220472
20
5849.4561417323
42
0.2706568873
0
VERTEX
8
POUR_OUTLINE_01
10
-474.6487664042
20
5852
0
VERTEX
8
POUR_OUTLINE_01
10
-477.1143569554
20
5852
42
0.4142135624
0
SEQEND
0
ENDBLK
0
BLOCK
2
POUR_OUTLINE_11
8
0
10
0
20
0
3
POUR_OUTLINE_11
70
64
0
POLYLINE
8
POUR_OUTLINE_01
66
1
40
10
41
10
70
1
0
VERTEX
8
POUR_OUTLINE_01
10
-482.5125721785
20
5448.6076377953
42
-0.0702677926
0
VERTEX
8
POUR_OUTLINE_01
10
-482.0034908136
20
5445.007480315
0
VERTEX
8
POUR_OUTLINE_01
10
-481.9965091864
20
5405.004488189
42
-0.0279008212
0
VERTEX
8
POUR_OUTLINE_01
10
-482.0774278215
20
5403.5570341207
42
0.447304452
0
VERTEX
8
POUR_OUTLINE_01
10
-477.1085564304
20
5398
0
VERTEX
8
POUR_OUTLINE_01
10
-425
20
5398
42
-0.4142135624
0
VERTEX
8
POUR_OUTLINE_01
10
-402
20
5375
0
VERTEX
8
POUR_OUTLINE_01
10
-402
20
5299.9999737533
42
-0.1989121577
0
VERTEX
8
POUR_OUTLINE_01
10
-408.7365354331
20
5283.7365354331
0
VERTEX
8
POUR_OUTLINE_01
10
-446.2040682415
20
5246.2690026247
42
0.1989114027
0
VERTEX
8
POUR_OUTLINE_01
10
-447.6685301837
20
5242.7334645669
42
0.4910864388
0
VERTEX
8
POUR_OUTLINE_01
10
-441.4064829396
20
5237.8953543307
42
-0.2192693626
0
VERTEX
8
POUR_OUTLINE_01
10
-387.8571391076
20
5228.3423622047
42
0.6059191449
0
VERTEX
8
POUR_OUTLINE_01
10
-380
20
5232.4456167979
0
VERTEX
8
POUR_OUTLINE_01
10
-380
20
5834.3921259843
42
0.6654545646
0
VERTEX
8
POUR_OUTLINE_01
10
-388.5087664042
20
5837.9542257218
42
-0.172226399
0
VERTEX
8
POUR_OUTLINE_01
10
-420.0340682415
20
5823.237664042
42
0.5513244791
0
VERTEX
8
POUR_OUTLINE_01
10
-423.8443569554
20
5815.6886089239
42
-0.9201177124
0
VERTEX
8
POUR_OUTLINE_01
10
-473.197480315
20
5780.1978215223
42
0.6970559225
0
VERTEX
8
POUR_OUTLINE_01
10
-482.0003412073
20
5776.9515485564
0
VERTEX
8
POUR_OUTLINE_01
10
-481.9965091864
20
5755.0044356955
42
-0.0706465285
0
VERTEX
8
POUR_OUTLINE_01
10
-482.5106299213
20
5751.3853805774
42
0.1416749482
0
VERTEX
8
POUR_OUTLINE_01
10
-482.5125721785
20
5748.6076377953
42
-0.0702677926
0
VERTEX
8
POUR_OUTLINE_01
10
-482.0034908136
20
5745.007480315
0
VERTEX
8
POUR_OUTLINE_01
10
-481.9965091864
20
5705.0044356955
42
-0.0706465285
0
VERTEX
8
POUR_OUTLINE_01
10
-482.5106299213
20
5701.3853805774
42
0.1416749482
0
VERTEX
8
POUR_OUTLINE_01
10
-482.5125721785
20
5698.6076377953
42
-0.0702677926
0
VERTEX
8
POUR_OUTLINE_01
10
-482.0034908136
20
5695.007480315
0
VERTEX
8
POUR_OUTLINE_01
10
-481.9965091864
20
5655.0044356955
42
-0.0706465285
0
VERTEX
8
POUR_OUTLINE_01
10
-482.5106299213
20
5651.3853805774
42
0.1416749482
0
VERTEX
8
POUR_OUTLINE_01
10
-482.5125721785
20
5648.6076377953
42
-0.0702677926
0
VERTEX
8
POUR_OUTLINE_01
10
-482.0034908136
20
5645.007480315
0
VERTEX
8
POUR_OUTLINE_01
10
-481.9965091864
20
5605.0044356955
42
-0.0706465285
0
VERTEX
8
POUR_OUTLINE_01
10
-482.5106299213
20
5601.3853805774
42
0.1416749482
0
VERTEX
8
POUR_OUTLINE_01
10
-482.5125721785
20
5598.6076377953
42
-0.0702677926
0
VERTEX
8
POUR_OUTLINE_01
10
-482.0034908136
20
5595.007480315
0
VERTEX
8
POUR_OUTLINE_01
10
-481.9965091864
20
5555.0044356955
42
-0.0706465285
0
VERTEX
8
POUR_OUTLINE_01
10
-482.5106299213
20
5551.3853805774
42
0.1416749482
0
VERTEX
8
POUR_OUTLINE_01
10
-482.5125721785
20
5548.6076377953
42
-0.0702677926
0
VERTEX
8
POUR_OUTLINE_01
10
-482.0034908136
20
5545.007480315
0
VERTEX
8
POUR_OUTLINE_01
10
-481.9996587927
20
5523.0483989501
42
0.6969805792
0
VERTEX
8
POUR_OUTLINE_01
10
-473.1969028871
20
5519.8028871391
42
-2.711632506
0
VERTEX
8
POUR_OUTLINE_01
10
-473.197480315
20
5480.1978215223
42
0.6970559225
0
VERTEX
8
POUR_OUTLINE_01
10
-482.0003412073
20
5476.9515485564
0
VERTEX
8
POUR_OUTLINE_01
10
-481.9965091864
20
5455.0044356955
42
-0.0706465285
0
VERTEX
8
POUR_OUTLINE_01
10
-482.5106299213
20
5451.3853805774
42
0.1416749482
0
SEQEND
0
ENDBLK
0
BLOCK
2
POUR_OUTLINE_9
8
0
10
0
20
0
3
POUR_OUTLINE_9
70
64
0
POLYLINE
8
POUR_OUTLINE_01
66
1
40
10
41
10
70
1
0
VERTEX
8
POUR_OUTLINE_01
10
-977
20
5553
42
0.4142135624
0
VERTEX
8
POUR_OUTLINE_01
10
-972
20
5548
0
VERTEX
8
POUR_OUTLINE_01
10
-925
20
5548
42
-0.4142135624
0
VERTEX
8
POUR_OUTLINE_01
10
-902
20
5525
0
VERTEX
8
POUR_OUTLINE_01
10
-902
20
5249.6487664042
42
0.2706568873
0
VERTEX
8
POUR_OUTLINE_01
10
-899.4561417323
20
5245.2936220472
42
-0.1400258392
0
VERTEX
8
POUR_OUTLINE_01
10
-879.3859580052
20
5224.9671916011
42
0.5926431466
0
VERTEX
8
POUR_OUTLINE_01
10
-870.6140419948
20
5224.9671916011
42
-0.1400258392
0
VERTEX
8
POUR_OUTLINE_01
10
-850.5438582677
20
5245.2936220472
42
0.2706568873
0
VERTEX
8
POUR_OUTLINE_01
10
-848
20
5249.6487664042
0
VERTEX
8
POUR_OUTLINE_01
10
-848
20
5350
42
-0.4142135624
0
VERTEX
8
POUR_OUTLINE_01
10
-825
20
5373
0
VERTEX
8
POUR_OUTLINE_01
10
-753
20
5373
42
0.4142135624
0
VERTEX
8
POUR_OUTLINE_01
10
-748
20
5378
0
VERTEX
8
POUR_OUTLINE_01
10
-748
20
5425.0000262467
42
-0.1989121577
0
VERTEX
8
POUR_OUTLINE_01
10
-741.2634645669
20
5441.2634645669
0
VERTEX
8
POUR_OUTLINE_01
10
-671.5623097113
20
5510.9645931759
42
0.1989114027
0
VERTEX
8
POUR_OUTLINE_01
10
-670.097847769
20
5514.5001312336
42
0.4134066043
0
VERTEX
8
POUR_OUTLINE_01
10
-675.0840682415
20
5519.5001049869
42
-0.3558158941
0
VERTEX
8
POUR_OUTLINE_01
10
-704.8880577428
20
5543.9210498688
42
0.4870680183
0
VERTEX
8
POUR_OUTLINE_01
10
-711.9303149606
20
5547.4421784777
42
-0.7905045197
0
VERTEX
8
POUR_OUTLINE_01
10
-749.0563254593
20
5593.7494750656
42
0.1670395673
0
VERTEX
8
POUR_OUTLINE_01
10
-748
20
5596.8231496063
0
VERTEX
8
POUR_OUTLINE_01
10
-748
20
5647
42
0.4142135624
0
VERTEX
8
POUR_OUTLINE_01
10
-753
20
5652
0
VERTEX
8
POUR_OUTLINE_01
10
-803.1768503937
20
5652
42
0.1670403965
0
VERTEX
8
POUR_OUTLINE_01
10
-806.2505249344
20
5650.9436745407
42
-0.6244618063
0
VERTEX
8
POUR_OUTLINE_01
10
-855.5
20
5675
42
-0.1686686005
0
VERTEX
8
POUR_OUTLINE_01
10
-848.9371391076
20
5693.9014173228
42
0.6266635663
0
VERTEX
8
POUR_OUTLINE_01
10
-852.8612598425
20
5702
0
VERTEX
8
POUR_OUTLINE_01
10
-972
20
5702
42
0.4142135624
0
VERTEX
8
POUR_OUTLINE_01
10
-977
20
5697
0
SEQEND
0
INSERT
2
POUR_VOID_10
8
0
10
0
20
0
0
ENDBLK
0
BLOCK
2
POUR_VOID_10
8
0
10
0
20
0
3
POUR_VOID_10
70
64
0
POLYLINE
8
POUR_VOID_01
66
1
40
10
41
10
70
1
0
VERTEX
8
POUR_VOID_01
10
-955.5
20
5600
42
1
0
VERTEX
8
POUR_VOID_01
10
-894.5
20
5600
42
1
0
SEQEND
0
ENDBLK
0
BLOCK
2
POUR_OUTLINE_8
8
0
10
0
20
0
3
POUR_OUTLINE_8
70
64
0
POLYLINE
8
POUR_OUTLINE_01
66
1
40
10
41
10
70
1
0
VERTEX
8
POUR_OUTLINE_01
10
-1182.5125721785
20
6048.6076377953
42
-0.0702677926
0
VERTEX
8
POUR_OUTLINE_01
10
-1182.0034908136
20
6045.007480315
0
VERTEX
8
POUR_OUTLINE_01
10
-1181.9965091864
20
6005.004488189
42
-0.0279008212
0
VERTEX
8
POUR_OUTLINE_01
10
-1182.0774278215
20
6003.5570341207
42
0.447304452
0
VERTEX
8
POUR_OUTLINE_01
10
-1177.1085564304
20
5998
0
VERTEX
8
POUR_OUTLINE_01
10
-1147.9192125984
20
5998
42
0.2665537039
0
VERTEX
8
POUR_OUTLINE_01
10
-1143.6021784777
20
6000.477480315
42
-0.1493542188
0
VERTEX
8
POUR_OUTLINE_01
10
-1121.9182414698
20
6020.4954855643
42
0.6282288444
0
VERTEX
8
POUR_OUTLINE_01
10
-1121.9182414698
20
6029.5045144357
42
-0.5467862675
0
VERTEX
8
POUR_OUTLINE_01
10
-1132.1897900262
20
6113.911023622
42
0.9497133164
0
VERTEX
8
POUR_OUTLINE_01
10
-1138.1504199475
20
6121.9238582677
0
VERTEX
8
POUR_OUTLINE_01
10
-1162.2418897638
20
6105.8628346457
42
-0.1480687881
0
VERTEX
8
POUR_OUTLINE_01
10
-1175
20
6102
0
VERTEX
8
POUR_OUTLINE_01
10
-1177.1143569554
20
6102
42
0.4142135624
0
VERTEX
8
POUR_OUTLINE_01
10
-1182.1143569554
20
6097
42
0.0277602434
0
VERTEX
8
POUR_OUTLINE_01
10
-1182.0835695538
20
6096.4459055118
42
-0.0277261533
0
VERTEX
8
POUR_OUTLINE_01
10
-1182.0034908136
20
6095.007480315
0
VERTEX
8
POUR_OUTLINE_01
10
-1181.9965091864
20
6055.0044356955
42
-0.0706465285
0
VERTEX
8
POUR_OUTLINE_01
10
-1182.5106299213
20
6051.3853805774
42
0.1416749482
0
SEQEND
0
ENDBLK
0
BLOCK
2
POUR_OUTLINE_7
8
0
10
0
20
0
3
POUR_OUTLINE_7
70
64
0
POLYLINE
8
POUR_OUTLINE_01
66
1
40
10
41
10
70
1
0
VERTEX
8
POUR_OUTLINE_01
10
-1291.8337532808
20
6025.5
0
VERTEX
8
POUR_OUTLINE_01
10
-1287.5
20
6025.5
42
-0.2385361541
0
VERTEX
8
POUR_OUTLINE_01
10
-1277.0275590551
20
6020.2024409449
42
0.724315529
0
VERTEX
8
POUR_OUTLINE_01
10
-1267.9996850394
20
6023.1649343832
0
VERTEX
8
POUR_OUTLINE_01
10
-1268.0034908136
20
6044.995511811
42
-0.0279008212
0
VERTEX
8
POUR_OUTLINE_01
10
-1267.9225721785
20
6046.4429658793
42
0.447304452
0
VERTEX
8
POUR_OUTLINE_01
10
-1272.8914435696
20
6052
0
VERTEX
8
POUR_OUTLINE_01
10
-1277.0807874016
20
6052
42
0.2665537039
0
VERTEX
8
POUR_OUTLINE_01
10
-1281.3978215223
20
6049.522519685
42
-0.1007125995
0
VERTEX
8
POUR_OUTLINE_01
10
-1294.8217060367
20
6034.5090026247
42
0.721902454
0
SEQEND
0
ENDBLK
0
BLOCK
2
POUR_OUTLINE_6
8
0
10
0
20
0
3
POUR_OUTLINE_6
70
64
0
POLYLINE
8
POUR_OUTLINE_01
66
1
40
10
41
10
70
1
0
VERTEX
8
POUR_OUTLINE_01
10
-1370
20
6399.9498687664
42
0.7429543147
0
VERTEX
8
POUR_OUTLINE_01
10
-1360.8333333333
20
6397.1860104987
42
-0.2513808398
0
VERTEX
8
POUR_OUTLINE_01
10
-1350
20
6403
0
VERTEX
8
POUR_OUTLINE_01
10
-1312
20
6403
42
-0.1844830266
0
VERTEX
8
POUR_OUTLINE_01
10
-1303.3333333333
20
6399.6896325459
42
0.381966646
0
VERTEX
8
POUR_OUTLINE_01
10
-1296.6666666667
20
6399.6896325459
42
-0.1844830266
0
VERTEX
8
POUR_OUTLINE_01
10
-1288
20
6403
0
VERTEX
8
POUR_OUTLINE_01
10
-1250
20
6403
42
-0.4142135624
0
VERTEX
8
POUR_OUTLINE_01
10
-1237
20
6390
0
VERTEX
8
POUR_OUTLINE_01
10
-1237
20
6360
42
-0.4142135624
0
VERTEX
8
POUR_OUTLINE_01
10
-1250
20
6347
0
VERTEX
8
POUR_OUTLINE_01
10
-1288
20
6347
42
-0.131652527
0
VERTEX
8
POUR_OUTLINE_01
10
-1294.5
20
6348.74167979
42
0.5773501287
0
VERTEX
8
POUR_OUTLINE_01
10
-1302
20
6344.4115485564
0
VERTEX
8
POUR_OUTLINE_01
10
-1302
20
6274.6487664042
42
0.2706568873
0
VERTEX
8
POUR_OUTLINE_01
10
-1299.4561417323
20
6270.2936220472
42
-0.1626570137
0
VERTEX
8
POUR_OUTLINE_01
10
-1277.3578740157
20
6245.8381627297
42
0.7486101512
0
VERTEX
8
POUR_OUTLINE_01
10
-1267.8398425197
20
6247.051023622
42
-0.03084506
0
VERTEX
8
POUR_OUTLINE_01
10
-1267.4893700787
20
6248.6146456693
42
0.141673662
0
VERTEX
8
POUR_OUTLINE_01
10
-1267.4874278215
20
6251.3923622047
42
-0.0702677926
0
VERTEX
8
POUR_OUTLINE_01
10
-1267.9965091864
20
6254.992519685
0
VERTEX
8
POUR_OUTLINE_01
10
-1268.0034908136
20
6294.9954855643
42
-0.4141461506
0
VERTEX
8
POUR_OUTLINE_01
10
-1255.0057480315
20
6307.9947506562
0
VERTEX
8
POUR_OUTLINE_01
10
-1195.0057480315
20
6308.0052230971
42
-0.4142135624
0
VERTEX
8
POUR_OUTLINE_01
10
-1182.0034908136
20
6295.007480315
0
VERTEX
8
POUR_OUTLINE_01
10
-1181.9965091864
20
6255.0044356955
42
-0.0706465285
0
VERTEX
8
POUR_OUTLINE_01
10
-1182.5106299213
20
6251.3853805774
42
0.1416749482
0
VERTEX
8
POUR_OUTLINE_01
10
-1182.5125721785
20
6248.6076377953
42
-0.0702677926
0
VERTEX
8
POUR_OUTLINE_01
10
-1182.0034908136
20
6245.007480315
0
VERTEX
8
POUR_OUTLINE_01
10
-1182.0022047244
20
6237.5949343832
42
0.6681159976
0
VERTEX
8
POUR_OUTLINE_01
10
-1173.4666666667
20
6234.0602624672
0
VERTEX
8
POUR_OUTLINE_01
10
-1150.1474278215
20
6257.3794750656
42
0.1989114027
0
VERTEX
8
POUR_OUTLINE_01
10
-1148.6829658793
20
6260.9150131234
42
0.0642359306
0
VERTEX
8
POUR_OUTLINE_01
10
-1148.8466666667
20
6262.1839370079
42
-0.7434237723
0
VERTEX
8
POUR_OUTLINE_01
10
-1066.3333333333
20
6312.6404986877
42
0.6482319129
0
VERTEX
8
POUR_OUTLINE_01
10
-1058
20
6316.3672703412
0
VERTEX
8
POUR_OUTLINE_01
10
-1058
20
6355
42
-0.4142135624
0
VERTEX
8
POUR_OUTLINE_01
10
-1045
20
6368
0
VERTEX
8
POUR_OUTLINE_01
10
-1005
20
6368
42
-0.0704867198
0
VERTEX
8
POUR_OUTLINE_01
10
-1001.3888713911
20
6367.4883989501
42
0.1416749483
0
VERTEX
8
POUR_OUTLINE_01
10
-998.6111286089
20
6367.4883989501
42
-0.0704867198
0
VERTEX
8
POUR_OUTLINE_01
10
-995
20
6368
0
VERTEX
8
POUR_OUTLINE_01
10
-955
20
6368
42
-0.0704867198
0
VERTEX
8
POUR_OUTLINE_01
10
-951.3888713911
20
6367.4883989501
42
0.1416749483
0
VERTEX
8
POUR_OUTLINE_01
10
-948.6111286089
20
6367.4883989501
42
-0.0704867198
0
VERTEX
8
POUR_OUTLINE_01
10
-945
20
6368
0
VERTEX
8
POUR_OUTLINE_01
10
-905
20
6368
42
-0.0704867198
0
VERTEX
8
POUR_OUTLINE_01
10
-901.3888713911
20
6367.4883989501
42
0.1416736623
0
VERTEX
8
POUR_OUTLINE_01
10
-898.6111548556
20
6367.4883989501
42
-0.030634057
0
VERTEX
8
POUR_OUTLINE_01
10
-897.0581102362
20
6367.8360367454
42
0.368380304
0
VERTEX
8
POUR_OUTLINE_01
10
-892.8496587927
20
6372.772992126
42
0.2442427982
0
VERTEX
8
POUR_OUTLINE_01
10
-894.9747506562
20
6376.863832021
42
-0.2442439265
0
VERTEX
8
POUR_OUTLINE_01
10
-900.5
20
6387.5
0
VERTEX
8
POUR_OUTLINE_01
10
-900.5
20
6462.5
42
-0.0348486168
0
VERTEX
8
POUR_OUTLINE_01
10
-900.3739895013
20
6464.3055380577
42
0.0348418938
0
VERTEX
8
POUR_OUTLINE_01
10
-900.3255380577
20
6465
42
0.4142135624
0
VERTEX
8
POUR_OUTLINE_01
10
-905.3255380577
20
6470
0
VERTEX
8
POUR_OUTLINE_01
10
-1067.5543832021
20
6470
42
0.6059191449
0
VERTEX
8
POUR_OUTLINE_01
10
-1071.6576377953
20
6462.1428608924
42
-1.9148544332
0
VERTEX
8
POUR_OUTLINE_01
10
-1178.3423622047
20
6462.1428608924
42
0.6059191449
0
VERTEX
8
POUR_OUTLINE_01
10
-1182.4456167979
20
6470
0
VERTEX
8
POUR_OUTLINE_01
10
-1365
20
6470
42
0.4142135624
0
VERTEX
8
POUR_OUTLINE_01
10
-1370
20
6465
0
SEQEND
0
ENDBLK
0
BLOCK
2
POUR_OUTLINE_5
8
0
10
0
20
0
3
POUR_OUTLINE_5
70
64
0
POLYLINE
8
POUR_OUTLINE_01
66
1
40
10
41
10
70
1
0
VERTEX
8
POUR_OUTLINE_01
10
-1370
20
5890.6079002625
42
0.6654545646
0
VERTEX
8
POUR_OUTLINE_01
10
-1361.4912335958
20
5887.0458005249
42
-0.5227378503
0
VERTEX
8
POUR_OUTLINE_01
10
-1277.5611286089
20
5871.296824147
42
0.8085070402
0
VERTEX
8
POUR_OUTLINE_01
10
-1267.9997112861
20
5873.3445931759
0
VERTEX
8
POUR_OUTLINE_01
10
-1268.0034908136
20
5894.9955643045
42
-0.0706465285
0
VERTEX
8
POUR_OUTLINE_01
10
-1267.4893700787
20
5898.6146194226
42
0.1416749482
0
VERTEX
8
POUR_OUTLINE_01
10
-1267.4874278215
20
5901.3923622047
42
-0.0702677926
0
VERTEX
8
POUR_OUTLINE_01
10
-1267.9965091864
20
5904.992519685
0
VERTEX
8
POUR_OUTLINE_01
10
-1268.0003149606
20
5926.8350656168
42
0.7242267007
0
VERTEX
8
POUR_OUTLINE_01
10
-1277.0280052493
20
5929.7969291339
42
-0.2385206844
0
VERTEX
8
POUR_OUTLINE_01
10
-1287.5
20
5924.5
0
VERTEX
8
POUR_OUTLINE_01
10
-1362.5
20
5924.5
42
-0.0348486168
0
VERTEX
8
POUR_OUTLINE_01
10
-1364.3055380577
20
5924.6260104987
42
0.4556405803
0
VERTEX
8
POUR_OUTLINE_01
10
-1370
20
5919.6744619423
0
SEQEND
0
ENDBLK
0
BLOCK
2
POUR_OUTLINE_4
8
0
10
0
20
0
3
POUR_OUTLINE_4
70
64
0
POLYLINE
8
POUR_OUTLINE_01
66
1
40
10
41
10
70
1
0
VERTEX
8
POUR_OUTLINE_01
10
-1370
20
5540.6079002625
42
0.6654545646
0
VERTEX
8
POUR_OUTLINE_01
10
-1361.4912335958
20
5537.0458005249
42
-0.5227378503
0
VERTEX
8
POUR_OUTLINE_01
10
-1277.5611286089
20
5521.296824147
42
0.8085070402
0
VERTEX
8
POUR_OUTLINE_01
10
-1267.9997112861
20
5523.3445931759
0
VERTEX
8
POUR_OUTLINE_01
10
-1268.0034908136
20
5544.9955643045
42
-0.0706465285
0
VERTEX
8
POUR_OUTLINE_01
10
-1267.4893700787
20
5548.6146194226
42
0.1416749482
0
VERTEX
8
POUR_OUTLINE_01
10
-1267.4874278215
20
5551.3923622047
42
-0.0702677926
0
VERTEX
8
POUR_OUTLINE_01
10
-1267.9965091864
20
5554.992519685
0
VERTEX
8
POUR_OUTLINE_01
10
-1268.0034908136
20
5594.9955643045
42
-0.0706465285
0
VERTEX
8
POUR_OUTLINE_01
10
-1267.4893700787
20
5598.6146194226
42
0.1416749482
0
VERTEX
8
POUR_OUTLINE_01
10
-1267.4874278215
20
5601.3923622047
42
-0.0702677926
0
VERTEX
8
POUR_OUTLINE_01
10
-1267.9965091864
20
5604.992519685
0
VERTEX
8
POUR_OUTLINE_01
10
-1268.0034908136
20
5644.9955643045
42
-0.0706465285
0
VERTEX
8
POUR_OUTLINE_01
10
-1267.4893700787
20
5648.6146194226
42
0.1416749482
0
VERTEX
8
POUR_OUTLINE_01
10
-1267.4874278215
20
5651.3923622047
42
-0.0702677926
0
VERTEX
8
POUR_OUTLINE_01
10
-1267.9965091864
20
5654.992519685
0
VERTEX
8
POUR_OUTLINE_01
10
-1268.0034908136
20
5694.9955643045
42
-0.0706465285
0
VERTEX
8
POUR_OUTLINE_01
10
-1267.4893700787
20
5698.6146194226
42
0.1416749482
0
VERTEX
8
POUR_OUTLINE_01
10
-1267.4874278215
20
5701.3923622047
42
-0.0702677926
0
VERTEX
8
POUR_OUTLINE_01
10
-1267.9965091864
20
5704.992519685
0
VERTEX
8
POUR_OUTLINE_01
10
-1268.0034908136
20
5744.9955643045
42
-0.0706465285
0
VERTEX
8
POUR_OUTLINE_01
10
-1267.4893700787
20
5748.6146194226
42
0.1416749482
0
VERTEX
8
POUR_OUTLINE_01
10
-1267.4874278215
20
5751.3923622047
42
-0.0702677926
0
VERTEX
8
POUR_OUTLINE_01
10
-1267.9965091864
20
5754.992519685
0
VERTEX
8
POUR_OUTLINE_01
10
-1268.0034908136
20
5794.9955643045
42
-0.0706465285
0
VERTEX
8
POUR_OUTLINE_01
10
-1267.4893700787
20
5798.6146194226
42
0.1416749482
0
VERTEX
8
POUR_OUTLINE_01
10
-1267.4874278215
20
5801.3923622047
42
-0.0702677926
0
VERTEX
8
POUR_OUTLINE_01
10
-1267.9965091864
20
5804.992519685
0
VERTEX
8
POUR_OUTLINE_01
10
-1268.0002887139
20
5826.6549868766
42
0.808426619
0
VERTEX
8
POUR_OUTLINE_01
10
-1277.56167979
20
5828.7019947507
42
-0.5227298726
0
VERTEX
8
POUR_OUTLINE_01
10
-1361.4912335958
20
5812.9541994751
42
0.6654545646
0
VERTEX
8
POUR_OUTLINE_01
10
-1370
20
5809.3920997375
0
SEQEND
0
ENDBLK
0
BLOCK
2
POUR_OUTLINE_2
8
0
10
0
20
0
3
POUR_OUTLINE_2
70
64
0
POLYLINE
8
POUR_OUTLINE_01
66
1
40
10
41
10
70
1
0
VERTEX
8
POUR_OUTLINE_01
10
-1370
20
5232.4456167979
42
0.6059191449
0
VERTEX
8
POUR_OUTLINE_01
10
-1362.1428608924
20
5228.3423622047
42
-0.8368700945
0
VERTEX
8
POUR_OUTLINE_01
10
-1271.6576377953
20
5137.8571391076
42
0.6059191449
0
VERTEX
8
POUR_OUTLINE_01
10
-1267.5543832021
20
5130
0
VERTEX
8
POUR_OUTLINE_01
10
-482.4456167979
20
5130
42
0.6059191449
0
VERTEX
8
POUR_OUTLINE_01
10
-478.3423622047
20
5137.8571391076
42
-0.0750651701
0
VERTEX
8
POUR_OUTLINE_01
10
-486.9304199475
20
5155.2611548556
42
0.5099428179
0
VERTEX
8
POUR_OUTLINE_01
10
-494.6158530184
20
5157.8004199475
42
-0.4507813937
0
VERTEX
8
POUR_OUTLINE_01
10
-570.6140419948
20
5175.0328083989
42
0.5926431466
0
VERTEX
8
POUR_OUTLINE_01
10
-579.3859580052
20
5175.0328083989
42
-0.592642561
0
VERTEX
8
POUR_OUTLINE_01
10
-670.6140419948
20
5175.0328083989
42
0.5926431466
0
VERTEX
8
POUR_OUTLINE_01
10
-679.3859580052
20
5175.0328083989
42
-0.592642561
0
VERTEX
8
POUR_OUTLINE_01
10
-770.6140419948
20
5175.0328083989
42
0.5926431466
0
VERTEX
8
POUR_OUTLINE_01
10
-779.3859580052
20
5175.0328083989
42
-0.592642561
0
VERTEX
8
POUR_OUTLINE_01
10
-870.6140419948
20
5175.0328083989
42
0.5926431466
0
VERTEX
8
POUR_OUTLINE_01
10
-879.3859580052
20
5175.0328083989
42
-0.592642561
0
VERTEX
8
POUR_OUTLINE_01
10
-970.6140419948
20
5175.0328083989
42
0.5926431466
0
VERTEX
8
POUR_OUTLINE_01
10
-979.3859580052
20
5175.0328083989
42
-0.592642561
0
VERTEX
8
POUR_OUTLINE_01
10
-1070.6140419948
20
5175.0328083989
42
0.5926431466
0
VERTEX
8
POUR_OUTLINE_01
10
-1079.3859580052
20
5175.0328083989
42
-3.9096930812
0
VERTEX
8
POUR_OUTLINE_01
10
-1079.3859580052
20
5224.9671916011
42
0.5926431466
0
VERTEX
8
POUR_OUTLINE_01
10
-1070.6140419948
20
5224.9671916011
42
-0.592642561
0
VERTEX
8
POUR_OUTLINE_01
10
-979.3859580052
20
5224.9671916011
42
0.5926431466
0
VERTEX
8
POUR_OUTLINE_01
10
-970.6140419948
20
5224.9671916011
42
-0.1400258392
0
VERTEX
8
POUR_OUTLINE_01
10
-950.5438582677
20
5245.2936220472
42
0.2706568873
0
VERTEX
8
POUR_OUTLINE_01
10
-948
20
5249.6487664042
0
VERTEX
8
POUR_OUTLINE_01
10
-948
20
5497
42
0.4142135624
0
VERTEX
8
POUR_OUTLINE_01
10
-953
20
5502
0
VERTEX
8
POUR_OUTLINE_01
10
-1000
20
5502
42
-0.4142135624
0
VERTEX
8
POUR_OUTLINE_01
10
-1023
20
5525
0
VERTEX
8
POUR_OUTLINE_01
10
-1023
20
5725
42
-0.2298884393
0
VERTEX
8
POUR_OUTLINE_01
10
-1014.2275590551
20
5743.0714173228
42
0.7118913748
0
VERTEX
8
POUR_OUTLINE_01
10
-1017.3204986877
20
5752
0
VERTEX
8
POUR_OUTLINE_01
10
-1047
20
5752
42
0.4142135624
0
VERTEX
8
POUR_OUTLINE_01
10
-1052
20
5747
0
VERTEX
8
POUR_OUTLINE_01
10
-1052
20
5596.8231496063
42
0.1670395673
0
VERTEX
8
POUR_OUTLINE_01
10
-1050.9436745407
20
5593.7494750656
42
-2.0472565003
0
VERTEX
8
POUR_OUTLINE_01
10
-1099.0563254593
20
5593.7494750656
42
0.1670395673
0
VERTEX
8
POUR_OUTLINE_01
10
-1098
20
5596.8231496063
0
VERTEX
8
POUR_OUTLINE_01
10
-1098
20
5775
42
-0.4142135624
0
VERTEX
8
POUR_OUTLINE_01
10
-1075
20
5798
0
VERTEX
8
POUR_OUTLINE_01
10
-896.8231496063
20
5798
42
0.1670403965
0
VERTEX
8
POUR_OUTLINE_01
10
-893.7494750656
20
5799.0563254593
42
-0.6235044232
0
VERTEX
8
POUR_OUTLINE_01
10
-844.5001049869
20
5775.0840682415
42
0.667182515
0
VERTEX
8
POUR_OUTLINE_01
10
-835.9645931759
20
5771.5623097113
0
VERTEX
8
POUR_OUTLINE_01
10
-824.4644619423
20
5783.0624409449
42
0.1989114027
0
VERTEX
8
POUR_OUTLINE_01
10
-823
20
5786.5979790026
0
VERTEX
8
POUR_OUTLINE_01
10
-823
20
5925
42
-0.1370995977
0
VERTEX
8
POUR_OUTLINE_01
10
-819.6679002625
20
5936.9236220472
42
0.137097577
0
VERTEX
8
POUR_OUTLINE_01
10
-818.9435433071
20
5939.5157217848
42
0.4229580163
0
VERTEX
8
POUR_OUTLINE_01
10
-824.092335958
20
5944.5135170604
42
-2.4659541092
0
VERTEX
8
POUR_OUTLINE_01
10
-794.5
20
5975
42
-0.1686686005
0
VERTEX
8
POUR_OUTLINE_01
10
-801.0628608924
20
5956.0985826772
42
0.6266635663
0
VERTEX
8
POUR_OUTLINE_01
10
-797.1387401575
20
5948
0
VERTEX
8
POUR_OUTLINE_01
10
-696.8231496063
20
5948
42
0.1670403965
0
VERTEX
8
POUR_OUTLINE_01
10
-693.7494750656
20
5949.0563254593
42
-2.0472565003
0
VERTEX
8
POUR_OUTLINE_01
10
-693.7494750656
20
5900.9436745407
42
0.1670403965
0
VERTEX
8
POUR_OUTLINE_01
10
-696.8231496063
20
5902
0
VERTEX
8
POUR_OUTLINE_01
10
-772
20
5902
42
0.4142135624
0
VERTEX
8
POUR_OUTLINE_01
10
-777
20
5897
0
VERTEX
8
POUR_OUTLINE_01
10
-777
20
5774.9999737533
42
-0.1989121577
0
VERTEX
8
POUR_OUTLINE_01
10
-783.7365354331
20
5758.7365354331
0
VERTEX
8
POUR_OUTLINE_01
10
-828.437664042
20
5714.0354068241
42
0.1989114027
0
VERTEX
8
POUR_OUTLINE_01
10
-829.9021259843
20
5710.4998687664
42
0.4134066043
0
VERTEX
8
POUR_OUTLINE_01
10
-824.9159055118
20
5705.4998950131
42
-0.1663327615
0
VERTEX
8
POUR_OUTLINE_01
10
-806.2505249344
20
5699.0563254593
42
0.1670403965
0
VERTEX
8
POUR_OUTLINE_01
10
-803.1768503937
20
5698
0
VERTEX
8
POUR_OUTLINE_01
10
-725
20
5698
42
-0.4142135624
0
VERTEX
8
POUR_OUTLINE_01
10
-702
20
5675
0
VERTEX
8
POUR_OUTLINE_01
10
-702
20
5596.8231496063
42
0.1670395673
0
VERTEX
8
POUR_OUTLINE_01
10
-700.9436745407
20
5593.7494750656
42
-0.1158640542
0
VERTEX
8
POUR_OUTLINE_01
10
-695.1119422572
20
5581.0789501312
42
0.4870680183
0
VERTEX
8
POUR_OUTLINE_01
10
-688.0696850394
20
5577.5578215223
42
-0.2851824956
0
VERTEX
8
POUR_OUTLINE_01
10
-656.0985826772
20
5573.9371391076
42
0.6266635663
0
VERTEX
8
POUR_OUTLINE_01
10
-648
20
5577.8612598425
0
VERTEX
8
POUR_OUTLINE_01
10
-648
20
5625
42
-0.4142135624
0
VERTEX
8
POUR_OUTLINE_01
10
-625
20
5648
0
VERTEX
8
POUR_OUTLINE_01
10
-572.8856430446
20
5648
42
0.4142135624
0
VERTEX
8
POUR_OUTLINE_01
10
-567.8856430446
20
5653
42
0.0277602434
0
VERTEX
8
POUR_OUTLINE_01
10
-567.9164304462
20
5653.5540944882
42
-0.0277261533
0
VERTEX
8
POUR_OUTLINE_01
10
-567.9965091864
20
5654.992519685
0
VERTEX
8
POUR_OUTLINE_01
10
-568.0034908136
20
5694.9955643045
42
-0.0706465285
0
VERTEX
8
POUR_OUTLINE_01
10
-567.4893700787
20
5698.6146194226
42
0.1416749482
0
VERTEX
8
POUR_OUTLINE_01
10
-567.4874278215
20
5701.3923622047
42
-0.0313910082
0
VERTEX
8
POUR_OUTLINE_01
10
-567.8401312336
20
5702.984488189
42
0.6442641982
0
VERTEX
8
POUR_OUTLINE_01
10
-576.6138057743
20
5705.421023622
42
-2.7518239509
0
VERTEX
8
POUR_OUTLINE_01
10
-576.6176902887
20
5744.5835958005
42
0.643876541
0
VERTEX
8
POUR_OUTLINE_01
10
-567.8453543307
20
5747.0164566929
42
-0.0315183748
0
VERTEX
8
POUR_OUTLINE_01
10
-567.4893700787
20
5748.6146194226
42
0.1416749482
0
VERTEX
8
POUR_OUTLINE_01
10
-567.4874278215
20
5751.3923622047
42
-0.0702677926
0
VERTEX
8
POUR_OUTLINE_01
10
-567.9965091864
20
5754.992519685
0
VERTEX
8
POUR_OUTLINE_01
10
-568.0034908136
20
5794.9955643045
42
-0.0706465285
0
VERTEX
8
POUR_OUTLINE_01
10
-567.4893700787
20
5798.6146194226
42
0.1416749482
0
VERTEX
8
POUR_OUTLINE_01
10
-567.4874278215
20
5801.3923622047
42
-0.0702677926
0
VERTEX
8
POUR_OUTLINE_01
10
-567.9965091864
20
5804.992519685
0
VERTEX
8
POUR_OUTLINE_01
10
-568.0034908136
20
5844.9955643045
42
-0.0706465285
0
VERTEX
8
POUR_OUTLINE_01
10
-567.4893700787
20
5848.6146194226
42
0.1416749482
0
VERTEX
8
POUR_OUTLINE_01
10
-567.4874278215
20
5851.3923622047
42
-0.0702677926
0
VERTEX
8
POUR_OUTLINE_01
10
-567.9965091864
20
5854.992519685
0
VERTEX
8
POUR_OUTLINE_01
10
-568.0034908136
20
5894.9955643045
42
-0.0706465285
0
VERTEX
8
POUR_OUTLINE_01
10
-567.4893700787
20
5898.6146194226
42
0.1416749482
0
VERTEX
8
POUR_OUTLINE_01
10
-567.4874278215
20
5901.3923622047
42
-0.0702677926
0
VERTEX
8
POUR_OUTLINE_01
10
-567.9965091864
20
5904.992519685
0
VERTEX
8
POUR_OUTLINE_01
10
-568.0034908136
20
5944.9955643045
42
-0.0706465285
0
VERTEX
8
POUR_OUTLINE_01
10
-567.4893700787
20
5948.6146194226
42
0.1416749482
0
VERTEX
8
POUR_OUTLINE_01
10
-567.4874278215
20
5951.3923622047
42
-0.0702677926
0
VERTEX
8
POUR_OUTLINE_01
10
-567.9965091864
20
5954.992519685
0
VERTEX
8
POUR_OUTLINE_01
10
-568.0034908136
20
5994.9955643045
42
-0.0706465285
0
VERTEX
8
POUR_OUTLINE_01
10
-567.4893700787
20
5998.6146194226
42
0.1416749482
0
VERTEX
8
POUR_OUTLINE_01
10
-567.4874278215
20
6001.3923622047
42
-0.0702677926
0
VERTEX
8
POUR_OUTLINE_01
10
-567.9965091864
20
6004.992519685
0
VERTEX
8
POUR_OUTLINE_01
10
-568.0034908136
20
6044.9955643045
42
-0.0706465285
0
VERTEX
8
POUR_OUTLINE_01
10
-567.4893700787
20
6048.6146194226
42
0.1416749482
0
VERTEX
8
POUR_OUTLINE_01
10
-567.4874278215
20
6051.3923622047
42
-0.0702677926
0
VERTEX
8
POUR_OUTLINE_01
10
-567.9965091864
20
6054.992519685
0
VERTEX
8
POUR_OUTLINE_01
10
-568.0034908136
20
6094.9955643045
42
-0.0706465285
0
VERTEX
8
POUR_OUTLINE_01
10
-567.4893700787
20
6098.6146194226
42
0.1416749482
0
VERTEX
8
POUR_OUTLINE_01
10
-567.4874278215
20
6101.3923622047
42
-0.0702677926
0
VERTEX
8
POUR_OUTLINE_01
10
-567.9965091864
20
6104.992519685
0
VERTEX
8
POUR_OUTLINE_01
10
-568.0034908136
20
6144.9955643045
42
-0.0706465285
0
VERTEX
8
POUR_OUTLINE_01
10
-567.4893700787
20
6148.6146194226
42
0.1416749482
0
VERTEX
8
POUR_OUTLINE_01
10
-567.4874278215
20
6151.3923622047
42
-0.0702677926
0
VERTEX
8
POUR_OUTLINE_01
10
-567.9965091864
20
6154.992519685
0
VERTEX
8
POUR_OUTLINE_01
10
-568.0034908136
20
6194.9955643045
42
-0.0706465285
0
VERTEX
8
POUR_OUTLINE_01
10
-567.4893700787
20
6198.6146194226
42
0.1416749482
0
VERTEX
8
POUR_OUTLINE_01
10
-567.4874278215
20
6201.3923622047
42
-0.0702677926
0
VERTEX
8
POUR_OUTLINE_01
10
-567.9965091864
20
6204.992519685
0
VERTEX
8
POUR_OUTLINE_01
10
-568.0034908136
20
6244.9955643045
42
-0.0706465285
0
VERTEX
8
POUR_OUTLINE_01
10
-567.4893700787
20
6248.6146194226
42
0.1416749482
0
VERTEX
8
POUR_OUTLINE_01
10
-567.4874278215
20
6251.3923622047
42
-0.0702677926
0
VERTEX
8
POUR_OUTLINE_01
10
-567.9965091864
20
6254.992519685
0
VERTEX
8
POUR_OUTLINE_01
10
-568.0034908136
20
6294.9954855643
42
-0.4141461506
0
VERTEX
8
POUR_OUTLINE_01
10
-555.0057480315
20
6307.9947506562
0
VERTEX
8
POUR_OUTLINE_01
10
-495.0057480315
20
6308.0052230971
42
-0.4142135624
0
VERTEX
8
POUR_OUTLINE_01
10
-482.0034908136
20
6295.007480315
0
VERTEX
8
POUR_OUTLINE_01
10
-481.9965091864
20
6255.0044356955
42
-0.0706465285
0
VERTEX
8
POUR_OUTLINE_01
10
-482.5106299213
20
6251.3853805774
42
0.1416749482
0
VERTEX
8
POUR_OUTLINE_01
10
-482.5125721785
20
6248.6076377953
42
-0.0702677926
0
VERTEX
8
POUR_OUTLINE_01
10
-482.0034908136
20
6245.007480315
0
VERTEX
8
POUR_OUTLINE_01
10
-481.9965091864
20
6205.0044356955
42
-0.0706465285
0
VERTEX
8
POUR_OUTLINE_01
10
-482.5106299213
20
6201.3853805774
42
0.1416749482
0
VERTEX
8
POUR_OUTLINE_01
10
-482.5125721785
20
6198.6076377953
42
-0.0702677926
0
VERTEX
8
POUR_OUTLINE_01
10
-482.0034908136
20
6195.007480315
0
VERTEX
8
POUR_OUTLINE_01
10
-481.9965091864
20
6155.0044356955
42
-0.0706465285
0
VERTEX
8
POUR_OUTLINE_01
10
-482.5106299213
20
6151.3853805774
42
0.1416749482
0
VERTEX
8
POUR_OUTLINE_01
10
-482.5125721785
20
6148.6076377953
42
-0.0702677926
0
VERTEX
8
POUR_OUTLINE_01
10
-482.0034908136
20
6145.007480315
0
VERTEX
8
POUR_OUTLINE_01
10
-481.9965091864
20
6105.0044356955
42
-0.0706465285
0
VERTEX
8
POUR_OUTLINE_01
10
-482.5106299213
20
6101.3853805774
42
0.1416749482
0
VERTEX
8
POUR_OUTLINE_01
10
-482.5125721785
20
6098.6076377953
42
-0.0702677926
0
VERTEX
8
POUR_OUTLINE_01
10
-482.0034908136
20
6095.007480315
0
VERTEX
8
POUR_OUTLINE_01
10
-481.9965091864
20
6055.0044356955
42
-0.0706465285
0
VERTEX
8
POUR_OUTLINE_01
10
-482.5106299213
20
6051.3853805774
42
0.1416749482
0
VERTEX
8
POUR_OUTLINE_01
10
-482.5125721785
20
6048.6076377953
42
-0.0702677926
0
VERTEX
8
POUR_OUTLINE_01
10
-482.0034908136
20
6045.007480315
0
VERTEX
8
POUR_OUTLINE_01
10
-481.9965091864
20
6005.0044356955
42
-0.0706465285
0
VERTEX
8
POUR_OUTLINE_01
10
-482.5106299213
20
6001.3853805774
42
0.1416749482
0
VERTEX
8
POUR_OUTLINE_01
10
-482.5125721785
20
5998.6076377953
42
-0.0702677926
0
VERTEX
8
POUR_OUTLINE_01
10
-482.0034908136
20
5995.007480315
0
VERTEX
8
POUR_OUTLINE_01
10
-481.9965091864
20
5955.0044356955
42
-0.0706465285
0
VERTEX
8
POUR_OUTLINE_01
10
-482.5106299213
20
5951.3853805774
42
0.1416749482
0
VERTEX
8
POUR_OUTLINE_01
10
-482.5125721785
20
5948.6076377953
42
-0.0702677926
0
VERTEX
8
POUR_OUTLINE_01
10
-482.0034908136
20
5945.007480315
0
VERTEX
8
POUR_OUTLINE_01
10
-481.9965091864
20
5905.004488189
42
-0.0279008212
0
VERTEX
8
POUR_OUTLINE_01
10
-482.0774278215
20
5903.5570341207
42
0.447304452
0
VERTEX
8
POUR_OUTLINE_01
10
-477.1085564304
20
5898
0
VERTEX
8
POUR_OUTLINE_01
10
-474.6487664042
20
5898
42
0.2706568873
0
VERTEX
8
POUR_OUTLINE_01
10
-470.2936220472
20
5900.5438582677
42
-0.4939408902
0
VERTEX
8
POUR_OUTLINE_01
10
-388.5087664042
20
5912.0458005249
42
0.6654545646
0
VERTEX
8
POUR_OUTLINE_01
10
-380
20
5915.6079002625
0
VERTEX
8
POUR_OUTLINE_01
10
-380
20
6367.5543832021
42
0.6059191449
0
VERTEX
8
POUR_OUTLINE_01
10
-387.8571391076
20
6371.6576377953
42
-0.3296719757
0
VERTEX
8
POUR_OUTLINE_01
10
-465.1375328084
20
6373.8729396325
42
0.5951789602
0
VERTEX
8
POUR_OUTLINE_01
10
-473.2053018373
20
6370.3839370079
42
-3.527116991
0
VERTEX
8
POUR_OUTLINE_01
10
-497.6160367454
20
6419.2054330709
42
0.5877348683
0
VERTEX
8
POUR_OUTLINE_01
10
-489.9829658793
20
6423.4559580052
42
0.0054734138
0
VERTEX
8
POUR_OUTLINE_01
10
-489.9841732283
20
6423.5662467192
42
-0.0055149394
0
VERTEX
8
POUR_OUTLINE_01
10
-490
20
6425
42
-0.1532443828
0
VERTEX
8
POUR_OUTLINE_01
10
-478.3423622047
20
6462.1428608924
42
0.6059191449
0
VERTEX
8
POUR_OUTLINE_01
10
-482.4456167979
20
6470
0
VERTEX
8
POUR_OUTLINE_01
10
-711.525984252
20
6470
42
0.6752328363
0
VERTEX
8
POUR_OUTLINE_01
10
-714.9920997375
20
6461.3964041995
42
-0.2039703298
0
VERTEX
8
POUR_OUTLINE_01
10
-699.5
20
6425.0000262467
0
VERTEX
8
POUR_OUTLINE_01
10
-699.5
20
6425
42
-0.3131094323
0
VERTEX
8
POUR_OUTLINE_01
10
-732.3503149606
20
6377.684671916
42
0.8357105142
0
VERTEX
8
POUR_OUTLINE_01
10
-730.6028346457
20
6368
0
VERTEX
8
POUR_OUTLINE_01
10
-705
20
6368
42
-0.4142135624
0
VERTEX
8
POUR_OUTLINE_01
10
-692
20
6355
0
VERTEX
8
POUR_OUTLINE_01
10
-692
20
6295
42
-0.4142135624
0
VERTEX
8
POUR_OUTLINE_01
10
-705
20
6282
0
VERTEX
8
POUR_OUTLINE_01
10
-745
20
6282
42
-0.0704867198
0
VERTEX
8
POUR_OUTLINE_01
10
-748.6111286089
20
6282.5116010499
42
0.1416749483
0
VERTEX
8
POUR_OUTLINE_01
10
-751.3888713911
20
6282.5116010499
42
-0.0704867198
0
VERTEX
8
POUR_OUTLINE_01
10
-755
20
6282
0
VERTEX
8
POUR_OUTLINE_01
10
-795
20
6282
42
-0.0704867198
0
VERTEX
8
POUR_OUTLINE_01
10
-798.6111286089
20
6282.5116010499
42
0.1416749483
0
VERTEX
8
POUR_OUTLINE_01
10
-801.3888713911
20
6282.5116010499
42
-0.0704867198
0
VERTEX
8
POUR_OUTLINE_01
10
-805
20
6282
0
VERTEX
8
POUR_OUTLINE_01
10
-845
20
6282
42
-0.0704867198
0
VERTEX
8
POUR_OUTLINE_01
10
-848.6111286089
20
6282.5116010499
42
0.1416749483
0
VERTEX
8
POUR_OUTLINE_01
10
-851.3888713911
20
6282.5116010499
42
-0.0704867198
0
VERTEX
8
POUR_OUTLINE_01
10
-855
20
6282
0
VERTEX
8
POUR_OUTLINE_01
10
-895
20
6282
42
-0.0704867198
0
VERTEX
8
POUR_OUTLINE_01
10
-898.6111286089
20
6282.5116010499
42
0.1416749483
0
VERTEX
8
POUR_OUTLINE_01
10
-901.3888713911
20
6282.5116010499
42
-0.0704867198
0
VERTEX
8
POUR_OUTLINE_01
10
-905
20
6282
0
VERTEX
8
POUR_OUTLINE_01
10
-945
20
6282
42
-0.0704867198
0
VERTEX
8
POUR_OUTLINE_01
10
-948.6111286089
20
6282.5116010499
42
0.1416749483
0
VERTEX
8
POUR_OUTLINE_01
10
-951.3888713911
20
6282.5116010499
42
-0.0704867198
0
VERTEX
8
POUR_OUTLINE_01
10
-955
20
6282
0
VERTEX
8
POUR_OUTLINE_01
10
-995
20
6282
42
-0.0704867198
0
VERTEX
8
POUR_OUTLINE_01
10
-998.6111286089
20
6282.5116010499
42
0.1416749483
0
VERTEX
8
POUR_OUTLINE_01
10
-1001.3888713911
20
6282.5116010499
42
-0.0704867198
0
VERTEX
8
POUR_OUTLINE_01
10
-1005
20
6282
0
VERTEX
8
POUR_OUTLINE_01
10
-1044.5360367454
20
6282
42
0.4142135624
0
VERTEX
8
POUR_OUTLINE_01
10
-1049.5360367454
20
6277
42
0.0090100754
0
VERTEX
8
POUR_OUTLINE_01
10
-1049.5327821522
20
6276.8198425197
42
-0.0090087158
0
VERTEX
8
POUR_OUTLINE_01
10
-1049.5
20
6275.0005249344
0
VERTEX
8
POUR_OUTLINE_01
10
-1049.5
20
6275
42
-0.2880526728
0
VERTEX
8
POUR_OUTLINE_01
10
-1078.0817585302
20
6229.5045144357
42
0.6282288444
0
VERTEX
8
POUR_OUTLINE_01
10
-1078.0817585302
20
6220.4954855643
42
-0.6282325264
0
VERTEX
8
POUR_OUTLINE_01
10
-1078.0817585302
20
6129.5045144357
42
0.6282288444
0
VERTEX
8
POUR_OUTLINE_01
10
-1078.0817585302
20
6120.4954855643
42
-0.6282325264
0
VERTEX
8
POUR_OUTLINE_01
10
-1078.0817585302
20
6029.5045144357
42
0.6282288444
0
VERTEX
8
POUR_OUTLINE_01
10
-1078.0817585302
20
6020.4954855643
42
-0.5633518469
0
VERTEX
8
POUR_OUTLINE_01
10
-1069.8217060367
20
5934.5090026247
42
0.721902454
0
VERTEX
8
POUR_OUTLINE_01
10
-1066.8337532808
20
5925.5
0
VERTEX
8
POUR_OUTLINE_01
10
-1062.5
20
5925.5
42
-0.4142135624
0
VERTEX
8
POUR_OUTLINE_01
10
-1049.5
20
5912.5
0
VERTEX
8
POUR_OUTLINE_01
10
-1049.5
20
5837.5
42
-0.4142135624
0
VERTEX
8
POUR_OUTLINE_01
10
-1062.5
20
5824.5
0
VERTEX
8
POUR_OUTLINE_01
10
-1137.5
20
5824.5
42
-0.4142135624
0
VERTEX
8
POUR_OUTLINE_01
10
-1150.5
20
5837.5
0
VERTEX
8
POUR_OUTLINE_01
10
-1150.5
20
5912.5
42
-0.4142135624
0
VERTEX
8
POUR_OUTLINE_01
10
-1137.5
20
5925.5
0
VERTEX
8
POUR_OUTLINE_01
10
-1133.1662467192
20
5925.5
42
0.721902454
0
VERTEX
8
POUR_OUTLINE_01
10
-1130.1782939633
20
5934.5090026247
42
-0.1007125995
0
VERTEX
8
POUR_OUTLINE_01
10
-1143.6021784777
20
5949.522519685
42
0.2665537039
0
VERTEX
8
POUR_OUTLINE_01
10
-1147.9192125984
20
5952
0
VERTEX
8
POUR_OUTLINE_01
10
-1177.1143569554
20
5952
42
0.4142135624
0
VERTEX
8
POUR_OUTLINE_01
10
-1182.1143569554
20
5947
42
0.0277602434
0
VERTEX
8
POUR_OUTLINE_01
10
-1182.0835695538
20
5946.4459055118
42
-0.0277261533
0
VERTEX
8
POUR_OUTLINE_01
10
-1182.0034908136
20
5945.007480315
0
VERTEX
8
POUR_OUTLINE_01
10
-1181.9965091864
20
5905.0044356955
42
-0.0706465285
0
VERTEX
8
POUR_OUTLINE_01
10
-1182.5106299213
20
5901.3853805774
42
0.1416749482
0
VERTEX
8
POUR_OUTLINE_01
10
-1182.5125721785
20
5898.6076377953
42
-0.0702677926
0
VERTEX
8
POUR_OUTLINE_01
10
-1182.0034908136
20
5895.007480315
0
VERTEX
8
POUR_OUTLINE_01
10
-1181.9965091864
20
5855.0044356955
42
-0.0706465285
0
VERTEX
8
POUR_OUTLINE_01
10
-1182.5106299213
20
5851.3853805774
42
0.1416749482
0
VERTEX
8
POUR_OUTLINE_01
10
-1182.5125721785
20
5848.6076377953
42
-0.0702677926
0
VERTEX
8
POUR_OUTLINE_01
10
-1182.0034908136
20
5845.007480315
0
VERTEX
8
POUR_OUTLINE_01
10
-1181.9965091864
20
5805.0044356955
42
-0.0706465285
0
VERTEX
8
POUR_OUTLINE_01
10
-1182.5106299213
20
5801.3853805774
42
0.1416749482
0
VERTEX
8
POUR_OUTLINE_01
10
-1182.5125721785
20
5798.6076377953
42
-0.0702677926
0
VERTEX
8
POUR_OUTLINE_01
10
-1182.0034908136
20
5795.007480315
0
VERTEX
8
POUR_OUTLINE_01
10
-1181.9965091864
20
5755.0044356955
42
-0.0706465285
0
VERTEX
8
POUR_OUTLINE_01
10
-1182.5106299213
20
5751.3853805774
42
0.1416749482
0
VERTEX
8
POUR_OUTLINE_01
10
-1182.5125721785
20
5748.6076377953
42
-0.0702677926
0
VERTEX
8
POUR_OUTLINE_01
10
-1182.0034908136
20
5745.007480315
0
VERTEX
8
POUR_OUTLINE_01
10
-1181.9965091864
20
5705.0044356955
42
-0.0706465285
0
VERTEX
8
POUR_OUTLINE_01
10
-1182.5106299213
20
5701.3853805774
42
0.1416749482
0
VERTEX
8
POUR_OUTLINE_01
10
-1182.5125721785
20
5698.6076377953
42
-0.0702677926
0
VERTEX
8
POUR_OUTLINE_01
10
-1182.0034908136
20
5695.007480315
0
VERTEX
8
POUR_OUTLINE_01
10
-1181.9965091864
20
5655.0044356955
42
-0.0706465285
0
VERTEX
8
POUR_OUTLINE_01
10
-1182.5106299213
20
5651.3853805774
42
0.1416749482
0
VERTEX
8
POUR_OUTLINE_01
10
-1182.5125721785
20
5648.6076377953
42
-0.0702677926
0
VERTEX
8
POUR_OUTLINE_01
10
-1182.0034908136
20
5645.007480315
0
VERTEX
8
POUR_OUTLINE_01
10
-1181.9965091864
20
5605.0044356955
42
-0.0706465285
0
VERTEX
8
POUR_OUTLINE_01
10
-1182.5106299213
20
5601.3853805774
42
0.1416749482
0
VERTEX
8
POUR_OUTLINE_01
10
-1182.5125721785
20
5598.6076377953
42
-0.0702677926
0
VERTEX
8
POUR_OUTLINE_01
10
-1182.0034908136
20
5595.007480315
0
VERTEX
8
POUR_OUTLINE_01
10
-1181.9965091864
20
5555.0044356955
42
-0.0706465285
0
VERTEX
8
POUR_OUTLINE_01
10
-1182.5106299213
20
5551.3853805774
42
0.1416749482
0
VERTEX
8
POUR_OUTLINE_01
10
-1182.5125721785
20
5548.6076377953
42
-0.0702677926
0
VERTEX
8
POUR_OUTLINE_01
10
-1182.0034908136
20
5545.007480315
0
VERTEX
8
POUR_OUTLINE_01
10
-1181.9965091864
20
5505.0044356955
42
-0.0706465285
0
VERTEX
8
POUR_OUTLINE_01
10
-1182.5106299213
20
5501.3853805774
42
0.1416749482
0
VERTEX
8
POUR_OUTLINE_01
10
-1182.5125721785
20
5498.6076377953
42
-0.0702677926
0
VERTEX
8
POUR_OUTLINE_01
10
-1182.0034908136
20
5495.007480315
0
VERTEX
8
POUR_OUTLINE_01
10
-1181.9996587927
20
5473.0483989501
42
0.6969805792
0
VERTEX
8
POUR_OUTLINE_01
10
-1173.1969028871
20
5469.8028871391
42
-2.711632506
0
VERTEX
8
POUR_OUTLINE_01
10
-1173.197480315
20
5430.1978215223
42
0.6970559225
0
VERTEX
8
POUR_OUTLINE_01
10
-1182.0003412073
20
5426.9515485564
0
VERTEX
8
POUR_OUTLINE_01
10
-1181.9965091864
20
5405.0044356955
42
-0.0706465285
0
VERTEX
8
POUR_OUTLINE_01
10
-1182.5106299213
20
5401.3853805774
42
0.1416749482
0
VERTEX
8
POUR_OUTLINE_01
10
-1182.5125721785
20
5398.6076377953
42
-0.0702677926
0
VERTEX
8
POUR_OUTLINE_01
10
-1182.0034908136
20
5395.007480315
0
VERTEX
8
POUR_OUTLINE_01
10
-1181.9965091864
20
5355.0044356955
42
-0.0706465285
0
VERTEX
8
POUR_OUTLINE_01
10
-1182.5106299213
20
5351.3853805774
42
0.1416749482
0
VERTEX
8
POUR_OUTLINE_01
10
-1182.5125721785
20
5348.6076377953
42
-0.0702677926
0
VERTEX
8
POUR_OUTLINE_01
10
-1182.0034908136
20
5345.007480315
0
VERTEX
8
POUR_OUTLINE_01
10
-1181.9965091864
20
5305.0045144357
42
-0.4141461506
0
VERTEX
8
POUR_OUTLINE_01
10
-1194.9942519685
20
5292.0052493438
0
VERTEX
8
POUR_OUTLINE_01
10
-1254.9942519685
20
5291.9947769029
42
-0.4142135624
0
VERTEX
8
POUR_OUTLINE_01
10
-1267.9965091864
20
5304.992519685
0
VERTEX
8
POUR_OUTLINE_01
10
-1268.0034908136
20
5344.9955643045
42
-0.0706465285
0
VERTEX
8
POUR_OUTLINE_01
10
-1267.4893700787
20
5348.6146194226
42
0.1416749482
0
VERTEX
8
POUR_OUTLINE_01
10
-1267.4874278215
20
5351.3923622047
42
-0.0702677926
0
VERTEX
8
POUR_OUTLINE_01
10
-1267.9965091864
20
5354.992519685
0
VERTEX
8
POUR_OUTLINE_01
10
-1268.0034908136
20
5394.9955643045
42
-0.0706465285
0
VERTEX
8
POUR_OUTLINE_01
10
-1267.4893700787
20
5398.6146194226
42
0.1416749482
0
VERTEX
8
POUR_OUTLINE_01
10
-1267.4874278215
20
5401.3923622047
42
-0.0702677926
0
VERTEX
8
POUR_OUTLINE_01
10
-1267.9965091864
20
5404.992519685
0
VERTEX
8
POUR_OUTLINE_01
10
-1268.0034908136
20
5444.9955643045
42
-0.0706465285
0
VERTEX
8
POUR_OUTLINE_01
10
-1267.4893700787
20
5448.6146194226
42
0.1416749482
0
VERTEX
8
POUR_OUTLINE_01
10
-1267.4874278215
20
5451.3923622047
42
-0.0702677926
0
VERTEX
8
POUR_OUTLINE_01
10
-1267.9965091864
20
5454.992519685
0
VERTEX
8
POUR_OUTLINE_01
10
-1268.0002887139
20
5476.6549868766
42
0.808426619
0
VERTEX
8
POUR_OUTLINE_01
10
-1277.56167979
20
5478.7019947507
42
-0.5227298726
0
VERTEX
8
POUR_OUTLINE_01
10
-1361.4912335958
20
5462.9541994751
42
0.6654545646
0
VERTEX
8
POUR_OUTLINE_01
10
-1370
20
5459.3920997375
0
SEQEND
0
INSERT
2
POUR_VOID_3
8
0
10
0
20
0
0
ENDBLK
0
BLOCK
2
POUR_VOID_3
8
0
10
0
20
0
3
POUR_VOID_3
70
64
0
POLYLINE
8
POUR_VOID_01
66
1
40
10
41
10
70
1
0
VERTEX
8
POUR_VOID_01
10
-1005.5
20
6125
42
1
0
VERTEX
8
POUR_VOID_01
10
-944.5
20
6125
42
1
0
SEQEND
0
ENDBLK
0
BLOCK
2
POUR_VIATHERM_19
8
0
10
0
20
0
3
POUR_VIATHERM_19
70
64
0
POLYLINE
8
POUR_VIATHERM_01
66
1
40
15
41
15
0
VERTEX
8
POUR_VIATHERM_01
10
-1128.4332545932
20
5471.5667454068
0
VERTEX
8
POUR_VIATHERM_01
10
-1137.6256430446
20
5462.3743569554
0
SEQEND
0
POLYLINE
8
POUR_VIATHERM_01
66
1
40
15
41
15
0
VERTEX
8
POUR_VIATHERM_01
10
-1128.4332545932
20
5428.4332545932
0
VERTEX
8
POUR_VIATHERM_01
10
-1137.6256430446
20
5437.6256430446
0
SEQEND
0
POLYLINE
8
POUR_VIATHERM_01
66
1
40
15
41
15
0
VERTEX
8
POUR_VIATHERM_01
10
-1171.5667454068
20
5471.5667454068
0
VERTEX
8
POUR_VIATHERM_01
10
-1162.3743569554
20
5462.3743569554
0
SEQEND
0
POLYLINE
8
POUR_VIATHERM_01
66
1
40
15
41
15
0
VERTEX
8
POUR_VIATHERM_01
10
-1171.5667454068
20
5428.4332545932
0
VERTEX
8
POUR_VIATHERM_01
10
-1162.3743569554
20
5437.6256430446
0
SEQEND
0
ENDBLK
0
BLOCK
2
POUR_VIATHERM_27
8
0
10
0
20
0
3
POUR_VIATHERM_27
70
64
0
POLYLINE
8
POUR_VIATHERM_01
66
1
40
15
41
15
0
VERTEX
8
POUR_VIATHERM_01
10
-953.4332545932
20
6146.5667454068
0
VERTEX
8
POUR_VIATHERM_01
10
-962.6256430446
20
6137.3743569554
0
SEQEND
0
POLYLINE
8
POUR_VIATHERM_01
66
1
40
15
41
15
0
VERTEX
8
POUR_VIATHERM_01
10
-953.4332545932
20
6103.4332545932
0
VERTEX
8
POUR_VIATHERM_01
10
-962.6256430446
20
6112.6256430446
0
SEQEND
0
POLYLINE
8
POUR_VIATHERM_01
66
1
40
15
41
15
0
VERTEX
8
POUR_VIATHERM_01
10
-996.5667454068
20
6146.5667454068
0
VERTEX
8
POUR_VIATHERM_01
10
-987.3743569554
20
6137.3743569554
0
SEQEND
0
POLYLINE
8
POUR_VIATHERM_01
66
1
40
15
41
15
0
VERTEX
8
POUR_VIATHERM_01
10
-996.5667454068
20
6103.4332545932
0
VERTEX
8
POUR_VIATHERM_01
10
-987.3743569554
20
6112.6256430446
0
SEQEND
0
ENDBLK
0
BLOCK
2
POUR_VIATHERM_29
8
0
10
0
20
0
3
POUR_VIATHERM_29
70
64
0
POLYLINE
8
POUR_VIATHERM_01
66
1
40
15
41
15
0
VERTEX
8
POUR_VIATHERM_01
10
-578.4332545932
20
5746.5667454068
0
VERTEX
8
POUR_VIATHERM_01
10
-587.6256430446
20
5737.3743569554
0
SEQEND
0
POLYLINE
8
POUR_VIATHERM_01
66
1
40
15
41
15
0
VERTEX
8
POUR_VIATHERM_01
10
-578.4332545932
20
5703.4332545932
0
VERTEX
8
POUR_VIATHERM_01
10
-587.6256430446
20
5712.6256430446
0
SEQEND
0
POLYLINE
8
POUR_VIATHERM_01
66
1
40
15
41
15
0
VERTEX
8
POUR_VIATHERM_01
10
-621.5667454068
20
5746.5667454068
0
VERTEX
8
POUR_VIATHERM_01
10
-612.3743569554
20
5737.3743569554
0
SEQEND
0
POLYLINE
8
POUR_VIATHERM_01
66
1
40
15
41
15
0
VERTEX
8
POUR_VIATHERM_01
10
-621.5667454068
20
5703.4332545932
0
VERTEX
8
POUR_VIATHERM_01
10
-612.3743569554
20
5712.6256430446
0
SEQEND
0
ENDBLK
0
BLOCK
2
POUR_VIATHERM_31
8
0
10
0
20
0
3
POUR_VIATHERM_31
70
64
0
POLYLINE
8
POUR_VIATHERM_01
66
1
40
15
41
15
0
VERTEX
8
POUR_VIATHERM_01
10
-803.4332545932
20
5953.4332545932
0
VERTEX
8
POUR_VIATHERM_01
10
-812.6256430446
20
5962.6256430446
0
SEQEND
0
POLYLINE
8
POUR_VIATHERM_01
66
1
40
15
41
15
0
VERTEX
8
POUR_VIATHERM_01
10
-803.4332545932
20
5996.5667454068
0
VERTEX
8
POUR_VIATHERM_01
10
-812.6256430446
20
5987.3743569554
0
SEQEND
0
POLYLINE
8
POUR_VIATHERM_01
66
1
40
15
41
15
0
VERTEX
8
POUR_VIATHERM_01
10
-846.5667454068
20
5996.5667454068
0
VERTEX
8
POUR_VIATHERM_01
10
-837.3743569554
20
5987.3743569554
0
SEQEND
0
POLYLINE
8
POUR_VIATHERM_01
66
1
40
15
41
15
0
VERTEX
8
POUR_VIATHERM_01
10
-846.5667454068
20
5953.4332545932
0
VERTEX
8
POUR_VIATHERM_01
10
-837.3743569554
20
5962.6256430446
0
SEQEND
0
ENDBLK
0
BLOCK
2
POUR_VIATHERM_35
8
0
10
0
20
0
3
POUR_VIATHERM_35
70
64
0
POLYLINE
8
POUR_VIATHERM_01
66
1
40
15
41
15
0
VERTEX
8
POUR_VIATHERM_01
10
-653.4332545932
20
5571.5667454068
0
VERTEX
8
POUR_VIATHERM_01
10
-662.6256430446
20
5562.3743569554
0
SEQEND
0
ENDBLK
0
BLOCK
2
POUR_VIATHERM_33
8
0
10
0
20
0
3
POUR_VIATHERM_33
70
64
0
POLYLINE
8
POUR_VIATHERM_01
66
1
40
15
41
15
0
VERTEX
8
POUR_VIATHERM_01
10
-903.4332545932
20
5621.5667454068
0
VERTEX
8
POUR_VIATHERM_01
10
-912.6256430446
20
5612.3743569554
0
SEQEND
0
POLYLINE
8
POUR_VIATHERM_01
66
1
40
15
41
15
0
VERTEX
8
POUR_VIATHERM_01
10
-903.4332545932
20
5578.4332545932
0
VERTEX
8
POUR_VIATHERM_01
10
-912.6256430446
20
5587.6256430446
0
SEQEND
0
POLYLINE
8
POUR_VIATHERM_01
66
1
40
15
41
15
0
VERTEX
8
POUR_VIATHERM_01
10
-946.5667454068
20
5621.5667454068
0
VERTEX
8
POUR_VIATHERM_01
10
-937.3743569554
20
5612.3743569554
0
SEQEND
0
POLYLINE
8
POUR_VIATHERM_01
66
1
40
15
41
15
0
VERTEX
8
POUR_VIATHERM_01
10
-946.5667454068
20
5578.4332545932
0
VERTEX
8
POUR_VIATHERM_01
10
-937.3743569554
20
5587.6256430446
0
SEQEND
0
ENDBLK
0
BLOCK
2
POUR_VIATHERM_36
8
0
10
0
20
0
3
POUR_VIATHERM_36
70
64
0
POLYLINE
8
POUR_VIATHERM_01
66
1
40
15
41
15
0
VERTEX
8
POUR_VIATHERM_01
10
-696.5667454068
20
5528.4332545932
0
VERTEX
8
POUR_VIATHERM_01
10
-687.3743569554
20
5537.6256430446
0
SEQEND
0
ENDBLK
0
BLOCK
2
POUR_VIATHERM_22
8
0
10
0
20
0
3
POUR_VIATHERM_22
70
64
0
POLYLINE
8
POUR_VIATHERM_01
66
1
40
15
41
15
0
VERTEX
8
POUR_VIATHERM_01
10
-428.4332545932
20
5521.5667454068
0
VERTEX
8
POUR_VIATHERM_01
10
-437.6256430446
20
5512.3743569554
0
SEQEND
0
POLYLINE
8
POUR_VIATHERM_01
66
1
40
15
41
15
0
VERTEX
8
POUR_VIATHERM_01
10
-428.4332545932
20
5478.4332545932
0
VERTEX
8
POUR_VIATHERM_01
10
-437.6256430446
20
5487.6256430446
0
SEQEND
0
POLYLINE
8
POUR_VIATHERM_01
66
1
40
15
41
15
0
VERTEX
8
POUR_VIATHERM_01
10
-471.5667454068
20
5521.5667454068
0
VERTEX
8
POUR_VIATHERM_01
10
-462.3743569554
20
5512.3743569554
0
SEQEND
0
POLYLINE
8
POUR_VIATHERM_01
66
1
40
15
41
15
0
VERTEX
8
POUR_VIATHERM_01
10
-471.5667454068
20
5478.4332545932
0
VERTEX
8
POUR_VIATHERM_01
10
-462.3743569554
20
5487.6256430446
0
SEQEND
0
ENDBLK
0
BLOCK
2
POUR_VIATHERM_24
8
0
10
0
20
0
3
POUR_VIATHERM_24
70
64
0
POLYLINE
8
POUR_VIATHERM_01
66
1
40
15
41
15
0
VERTEX
8
POUR_VIATHERM_01
10
-428.4332545932
20
5778.4332545932
0
VERTEX
8
POUR_VIATHERM_01
10
-437.6256430446
20
5787.6256430446
0
SEQEND
0
POLYLINE
8
POUR_VIATHERM_01
66
1
40
15
41
15
0
VERTEX
8
POUR_VIATHERM_01
10
-471.5667454068
20
5778.4332545932
0
VERTEX
8
POUR_VIATHERM_01
10
-462.3743569554
20
5787.6256430446
0
SEQEND
0
ENDBLK
0
BLOCK
2
POUR_VIATHERM_25
8
0
10
0
20
0
3
POUR_VIATHERM_25
70
64
0
POLYLINE
8
POUR_VIATHERM_01
66
1
40
15
41
15
0
VERTEX
8
POUR_VIATHERM_01
10
-471.5667454068
20
5821.5667454068
0
VERTEX
8
POUR_VIATHERM_01
10
-462.3743569554
20
5812.3743569554
0
SEQEND
0
ENDBLK
0
BLOCK
2
POUR_HEADER_1
8
0
10
0
20
0
3
POUR_HEADER_1
70
64
0
POLYLINE
8
POUR_HEADER_02
6
POUR_00_-1_0_000000
66
1
40
10
41
10
70
1
0
VERTEX
8
POUR_HEADER_02
10
0
20
0
0
VERTEX
8
POUR_HEADER_02
10
1050
20
0
0
VERTEX
8
POUR_HEADER_02
10
1050
20
-1400
0
VERTEX
8
POUR_HEADER_02
10
0
20
-1400
0
SEQEND
0
INSERT
2
POUR_OUTLINE_18
8
0
10
1400
20
-6500
0
INSERT
2
POUR_OUTLINE_16
8
0
10
1400
20
-6500
0
INSERT
2
POUR_OUTLINE_13
8
0
10
1400
20
-6500
0
INSERT
2
POUR_VIATHERM_20
8
0
10
1400
20
-6500
0
INSERT
2
POUR_VIATHERM_21
8
0
10
1400
20
-6500
0
INSERT
2
POUR_VIATHERM_23
8
0
10
1400
20
-6500
0
INSERT
2
POUR_VIATHERM_26
8
0
10
1400
20
-6500
0
INSERT
2
POUR_VIATHERM_30
8
0
10
1400
20
-6500
0
INSERT
2
POUR_VIATHERM_34
8
0
10
1400
20
-6500
0
INSERT
2
POUR_VIATHERM_37
8
0
10
1400
20
-6500
0
INSERT
2
POUR_VIATHERM_28
8
0
10
1400
20
-6500
0
INSERT
2
POUR_VIATHERM_32
8
0
10
1400
20
-6500
0
ENDBLK
0
BLOCK
2
POUR_OUTLINE_18
8
0
10
0
20
0
3
POUR_OUTLINE_18
70
64
0
POLYLINE
8
POUR_OUTLINE_02
66
1
40
10
41
10
70
1
0
VERTEX
8
POUR_OUTLINE_02
10
-852
20
6002.8612598425
42
0.6266635663
0
VERTEX
8
POUR_OUTLINE_02
10
-843.9014173228
20
5998.9371391076
42
-0.5079635037
0
VERTEX
8
POUR_OUTLINE_02
10
-796.4464304462
20
5985.7211811024
42
0.481082817
0
VERTEX
8
POUR_OUTLINE_02
10
-789.0170603675
20
5983.3019160105
42
-0.0914325498
0
VERTEX
8
POUR_OUTLINE_02
10
-780.4970341207
20
5986.9004461942
42
0.351915548
0
VERTEX
8
POUR_OUTLINE_02
10
-776.5748818898
20
5991.7828871391
42
0.3463729091
0
VERTEX
8
POUR_OUTLINE_02
10
-780.4007874016
20
5996.6430971129
42
-0.3463747167
0
VERTEX
8
POUR_OUTLINE_02
10
-798
20
6019
0
VERTEX
8
POUR_OUTLINE_02
10
-798
20
6047
42
0.4142135624
0
VERTEX
8
POUR_OUTLINE_02
10
-803
20
6052
0
VERTEX
8
POUR_OUTLINE_02
10
-847
20
6052
42
0.4142135624
0
VERTEX
8
POUR_OUTLINE_02
10
-852
20
6047
0
SEQEND
0
ENDBLK
0
BLOCK
2
POUR_OUTLINE_16
8
0
10
0
20
0
3
POUR_OUTLINE_16
70
64
0
POLYLINE
8
POUR_OUTLINE_02
66
1
40
10
41
10
70
1
0
VERTEX
8
POUR_OUTLINE_02
10
-1370
20
6113.474015748
42
0.6752328363
0
VERTEX
8
POUR_OUTLINE_02
10
-1361.3964041995
20
6110.0079002625
42
-0.4975771722
0
VERTEX
8
POUR_OUTLINE_02
10
-1281.3978215223
20
6100.477480315
42
0.2665537039
0
VERTEX
8
POUR_OUTLINE_02
10
-1277.0807874016
20
6098
0
VERTEX
8
POUR_OUTLINE_02
10
-1225
20
6098
42
-0.4142135624
0
VERTEX
8
POUR_OUTLINE_02
10
-1202
20
6075
0
VERTEX
8
POUR_OUTLINE_02
10
-1202
20
6011.5979790026
42
0.1989114027
0
VERTEX
8
POUR_OUTLINE_02
10
-1200.5355380577
20
6008.0624409449
0
VERTEX
8
POUR_OUTLINE_02
10
-1158.7969553806
20
5966.3238582677
42
0.7022553769
0
VERTEX
8
POUR_OUTLINE_02
10
-1150.2829133858
20
5970.322519685
42
-0.0231930598
0
VERTEX
8
POUR_OUTLINE_02
10
-1150.5
20
5974.9999737533
0
VERTEX
8
POUR_OUTLINE_02
10
-1150.5
20
5975
42
-0.2880526728
0
VERTEX
8
POUR_OUTLINE_02
10
-1121.9182414698
20
6020.4954855643
42
0.6282288444
0
VERTEX
8
POUR_OUTLINE_02
10
-1121.9182414698
20
6029.5045144357
42
-0.6282325264
0
VERTEX
8
POUR_OUTLINE_02
10
-1121.9182414698
20
6120.4954855643
42
0.6282288444
0
VERTEX
8
POUR_OUTLINE_02
10
-1121.9182414698
20
6129.5045144357
42
-0.6282325264
0
VERTEX
8
POUR_OUTLINE_02
10
-1121.9182414698
20
6220.4954855643
42
0.6282288444
0
VERTEX
8
POUR_OUTLINE_02
10
-1121.9182414698
20
6229.5045144357
42
-4.3797067845
0
VERTEX
8
POUR_OUTLINE_02
10
-1078.0817585302
20
6229.5045144357
42
0.6282288444
0
VERTEX
8
POUR_OUTLINE_02
10
-1078.0817585302
20
6220.4954855643
42
-0.6282325264
0
VERTEX
8
POUR_OUTLINE_02
10
-1078.0817585302
20
6129.5045144357
42
0.6282288444
0
VERTEX
8
POUR_OUTLINE_02
10
-1078.0817585302
20
6120.4954855643
42
-0.6282325264
0
VERTEX
8
POUR_OUTLINE_02
10
-1078.0817585302
20
6029.5045144357
42
0.2880512433
0
VERTEX
8
POUR_OUTLINE_02
10
-1080.9116272966
20
6025
42
0.2880538041
0
VERTEX
8
POUR_OUTLINE_02
10
-1078.0817322835
20
6020.4954855643
42
-0.0279603647
0
VERTEX
8
POUR_OUTLINE_02
10
-1073.1422309711
20
6017.7657742782
42
0.1411180687
0
VERTEX
8
POUR_OUTLINE_02
10
-1070.4830446194
20
6017
0
VERTEX
8
POUR_OUTLINE_02
10
-1005.5884514436
20
6017
42
0.2679493054
0
VERTEX
8
POUR_OUTLINE_02
10
-1001.25832021
20
6019.5
42
-0.0515777658
0
VERTEX
8
POUR_OUTLINE_02
10
-999.6896325459
20
6021.6666666667
42
0.381966646
0
VERTEX
8
POUR_OUTLINE_02
10
-999.6896325459
20
6028.3333333333
42
-0.1844826786
0
VERTEX
8
POUR_OUTLINE_02
10
-1003
20
6037
0
VERTEX
8
POUR_OUTLINE_02
10
-1003
20
6075
42
-0.4083214308
0
VERTEX
8
POUR_OUTLINE_02
10
-990.2620209974
20
6087.9973753281
42
0.7897695138
0
VERTEX
8
POUR_OUTLINE_02
10
-988.1990288714
20
6097.5039107612
42
-4.3939655037
0
VERTEX
8
POUR_OUTLINE_02
10
-961.8009711286
20
6097.5039107612
42
0.7897695138
0
VERTEX
8
POUR_OUTLINE_02
10
-959.7379790026
20
6087.9973753281
42
-0.4083214308
0
VERTEX
8
POUR_OUTLINE_02
10
-947
20
6075
0
VERTEX
8
POUR_OUTLINE_02
10
-947
20
6037
42
-0.1844826786
0
VERTEX
8
POUR_OUTLINE_02
10
-950.3103674541
20
6028.3333333333
42
0.381966646
0
VERTEX
8
POUR_OUTLINE_02
10
-950.3103674541
20
6021.6666666667
42
-0.1844826786
0
VERTEX
8
POUR_OUTLINE_02
10
-947
20
6013
0
VERTEX
8
POUR_OUTLINE_02
10
-947
20
5975
42
-0.1483312343
0
VERTEX
8
POUR_OUTLINE_02
10
-949.1907874016
20
5967.7777952756
42
0.1483298584
0
VERTEX
8
POUR_OUTLINE_02
10
-950.0333858268
20
5965
42
0.4142135624
0
VERTEX
8
POUR_OUTLINE_02
10
-945.0333858268
20
5960
0
VERTEX
8
POUR_OUTLINE_02
10
-905.3520997375
20
5960
42
0.3856429558
0
VERTEX
8
POUR_OUTLINE_02
10
-900.376351706
20
5964.5081889764
42
-0.0774509164
0
VERTEX
8
POUR_OUTLINE_02
10
-898.4098425197
20
5972.1108661417
42
0.1022808599
0
VERTEX
8
POUR_OUTLINE_02
10
-898
20
5974.0933858268
0
VERTEX
8
POUR_OUTLINE_02
10
-898
20
6075
42
-0.4142135624
0
VERTEX
8
POUR_OUTLINE_02
10
-875
20
6098
0
VERTEX
8
POUR_OUTLINE_02
10
-803
20
6098
42
0.4142135624
0
VERTEX
8
POUR_OUTLINE_02
10
-798
20
6103
0
VERTEX
8
POUR_OUTLINE_02
10
-798
20
6116.8753543307
42
0.6755436705
0
VERTEX
8
POUR_OUTLINE_02
10
-806.6065616798
20
6120.3383989501
42
-0.4235059003
0
VERTEX
8
POUR_OUTLINE_02
10
-843.2342782152
20
6120.1741732283
42
0.5002402419
0
VERTEX
8
POUR_OUTLINE_02
10
-851.1680839895
20
6119.1292125984
42
-0.2710166291
0
VERTEX
8
POUR_OUTLINE_02
10
-862.5
20
6112.5
0
VERTEX
8
POUR_OUTLINE_02
10
-887.5
20
6112.5
42
-0.4142135624
0
VERTEX
8
POUR_OUTLINE_02
10
-900.5
20
6125.5
0
VERTEX
8
POUR_OUTLINE_02
10
-900.5
20
6200.5
42
-0.4142135624
0
VERTEX
8
POUR_OUTLINE_02
10
-887.5
20
6213.5
0
VERTEX
8
POUR_OUTLINE_02
10
-862.5
20
6213.5
42
-0.2710162263
0
VERTEX
8
POUR_OUTLINE_02
10
-851.1680577428
20
6206.8708136483
42
0.5002394379
0
VERTEX
8
POUR_OUTLINE_02
10
-843.2342782152
20
6205.8258530184
42
-0.4700361354
0
VERTEX
8
POUR_OUTLINE_02
10
-804.0983727034
20
6202.6072440945
42
0.5211428336
0
VERTEX
8
POUR_OUTLINE_02
10
-795.9016535433
20
6202.6072440945
42
-0.5211440001
0
VERTEX
8
POUR_OUTLINE_02
10
-754.0983727034
20
6202.6072178478
42
0.5211437895
0
VERTEX
8
POUR_OUTLINE_02
10
-745.9016272966
20
6202.6072178478
42
-0.7335793536
0
VERTEX
8
POUR_OUTLINE_02
10
-699.5
20
6188
0
VERTEX
8
POUR_OUTLINE_02
10
-699.5
20
6138
42
-0.6755426541
0
VERTEX
8
POUR_OUTLINE_02
10
-743.3934383202
20
6120.3383989501
42
0.6755436705
0
VERTEX
8
POUR_OUTLINE_02
10
-752
20
6116.8753543307
0
VERTEX
8
POUR_OUTLINE_02
10
-752
20
6047
42
0.4142135624
0
VERTEX
8
POUR_OUTLINE_02
10
-747
20
6042
0
VERTEX
8
POUR_OUTLINE_02
10
-680.5884514436
20
6042
42
0.2679493054
0
VERTEX
8
POUR_OUTLINE_02
10
-676.25832021
20
6044.5
42
-0.0515777658
0
VERTEX
8
POUR_OUTLINE_02
10
-674.6896325459
20
6046.6666666667
42
0.381966646
0
VERTEX
8
POUR_OUTLINE_02
10
-674.6896325459
20
6053.3333333333
42
-0.1844826786
0
VERTEX
8
POUR_OUTLINE_02
10
-678
20
6062
0
VERTEX
8
POUR_OUTLINE_02
10
-678
20
6100
42
-0.4142135624
0
VERTEX
8
POUR_OUTLINE_02
10
-665
20
6113
0
VERTEX
8
POUR_OUTLINE_02
10
-635
20
6113
42
-0.4142135624
0
VERTEX
8
POUR_OUTLINE_02
10
-622
20
6100
0
VERTEX
8
POUR_OUTLINE_02
10
-622
20
6062
42
-0.1844826786
0
VERTEX
8
POUR_OUTLINE_02
10
-625.3103674541
20
6053.3333333333
42
0.381966646
0
VERTEX
8
POUR_OUTLINE_02
10
-625.3103674541
20
6046.6666666667
42
-0.0515777658
0
VERTEX
8
POUR_OUTLINE_02
10
-623.74167979
20
6044.5
42
0.2679493054
0
VERTEX
8
POUR_OUTLINE_02
10
-619.4115485564
20
6042
0
VERTEX
8
POUR_OUTLINE_02
10
-600
20
6042
42
-0.4142135624
0
VERTEX
8
POUR_OUTLINE_02
10
-577
20
6019
0
VERTEX
8
POUR_OUTLINE_02
10
-577
20
5903
42
0.4142135624
0
VERTEX
8
POUR_OUTLINE_02
10
-572
20
5898
0
VERTEX
8
POUR_OUTLINE_02
10
-474.6487664042
20
5898
42
0.2706568873
0
VERTEX
8
POUR_OUTLINE_02
10
-470.2936220472
20
5900.5438582677
42
-0.4939408902
0
VERTEX
8
POUR_OUTLINE_02
10
-388.5087664042
20
5912.0458005249
42
0.6654545646
0
VERTEX
8
POUR_OUTLINE_02
10
-380
20
5915.6079002625
0
VERTEX
8
POUR_OUTLINE_02
10
-380
20
6465
42
0.4142135624
0
VERTEX
8
POUR_OUTLINE_02
10
-385
20
6470
0
VERTEX
8
POUR_OUTLINE_02
10
-711.525984252
20
6470
42
0.6752328363
0
VERTEX
8
POUR_OUTLINE_02
10
-714.9920997375
20
6461.3964041995
42
-0.2039703298
0
VERTEX
8
POUR_OUTLINE_02
10
-699.5
20
6425.0000262467
0
VERTEX
8
POUR_OUTLINE_02
10
-699.5
20
6425
42
-0.7219029472
0
VERTEX
8
POUR_OUTLINE_02
10
-790.4909973753
20
6394.8217060367
42
0.721902454
0
VERTEX
8
POUR_OUTLINE_02
10
-799.5
20
6391.8337532808
0
VERTEX
8
POUR_OUTLINE_02
10
-799.5
20
6387.5
42
-0.4142135624
0
VERTEX
8
POUR_OUTLINE_02
10
-812.5
20
6374.5
0
VERTEX
8
POUR_OUTLINE_02
10
-887.5
20
6374.5
42
-0.4142135624
0
VERTEX
8
POUR_OUTLINE_02
10
-900.5
20
6387.5
0
VERTEX
8
POUR_OUTLINE_02
10
-900.5
20
6462.5
42
-0.0348486168
0
VERTEX
8
POUR_OUTLINE_02
10
-900.3739895013
20
6464.3055380577
42
0.0348418938
0
VERTEX
8
POUR_OUTLINE_02
10
-900.3255380577
20
6465
42
0.4142135624
0
VERTEX
8
POUR_OUTLINE_02
10
-905.3255380577
20
6470
0
VERTEX
8
POUR_OUTLINE_02
10
-1365
20
6470
42
0.4142135624
0
VERTEX
8
POUR_OUTLINE_02
10
-1370
20
6465
0
VERTEX
8
POUR_OUTLINE_02
10
-1370
20
6265.6079002625
42
0.6654545646
0
VERTEX
8
POUR_OUTLINE_02
10
-1361.4912335958
20
6262.0458005249
42
-2.3886984877
0
VERTEX
8
POUR_OUTLINE_02
10
-1361.4912335958
20
6187.9541994751
42
0.6654545646
0
VERTEX
8
POUR_OUTLINE_02
10
-1370
20
6184.3920997375
0
SEQEND
0
INSERT
2
POUR_VOID_17
8
0
10
0
20
0
0
ENDBLK
0
BLOCK
2
POUR_VOID_17
8
0
10
0
20
0
3
POUR_VOID_17
70
64
0
POLYLINE
8
POUR_VOID_02
66
1
40
10
41
10
70
1
0
VERTEX
8
POUR_VOID_02
10
-577
20
6375
42
1
0
VERTEX
8
POUR_VOID_02
10
-473
20
6375
42
1
0
SEQEND
0
ENDBLK
0
BLOCK
2
POUR_OUTLINE_13
8
0
10
0
20
0
3
POUR_OUTLINE_13
70
64
0
POLYLINE
8
POUR_OUTLINE_02
66
1
40
10
41
10
70
1
0
VERTEX
8
POUR_OUTLINE_02
10
-1370
20
5135
42
0.4142135624
0
VERTEX
8
POUR_OUTLINE_02
10
-1365
20
5130
0
VERTEX
8
POUR_OUTLINE_02
10
-385
20
5130
42
0.4142135624
0
VERTEX
8
POUR_OUTLINE_02
10
-380
20
5135
0
VERTEX
8
POUR_OUTLINE_02
10
-380
20
5834.3921259843
42
0.6654545646
0
VERTEX
8
POUR_OUTLINE_02
10
-388.5087664042
20
5837.9542257218
42
-0.172226399
0
VERTEX
8
POUR_OUTLINE_02
10
-420.0340682415
20
5823.237664042
42
0.5513244791
0
VERTEX
8
POUR_OUTLINE_02
10
-423.8443569554
20
5815.6886089239
42
-2.7027004507
0
VERTEX
8
POUR_OUTLINE_02
10
-461.5113385827
20
5828.2442782152
42
0.3049001967
0
VERTEX
8
POUR_OUTLINE_02
10
-458.3984514436
20
5832.874488189
42
0.2109598921
0
VERTEX
8
POUR_OUTLINE_02
10
-460.0301574803
20
5836.5697112861
42
-0.0797059769
0
VERTEX
8
POUR_OUTLINE_02
10
-470.2936220472
20
5849.4561417323
42
0.2706568873
0
VERTEX
8
POUR_OUTLINE_02
10
-474.6487664042
20
5852
0
VERTEX
8
POUR_OUTLINE_02
10
-567
20
5852
42
0.4142135624
0
VERTEX
8
POUR_OUTLINE_02
10
-572
20
5847
0
VERTEX
8
POUR_OUTLINE_02
10
-572
20
5837
42
-0.1844826786
0
VERTEX
8
POUR_OUTLINE_02
10
-575.3103674541
20
5828.3333333333
42
0.381966646
0
VERTEX
8
POUR_OUTLINE_02
10
-575.3103674541
20
5821.6666666667
42
-0.1844826786
0
VERTEX
8
POUR_OUTLINE_02
10
-572
20
5813
0
VERTEX
8
POUR_OUTLINE_02
10
-572
20
5775
42
-0.4083214308
0
VERTEX
8
POUR_OUTLINE_02
10
-584.7379790026
20
5762.0026246719
42
0.7897695138
0
VERTEX
8
POUR_OUTLINE_02
10
-586.8009711286
20
5752.4960892388
42
-4.3939655037
0
VERTEX
8
POUR_OUTLINE_02
10
-613.1990288714
20
5752.4960892388
42
0.7897695138
0
VERTEX
8
POUR_OUTLINE_02
10
-615.2620209974
20
5762.0026246719
42
-0.4083214308
0
VERTEX
8
POUR_OUTLINE_02
10
-628
20
5775
0
VERTEX
8
POUR_OUTLINE_02
10
-628
20
5813
42
-0.1844826786
0
VERTEX
8
POUR_OUTLINE_02
10
-624.6896325459
20
5821.6666666667
42
0.381966646
0
VERTEX
8
POUR_OUTLINE_02
10
-624.6896325459
20
5828.3333333333
42
-0.0515777658
0
VERTEX
8
POUR_OUTLINE_02
10
-626.25832021
20
5830.5
42
0.2679493054
0
VERTEX
8
POUR_OUTLINE_02
10
-630.5884514436
20
5833
0
VERTEX
8
POUR_OUTLINE_02
10
-667
20
5833
42
0.4142135624
0
VERTEX
8
POUR_OUTLINE_02
10
-672
20
5828
0
VERTEX
8
POUR_OUTLINE_02
10
-672
20
5812
42
-0.1844826786
0
VERTEX
8
POUR_OUTLINE_02
10
-675.3103674541
20
5803.3333333333
42
0.381966646
0
VERTEX
8
POUR_OUTLINE_02
10
-675.3103674541
20
5796.6666666667
42
-0.1844826786
0
VERTEX
8
POUR_OUTLINE_02
10
-672
20
5788
0
VERTEX
8
POUR_OUTLINE_02
10
-672
20
5750
42
-0.4142135624
0
VERTEX
8
POUR_OUTLINE_02
10
-685
20
5737
0
VERTEX
8
POUR_OUTLINE_02
10
-715
20
5737
42
-0.4142135624
0
VERTEX
8
POUR_OUTLINE_02
10
-728
20
5750
0
VERTEX
8
POUR_OUTLINE_02
10
-728
20
5788
42
-0.1844826786
0
VERTEX
8
POUR_OUTLINE_02
10
-724.6896325459
20
5796.6666666667
42
0.381966646
0
VERTEX
8
POUR_OUTLINE_02
10
-724.6896325459
20
5803.3333333333
42
-0.1844826786
0
VERTEX
8
POUR_OUTLINE_02
10
-728
20
5812
0
VERTEX
8
POUR_OUTLINE_02
10
-728
20
5850.0000262467
42
-0.2134221793
0
VERTEX
8
POUR_OUTLINE_02
10
-723.6666404199
20
5859.6896850394
42
0.1442373874
0
VERTEX
8
POUR_OUTLINE_02
10
-722.1785301837
20
5862.0920997375
42
-0.3377063146
0
VERTEX
8
POUR_OUTLINE_02
10
-700
20
5879
0
VERTEX
8
POUR_OUTLINE_02
10
-630.5884514436
20
5879
42
0.2679493054
0
VERTEX
8
POUR_OUTLINE_02
10
-626.25832021
20
5881.5
42
-0.0601191103
0
VERTEX
8
POUR_OUTLINE_02
10
-624.3888976378
20
5883.9916010499
42
0.193301159
0
VERTEX
8
POUR_OUTLINE_02
10
-623
20
5887.4498950131
0
VERTEX
8
POUR_OUTLINE_02
10
-623
20
5983.4168766404
42
0.5366743444
0
VERTEX
8
POUR_OUTLINE_02
10
-629.9444356955
20
5988.0233070866
42
-0.1001897525
0
VERTEX
8
POUR_OUTLINE_02
10
-635
20
5987
0
VERTEX
8
POUR_OUTLINE_02
10
-665
20
5987
42
-0.267949089
0
VERTEX
8
POUR_OUTLINE_02
10
-676.25832021
20
5993.5
42
0.2679493054
0
VERTEX
8
POUR_OUTLINE_02
10
-680.5884514436
20
5996
0
VERTEX
8
POUR_OUTLINE_02
10
-715.5527821522
20
5996
42
0.8537505457
0
VERTEX
8
POUR_OUTLINE_02
10
-717.101496063
20
5986.2459055118
42
-0.3247080595
0
VERTEX
8
POUR_OUTLINE_02
10
-699.5
20
5962
0
VERTEX
8
POUR_OUTLINE_02
10
-699.5
20
5954.6648031496
42
0.5968222748
0
VERTEX
8
POUR_OUTLINE_02
10
-691.7535170604
20
5950.4866666667
42
-1.9468656843
0
VERTEX
8
POUR_OUTLINE_02
10
-693.7494750656
20
5900.9436745407
42
0.1670403965
0
VERTEX
8
POUR_OUTLINE_02
10
-696.8231496063
20
5902
0
VERTEX
8
POUR_OUTLINE_02
10
-698.4434645669
20
5902
42
0.2704804563
0
VERTEX
8
POUR_OUTLINE_02
10
-702.797007874
20
5899.4590288714
42
-0.5024208737
0
VERTEX
8
POUR_OUTLINE_02
10
-743.3934383202
20
5894.3383989501
42
0.6755436705
0
VERTEX
8
POUR_OUTLINE_02
10
-752
20
5890.8753543307
0
VERTEX
8
POUR_OUTLINE_02
10
-752
20
5602.8612598425
42
0.6266635663
0
VERTEX
8
POUR_OUTLINE_02
10
-743.9014173228
20
5598.9371391076
42
-0.5588752547
0
VERTEX
8
POUR_OUTLINE_02
10
-695.1119422572
20
5581.0789501312
42
0.4870680183
0
VERTEX
8
POUR_OUTLINE_02
10
-688.0696850394
20
5577.5578215223
42
-0.0209181972
0
VERTEX
8
POUR_OUTLINE_02
10
-685.7211548556
20
5578.5535695538
42
0.4810804157
0
VERTEX
8
POUR_OUTLINE_02
10
-683.3018897638
20
5585.9829396325
42
-0.1465336027
0
VERTEX
8
POUR_OUTLINE_02
10
-687.5
20
5600
42
-0.2018573068
0
VERTEX
8
POUR_OUTLINE_02
10
-679.8258530184
20
5618.2342782152
42
0.2018563446
0
VERTEX
8
POUR_OUTLINE_02
10
-678.3211286089
20
5621.8096325459
42
0.2710157601
0
VERTEX
8
POUR_OUTLINE_02
10
-680.8708136483
20
5626.1680577428
42
-0.271015754
0
VERTEX
8
POUR_OUTLINE_02
10
-687.5
20
5637.5
0
VERTEX
8
POUR_OUTLINE_02
10
-687.5
20
5662.5
42
-0.4142135624
0
VERTEX
8
POUR_OUTLINE_02
10
-674.5
20
5675.5
0
VERTEX
8
POUR_OUTLINE_02
10
-599.5
20
5675.5
42
-0.4142135624
0
VERTEX
8
POUR_OUTLINE_02
10
-586.5
20
5662.5
0
VERTEX
8
POUR_OUTLINE_02
10
-586.5
20
5637.5
42
-0.271015754
0
VERTEX
8
POUR_OUTLINE_02
10
-593.1291863517
20
5626.1680577428
42
0.2710157601
0
VERTEX
8
POUR_OUTLINE_02
10
-595.6788713911
20
5621.8096325459
42
0.2018563446
0
VERTEX
8
POUR_OUTLINE_02
10
-594.1741469816
20
5618.2342782152
42
-0.4700358332
0
VERTEX
8
POUR_OUTLINE_02
10
-597.3927559055
20
5579.0983464567
42
0.5211418777
0
VERTEX
8
POUR_OUTLINE_02
10
-597.3927559055
20
5570.9016535433
42
-0.5211433829
0
VERTEX
8
POUR_OUTLINE_02
10
-597.3927559055
20
5529.0983464567
42
0.5211418777
0
VERTEX
8
POUR_OUTLINE_02
10
-597.3927559055
20
5520.9016535433
42
-0.2449387013
0
VERTEX
8
POUR_OUTLINE_02
10
-586.5
20
5500
42
-0.4142135624
0
VERTEX
8
POUR_OUTLINE_02
10
-612
20
5474.5
0
VERTEX
8
POUR_OUTLINE_02
10
-662
20
5474.5
42
-0.5969814195
0
VERTEX
8
POUR_OUTLINE_02
10
-683.3019160105
20
5514.0170603675
42
0.4810804157
0
VERTEX
8
POUR_OUTLINE_02
10
-685.7211811024
20
5521.4464304462
42
-0.0774531647
0
VERTEX
8
POUR_OUTLINE_02
10
-693.9013910761
20
5526.0628608924
42
0.6266650007
0
VERTEX
8
POUR_OUTLINE_02
10
-702
20
5522.1387401575
0
VERTEX
8
POUR_OUTLINE_02
10
-702
20
5458
42
0.4142135624
0
VERTEX
8
POUR_OUTLINE_02
10
-697
20
5453
0
VERTEX
8
POUR_OUTLINE_02
10
-687
20
5453
42
-0.1844830266
0
VERTEX
8
POUR_OUTLINE_02
10
-678.3333333333
20
5449.6896325459
42
0.381966646
0
VERTEX
8
POUR_OUTLINE_02
10
-671.6666666667
20
5449.6896325459
42
-0.1844830266
0
VERTEX
8
POUR_OUTLINE_02
10
-663
20
5453
0
VERTEX
8
POUR_OUTLINE_02
10
-625
20
5453
42
-0.4142135624
0
VERTEX
8
POUR_OUTLINE_02
10
-612
20
5440
0
VERTEX
8
POUR_OUTLINE_02
10
-612
20
5410
42
-0.4142135624
0
VERTEX
8
POUR_OUTLINE_02
10
-625
20
5397
0
VERTEX
8
POUR_OUTLINE_02
10
-663
20
5397
42
-0.1844830266
0
VERTEX
8
POUR_OUTLINE_02
10
-671.6666666667
20
5400.3103674541
42
0.381966646
0
VERTEX
8
POUR_OUTLINE_02
10
-678.3333333333
20
5400.3103674541
42
-0.1844830266
0
VERTEX
8
POUR_OUTLINE_02
10
-687
20
5397
0
VERTEX
8
POUR_OUTLINE_02
10
-725
20
5397
42
-0.1933017775
0
VERTEX
8
POUR_OUTLINE_02
10
-733.9916010499
20
5400.6111023622
42
0.193301159
0
VERTEX
8
POUR_OUTLINE_02
10
-737.4498950131
20
5402
0
VERTEX
8
POUR_OUTLINE_02
10
-812.5501049869
20
5402
42
0.193301159
0
VERTEX
8
POUR_OUTLINE_02
10
-816.0083989501
20
5400.6111023622
42
-0.1933017775
0
VERTEX
8
POUR_OUTLINE_02
10
-825
20
5397
0
VERTEX
8
POUR_OUTLINE_02
10
-863
20
5397
42
-0.1844830266
0
VERTEX
8
POUR_OUTLINE_02
10
-871.6666666667
20
5400.3103674541
42
0.381966646
0
VERTEX
8
POUR_OUTLINE_02
10
-878.3333333333
20
5400.3103674541
42
-0.1844830266
0
VERTEX
8
POUR_OUTLINE_02
10
-887
20
5397
0
VERTEX
8
POUR_OUTLINE_02
10
-897
20
5397
42
0.4142135624
0
VERTEX
8
POUR_OUTLINE_02
10
-902
20
5392
0
VERTEX
8
POUR_OUTLINE_02
10
-902
20
5249.6487664042
42
0.2706568873
0
VERTEX
8
POUR_OUTLINE_02
10
-899.4561417323
20
5245.2936220472
42
-0.1400258392
0
VERTEX
8
POUR_OUTLINE_02
10
-879.3859580052
20
5224.9671916011
42
0.5926431466
0
VERTEX
8
POUR_OUTLINE_02
10
-870.6140419948
20
5224.9671916011
42
-0.592642561
0
VERTEX
8
POUR_OUTLINE_02
10
-779.3859580052
20
5224.9671916011
42
0.5926431466
0
VERTEX
8
POUR_OUTLINE_02
10
-770.6140419948
20
5224.9671916011
42
-0.592642561
0
VERTEX
8
POUR_OUTLINE_02
10
-679.3859580052
20
5224.9671916011
42
0.5926431466
0
VERTEX
8
POUR_OUTLINE_02
10
-670.6140419948
20
5224.9671916011
42
-0.592642561
0
VERTEX
8
POUR_OUTLINE_02
10
-579.3859580052
20
5224.9671916011
42
0.5926431466
0
VERTEX
8
POUR_OUTLINE_02
10
-570.6140419948
20
5224.9671916011
42
-3.9096930812
0
VERTEX
8
POUR_OUTLINE_02
10
-570.6140419948
20
5175.0328083989
42
0.5926431466
0
VERTEX
8
POUR_OUTLINE_02
10
-579.3859580052
20
5175.0328083989
42
-0.592642561
0
VERTEX
8
POUR_OUTLINE_02
10
-670.6140419948
20
5175.0328083989
42
0.5926431466
0
VERTEX
8
POUR_OUTLINE_02
10
-679.3859580052
20
5175.0328083989
42
-0.592642561
0
VERTEX
8
POUR_OUTLINE_02
10
-770.6140419948
20
5175.0328083989
42
0.5926431466
0
VERTEX
8
POUR_OUTLINE_02
10
-779.3859580052
20
5175.0328083989
42
-0.592642561
0
VERTEX
8
POUR_OUTLINE_02
10
-870.6140419948
20
5175.0328083989
42
0.5926431466
0
VERTEX
8
POUR_OUTLINE_02
10
-879.3859580052
20
5175.0328083989
42
-0.592642561
0
VERTEX
8
POUR_OUTLINE_02
10
-970.6140419948
20
5175.0328083989
42
0.5926431466
0
VERTEX
8
POUR_OUTLINE_02
10
-979.3859580052
20
5175.0328083989
42
-0.592642561
0
VERTEX
8
POUR_OUTLINE_02
10
-1070.6140419948
20
5175.0328083989
42
0.5926431466
0
VERTEX
8
POUR_OUTLINE_02
10
-1079.3859580052
20
5175.0328083989
42
-0.776417591
0
VERTEX
8
POUR_OUTLINE_02
10
-1177
20
5200
42
-0.2706571461
0
VERTEX
8
POUR_OUTLINE_02
10
-1150.5438582677
20
5245.2936220472
42
0.2706568873
0
VERTEX
8
POUR_OUTLINE_02
10
-1148
20
5249.6487664042
0
VERTEX
8
POUR_OUTLINE_02
10
-1148
20
5300
42
-0.4142135624
0
VERTEX
8
POUR_OUTLINE_02
10
-1125
20
5323
0
VERTEX
8
POUR_OUTLINE_02
10
-1103
20
5323
42
0.4142135624
0
VERTEX
8
POUR_OUTLINE_02
10
-1098
20
5328
0
VERTEX
8
POUR_OUTLINE_02
10
-1098
20
5415.8753543307
42
0.6755436705
0
VERTEX
8
POUR_OUTLINE_02
10
-1106.6065616798
20
5419.3383989501
42
-0.4106310609
0
VERTEX
8
POUR_OUTLINE_02
10
-1142.4350131234
20
5418.3916535433
42
0.2209757507
0
VERTEX
8
POUR_OUTLINE_02
10
-1146.4376377953
20
5419.7087401575
42
-0.9809376854
0
VERTEX
8
POUR_OUTLINE_02
10
-1154.7253543307
20
5480.1317322835
42
0.3693524083
0
VERTEX
8
POUR_OUTLINE_02
10
-1150.5
20
5485.0713648294
0
VERTEX
8
POUR_OUTLINE_02
10
-1150.5
20
5487
42
-0.6755426541
0
VERTEX
8
POUR_OUTLINE_02
10
-1106.6065616798
20
5504.6616010499
42
0.6755436705
0
VERTEX
8
POUR_OUTLINE_02
10
-1098
20
5508.1246456693
0
VERTEX
8
POUR_OUTLINE_02
10
-1098
20
5553.1768503937
42
0.1670395673
0
VERTEX
8
POUR_OUTLINE_02
10
-1099.0563254593
20
5556.2505249344
42
-1.4010793136
0
VERTEX
8
POUR_OUTLINE_02
10
-1044.5
20
5575
0
VERTEX
8
POUR_OUTLINE_02
10
-1044.5
20
5574.9999475066
42
-0.0074406758
0
VERTEX
8
POUR_OUTLINE_02
10
-1044.5135170604
20
5574.092335958
42
0.0074083077
0
VERTEX
8
POUR_OUTLINE_02
10
-1044.5157217848
20
5573.9435433071
42
0.584506487
0
VERTEX
8
POUR_OUTLINE_02
10
-1036.9236220472
20
5569.6679002625
42
-0.1370995977
0
VERTEX
8
POUR_OUTLINE_02
10
-1025
20
5573
0
VERTEX
8
POUR_OUTLINE_02
10
-952.8612598425
20
5573
42
0.6266635663
0
VERTEX
8
POUR_OUTLINE_02
10
-948.9371391076
20
5581.0985826772
42
-0.1686686005
0
VERTEX
8
POUR_OUTLINE_02
10
-955.5
20
5600
42
-0.5120206443
0
VERTEX
8
POUR_OUTLINE_02
10
-915.3456692913
20
5628.9317060367
42
0.7055205813
0
VERTEX
8
POUR_OUTLINE_02
10
-909.5395538058
20
5636.3509186352
42
-0.1421493415
0
VERTEX
8
POUR_OUTLINE_02
10
-913.5
20
5650
0
VERTEX
8
POUR_OUTLINE_02
10
-913.5
20
5650.0000262467
42
-0.0837061313
0
VERTEX
8
POUR_OUTLINE_02
10
-912.0904461942
20
5658.360656168
42
0.0837045479
0
VERTEX
8
POUR_OUTLINE_02
10
-911.8140682415
20
5660
42
0.4142135624
0
VERTEX
8
POUR_OUTLINE_02
10
-916.8140682415
20
5665
0
VERTEX
8
POUR_OUTLINE_02
10
-944.6479002625
20
5665
42
0.3856429558
0
VERTEX
8
POUR_OUTLINE_02
10
-949.623648294
20
5660.4918110236
42
-0.6963602725
0
VERTEX
8
POUR_OUTLINE_02
10
-995.9016272966
20
5648.3927821522
42
0.5211437895
0
VERTEX
8
POUR_OUTLINE_02
10
-1004.0983727034
20
5648.3927821522
42
-0.5211440809
0
VERTEX
8
POUR_OUTLINE_02
10
-1045.9016272966
20
5648.3927821522
42
0.5211437895
0
VERTEX
8
POUR_OUTLINE_02
10
-1054.0983727034
20
5648.3927821522
42
-0.5211440809
0
VERTEX
8
POUR_OUTLINE_02
10
-1095.9016272966
20
5648.3927821522
42
0.5211437895
0
VERTEX
8
POUR_OUTLINE_02
10
-1104.0983727034
20
5648.3927821522
42
-0.3653064209
0
VERTEX
8
POUR_OUTLINE_02
10
-1135.8647244094
20
5639.9303937008
42
0.3163460808
0
VERTEX
8
POUR_OUTLINE_02
10
-1141.5306036745
20
5638.9424671916
0
VERTEX
8
POUR_OUTLINE_02
10
-1271.7702362205
20
5508.7028346457
42
0.1989114027
0
VERTEX
8
POUR_OUTLINE_02
10
-1273.2346981627
20
5505.1672965879
42
0.022686675
0
VERTEX
8
POUR_OUTLINE_02
10
-1273.2141207349
20
5504.714015748
42
-0.022698341
0
VERTEX
8
POUR_OUTLINE_02
10
-1273
20
5500.0000524934
0
VERTEX
8
POUR_OUTLINE_02
10
-1273
20
5500
42
-0.6654550548
0
VERTEX
8
POUR_OUTLINE_02
10
-1361.4912335958
20
5462.9541994751
42
0.6654545646
0
VERTEX
8
POUR_OUTLINE_02
10
-1370
20
5459.3920997375
0
SEQEND
0
INSERT
2
POUR_VOID_15
8
0
10
0
20
0
0
INSERT
2
POUR_VOID_14
8
0
10
0
20
0
0
ENDBLK
0
BLOCK
2
POUR_VOID_15
8
0
10
0
20
0
3
POUR_VOID_15
70
64
0
POLYLINE
8
POUR_VOID_02
66
1
40
10
41
10
70
1
0
VERTEX
8
POUR_VOID_02
10
-505.5
20
5325
42
1
0
VERTEX
8
POUR_VOID_02
10
-444.5
20
5325
42
1
0
SEQEND
0
ENDBLK
0
BLOCK
2
POUR_VOID_14
8
0
10
0
20
0
3
POUR_VOID_14
70
64
0
POLYLINE
8
POUR_VOID_02
66
1
40
10
41
10
70
1
0
VERTEX
8
POUR_VOID_02
10
-480.5
20
5500
42
1
0
VERTEX
8
POUR_VOID_02
10
-419.5
20
5500
42
1
0
SEQEND
0
ENDBLK
0
BLOCK
2
POUR_VIATHERM_20
8
0
10
0
20
0
3
POUR_VIATHERM_20
70
64
0
POLYLINE
8
POUR_VIATHERM_02
66
1
40
15
41
15
0
VERTEX
8
POUR_VIATHERM_02
10
-1171.5667454068
20
5471.5667454068
0
VERTEX
8
POUR_VIATHERM_02
10
-1162.3743569554
20
5462.3743569554
0
SEQEND
0
POLYLINE
8
POUR_VIATHERM_02
66
1
40
15
41
15
0
VERTEX
8
POUR_VIATHERM_02
10
-1171.5667454068
20
5428.4332545932
0
VERTEX
8
POUR_VIATHERM_02
10
-1162.3743569554
20
5437.6256430446
0
SEQEND
0
ENDBLK
0
BLOCK
2
POUR_VIATHERM_21
8
0
10
0
20
0
3
POUR_VIATHERM_21
70
64
0
POLYLINE
8
POUR_VIATHERM_02
66
1
40
15
41
15
0
VERTEX
8
POUR_VIATHERM_02
10
-453.4332545932
20
5346.5667454068
0
VERTEX
8
POUR_VIATHERM_02
10
-462.6256430446
20
5337.3743569554
0
SEQEND
0
POLYLINE
8
POUR_VIATHERM_02
66
1
40
15
41
15
0
VERTEX
8
POUR_VIATHERM_02
10
-453.4332545932
20
5303.4332545932
0
VERTEX
8
POUR_VIATHERM_02
10
-462.6256430446
20
5312.6256430446
0
SEQEND
0
POLYLINE
8
POUR_VIATHERM_02
66
1
40
15
41
15
0
VERTEX
8
POUR_VIATHERM_02
10
-496.5667454068
20
5346.5667454068
0
VERTEX
8
POUR_VIATHERM_02
10
-487.3743569554
20
5337.3743569554
0
SEQEND
0
POLYLINE
8
POUR_VIATHERM_02
66
1
40
15
41
15
0
VERTEX
8
POUR_VIATHERM_02
10
-496.5667454068
20
5303.4332545932
0
VERTEX
8
POUR_VIATHERM_02
10
-487.3743569554
20
5312.6256430446
0
SEQEND
0
ENDBLK
0
BLOCK
2
POUR_VIATHERM_23
8
0
10
0
20
0
3
POUR_VIATHERM_23
70
64
0
POLYLINE
8
POUR_VIATHERM_02
66
1
40
15
41
15
0
VERTEX
8
POUR_VIATHERM_02
10
-428.4332545932
20
5521.5667454068
0
VERTEX
8
POUR_VIATHERM_02
10
-437.6256430446
20
5512.3743569554
0
SEQEND
0
POLYLINE
8
POUR_VIATHERM_02
66
1
40
15
41
15
0
VERTEX
8
POUR_VIATHERM_02
10
-428.4332545932
20
5478.4332545932
0
VERTEX
8
POUR_VIATHERM_02
10
-437.6256430446
20
5487.6256430446
0
SEQEND
0
POLYLINE
8
POUR_VIATHERM_02
66
1
40
15
41
15
0
VERTEX
8
POUR_VIATHERM_02
10
-471.5667454068
20
5521.5667454068
0
VERTEX
8
POUR_VIATHERM_02
10
-462.3743569554
20
5512.3743569554
0
SEQEND
0
POLYLINE
8
POUR_VIATHERM_02
66
1
40
15
41
15
0
VERTEX
8
POUR_VIATHERM_02
10
-471.5667454068
20
5478.4332545932
0
VERTEX
8
POUR_VIATHERM_02
10
-462.3743569554
20
5487.6256430446
0
SEQEND
0
ENDBLK
0
BLOCK
2
POUR_VIATHERM_26
8
0
10
0
20
0
3
POUR_VIATHERM_26
70
64
0
POLYLINE
8
POUR_VIATHERM_02
66
1
40
15
41
15
0
VERTEX
8
POUR_VIATHERM_02
10
-428.4332545932
20
5778.4332545932
0
VERTEX
8
POUR_VIATHERM_02
10
-437.6256430446
20
5787.6256430446
0
SEQEND
0
POLYLINE
8
POUR_VIATHERM_02
66
1
40
15
41
15
0
VERTEX
8
POUR_VIATHERM_02
10
-471.5667454068
20
5821.5667454068
0
VERTEX
8
POUR_VIATHERM_02
10
-462.3743569554
20
5812.3743569554
0
SEQEND
0
POLYLINE
8
POUR_VIATHERM_02
66
1
40
15
41
15
0
VERTEX
8
POUR_VIATHERM_02
10
-471.5667454068
20
5778.4332545932
0
VERTEX
8
POUR_VIATHERM_02
10
-462.3743569554
20
5787.6256430446
0
SEQEND
0
ENDBLK
0
BLOCK
2
POUR_VIATHERM_30
8
0
10
0
20
0
3
POUR_VIATHERM_30
70
64
0
POLYLINE
8
POUR_VIATHERM_02
66
1
40
15
41
15
0
VERTEX
8
POUR_VIATHERM_02
10
-578.4332545932
20
5746.5667454068
0
VERTEX
8
POUR_VIATHERM_02
10
-587.6256430446
20
5737.3743569554
0
SEQEND
0
POLYLINE
8
POUR_VIATHERM_02
66
1
40
15
41
15
0
VERTEX
8
POUR_VIATHERM_02
10
-578.4332545932
20
5703.4332545932
0
VERTEX
8
POUR_VIATHERM_02
10
-587.6256430446
20
5712.6256430446
0
SEQEND
0
POLYLINE
8
POUR_VIATHERM_02
66
1
40
15
41
15
0
VERTEX
8
POUR_VIATHERM_02
10
-621.5667454068
20
5746.5667454068
0
VERTEX
8
POUR_VIATHERM_02
10
-612.3743569554
20
5737.3743569554
0
SEQEND
0
POLYLINE
8
POUR_VIATHERM_02
66
1
40
15
41
15
0
VERTEX
8
POUR_VIATHERM_02
10
-621.5667454068
20
5703.4332545932
0
VERTEX
8
POUR_VIATHERM_02
10
-612.3743569554
20
5712.6256430446
0
SEQEND
0
ENDBLK
0
BLOCK
2
POUR_VIATHERM_34
8
0
10
0
20
0
3
POUR_VIATHERM_34
70
64
0
POLYLINE
8
POUR_VIATHERM_02
66
1
40
15
41
15
0
VERTEX
8
POUR_VIATHERM_02
10
-946.5667454068
20
5578.4332545932
0
VERTEX
8
POUR_VIATHERM_02
10
-937.3743569554
20
5587.6256430446
0
SEQEND
0
POLYLINE
8
POUR_VIATHERM_02
66
1
40
15
41
15
0
VERTEX
8
POUR_VIATHERM_02
10
-946.5667454068
20
5621.5667454068
0
VERTEX
8
POUR_VIATHERM_02
10
-937.3743569554
20
5612.3743569554
0
SEQEND
0
ENDBLK
0
BLOCK
2
POUR_VIATHERM_37
8
0
10
0
20
0
3
POUR_VIATHERM_37
70
64
0
POLYLINE
8
POUR_VIATHERM_02
66
1
40
15
41
15
0
VERTEX
8
POUR_VIATHERM_02
10
-696.5667454068
20
5528.4332545932
0
VERTEX
8
POUR_VIATHERM_02
10
-687.3743569554
20
5537.6256430446
0
SEQEND
0
ENDBLK
0
BLOCK
2
POUR_VIATHERM_28
8
0
10
0
20
0
3
POUR_VIATHERM_28
70
64
0
POLYLINE
8
POUR_VIATHERM_02
66
1
40
15
41
15
0
VERTEX
8
POUR_VIATHERM_02
10
-953.4332545932
20
6146.5667454068
0
VERTEX
8
POUR_VIATHERM_02
10
-962.6256430446
20
6137.3743569554
0
SEQEND
0
POLYLINE
8
POUR_VIATHERM_02
66
1
40
15
41
15
0
VERTEX
8
POUR_VIATHERM_02
10
-953.4332545932
20
6103.4332545932
0
VERTEX
8
POUR_VIATHERM_02
10
-962.6256430446
20
6112.6256430446
0
SEQEND
0
POLYLINE
8
POUR_VIATHERM_02
66
1
40
15
41
15
0
VERTEX
8
POUR_VIATHERM_02
10
-996.5667454068
20
6146.5667454068
0
VERTEX
8
POUR_VIATHERM_02
10
-987.3743569554
20
6137.3743569554
0
SEQEND
0
POLYLINE
8
POUR_VIATHERM_02
66
1
40
15
41
15
0
VERTEX
8
POUR_VIATHERM_02
10
-996.5667454068
20
6103.4332545932
0
VERTEX
8
POUR_VIATHERM_02
10
-987.3743569554
20
6112.6256430446
0
SEQEND
0
ENDBLK
0
BLOCK
2
POUR_VIATHERM_32
8
0
10
0
20
0
3
POUR_VIATHERM_32
70
64
0
POLYLINE
8
POUR_VIATHERM_02
66
1
40
15
41
15
0
VERTEX
8
POUR_VIATHERM_02
10
-846.5667454068
20
5996.5667454068
0
VERTEX
8
POUR_VIATHERM_02
10
-837.3743569554
20
5987.3743569554
0
SEQEND
0
POLYLINE
8
POUR_VIATHERM_02
66
1
40
15
41
15
0
VERTEX
8
POUR_VIATHERM_02
10
-803.4332545932
20
5996.5667454068
0
VERTEX
8
POUR_VIATHERM_02
10
-812.6256430446
20
5987.3743569554
0
SEQEND
0
ENDBLK
999
*** POWERPCB  GENERAL KEEPOUT ***
999
*** POWERPCB  COMPONENT ***
0
BLOCK
2
PART_BOT_0
8
0
10
0
20
0
3
PART_BOT_0
70
64
0
INSERT
2
SYM_BOT_2
8
0
10
0
20
0
0
INSERT
2
PKG_0
8
0
10
0
20
0
41
-1
0
TEXT
8
LABEL_INFO
10
-70
20
150
40
70
1
0 0 0 2 0 1
73
2
11
-70
21
150
41
0.75
7
W10
0
TEXT
8
LABEL_ATTRIBUTE
10
-70
20
150
40
70
1
PartType
73
2
11
-70
21
150
41
0.75
7
W10
0
TEXT
8
PART_TYPE_02
10
-70
20
150
40
70
1
0603
73
3
11
-70
21
150
41
0.75
7
W10
0
TEXT
8
LABEL_INFO
10
-75
20
24.9999737533
40
35
1
0 162000000 0 0 0 1
50
90
41
0.75
7
W6
0
TEXT
8
LABEL_ATTRIBUTE
10
-75
20
24.9999737533
40
35
1
Ref.Des.
50
90
41
0.75
7
W6
0
TEXT
8
PART_NAME_02
10
-75
20
24.9999737533
40
35
1
C1
50
90
41
0.75
7
W6
0
TEXT
8
PART_INFO
10
-75
20
-25.0000262467
40
35
1
000000
71
2
50
90
41
0.75
7
W6
0
TEXT
8
PART_PTS
10
-75
20
-75.0000262467
40
35
1
1 2 
71
2
50
90
41
0.75
7
W6
0
ENDBLK
0
BLOCK
2
PART_BOT_1
8
0
10
0
20
0
3
PART_BOT_1
70
64
0
INSERT
2
SYM_BOT_2
8
0
10
0
20
0
0
INSERT
2
PKG_0
8
0
10
0
20
0
41
-1
0
TEXT
8
LABEL_INFO
10
-70
20
150
40
70
1
0 0 0 2 0 1
73
2
11
-70
21
150
41
0.75
7
W10
0
TEXT
8
LABEL_ATTRIBUTE
10
-70
20
150
40
70
1
PartType
73
2
11
-70
21
150
41
0.75
7
W10
0
TEXT
8
PART_TYPE_02
10
-70
20
150
40
70
1
0603
73
3
11
-70
21
150
41
0.75
7
W10
0
TEXT
8
LABEL_INFO
10
-150
20
24.9999737533
40
35
1
0 486000000 0 0 0 1
50
270
41
0.75
7
W6
0
TEXT
8
LABEL_ATTRIBUTE
10
-150
20
24.9999737533
40
35
1
Ref.Des.
50
270
41
0.75
7
W6
0
TEXT
8
PART_NAME_02
10
-150
20
24.9999737533
40
35
1
C2
50
270
41
0.75
7
W6
0
TEXT
8
PART_INFO
10
-150
20
-25.0000262467
40
35
1
000000
71
2
50
270
41
0.75
7
W6
0
TEXT
8
PART_PTS
10
-150
20
-75.0000262467
40
35
1
1 2 
71
2
50
270
41
0.75
7
W6
0
ENDBLK
0
BLOCK
2
PART_TOP_2
8
0
10
0
20
0
3
PART_TOP_2
70
64
0
INSERT
2
SYM_TOP_2
8
0
10
0
20
0
0
INSERT
2
PKG_0
8
0
10
0
20
0
0
TEXT
8
LABEL_INFO
10
-70
20
150
40
70
1
0 0 0 2 0 1
73
2
11
-70
21
150
41
0.75
7
W10
0
TEXT
8
LABEL_ATTRIBUTE
10
-70
20
150
40
70
1
PartType
73
2
11
-70
21
150
41
0.75
7
W10
0
TEXT
8
PART_TYPE_01
10
-70
20
150
40
70
1
0603
73
3
11
-70
21
150
41
0.75
7
W10
0
TEXT
8
LABEL_INFO
10
-75
20
50
40
35
1
0 0 0 0 0 1
41
0.75
7
W6
0
TEXT
8
LABEL_ATTRIBUTE
10
-75
20
50
40
35
1
Ref.Des.
41
0.75
7
W6
0
TEXT
8
PART_NAME_01
10
-75
20
50
40
35
1
C3
41
0.75
7
W6
0
TEXT
8
PART_INFO
10
-75
20
0
40
35
1
000000
41
0.75
7
W6
0
TEXT
8
PART_PTS
10
-75
20
-50
40
35
1
1 2 
41
0.75
7
W6
0
ENDBLK
0
BLOCK
2
PART_BOT_3
8
0
10
0
20
0
3
PART_BOT_3
70
64
0
INSERT
2
SYM_BOT_2
8
0
10
0
20
0
0
INSERT
2
PKG_0
8
0
10
0
20
0
41
-1
0
TEXT
8
LABEL_INFO
10
-70
20
150
40
70
1
0 0 0 2 0 1
73
2
11
-70
21
150
41
0.75
7
W10
0
TEXT
8
LABEL_ATTRIBUTE
10
-70
20
150
40
70
1
PartType
73
2
11
-70
21
150
41
0.75
7
W10
0
TEXT
8
PART_TYPE_02
10
-70
20
150
40
70
1
0603
73
3
11
-70
21
150
41
0.75
7
W10
0
TEXT
8
LABEL_INFO
10
49.9999737533
20
75
40
35
1
0 324000000 0 0 0 1
50
180
41
0.75
7
W6
0
TEXT
8
LABEL_ATTRIBUTE
10
49.9999737533
20
75
40
35
1
Ref.Des.
50
180
41
0.75
7
W6
0
TEXT
8
PART_NAME_02
10
49.9999737533
20
75
40
35
1
C4
50
180
41
0.75
7
W6
0
TEXT
8
PART_INFO
10
49.9999737533
20
25
40
35
1
000000
71
2
50
180
41
0.75
7
W6
0
TEXT
8
PART_PTS
10
49.9999737533
20
-25
40
35
1
1 2 
71
2
50
180
41
0.75
7
W6
0
ENDBLK
0
BLOCK
2
PART_BOT_4
8
0
10
0
20
0
3
PART_BOT_4
70
64
0
INSERT
2
SYM_BOT_2
8
0
10
0
20
0
0
INSERT
2
PKG_0
8
0
10
0
20
0
41
-1
0
TEXT
8
LABEL_INFO
10
-70
20
150
40
70
1
0 0 0 2 0 1
73
2
11
-70
21
150
41
0.75
7
W10
0
TEXT
8
LABEL_ATTRIBUTE
10
-70
20
150
40
70
1
PartType
73
2
11
-70
21
150
41
0.75
7
W10
0
TEXT
8
PART_TYPE_02
10
-70
20
150
40
70
1
0603
73
3
11
-70
21
150
41
0.75
7
W10
0
TEXT
8
LABEL_INFO
10
75
20
50
40
35
1
0 486000000 0 0 0 1
50
270
41
0.75
7
W6
0
TEXT
8
LABEL_ATTRIBUTE
10
75
20
50
40
35
1
Ref.Des.
50
270
41
0.75
7
W6
0
TEXT
8
PART_NAME_02
10
75
20
50
40
35
1
C5
50
270
41
0.75
7
W6
0
TEXT
8
PART_INFO
10
75
20
0
40
35
1
000000
71
2
50
270
41
0.75
7
W6
0
TEXT
8
PART_PTS
10
75
20
-50
40
35
1
1 2 
71
2
50
270
41
0.75
7
W6
0
ENDBLK
0
BLOCK
2
PART_BOT_5
8
0
10
0
20
0
3
PART_BOT_5
70
64
0
INSERT
2
SYM_BOT_2
8
0
10
0
20
0
0
INSERT
2
PKG_0
8
0
10
0
20
0
41
-1
0
TEXT
8
LABEL_INFO
10
-70
20
150
40
70
1
0 0 0 2 0 1
73
2
11
-70
21
150
41
0.75
7
W10
0
TEXT
8
LABEL_ATTRIBUTE
10
-70
20
150
40
70
1
PartType
73
2
11
-70
21
150
41
0.75
7
W10
0
TEXT
8
PART_TYPE_02
10
-70
20
150
40
70
1
0603
73
3
11
-70
21
150
41
0.75
7
W10
0
TEXT
8
LABEL_INFO
10
125
20
-24.9999737533
40
35
1
0 162000000 0 0 0 1
50
90
41
0.75
7
W6
0
TEXT
8
LABEL_ATTRIBUTE
10
125
20
-24.9999737533
40
35
1
Ref.Des.
50
90
41
0.75
7
W6
0
TEXT
8
PART_NAME_02
10
125
20
-24.9999737533
40
35
1
C6
50
90
41
0.75
7
W6
0
TEXT
8
PART_INFO
10
125
20
-74.9999737533
40
35
1
000000
71
2
50
90
41
0.75
7
W6
0
TEXT
8
PART_PTS
10
125
20
-124.9999737533
40
35
1
1 2 
71
2
50
90
41
0.75
7
W6
0
ENDBLK
0
BLOCK
2
PART_BOT_6
8
0
10
0
20
0
3
PART_BOT_6
70
64
0
INSERT
2
SYM_BOT_3
8
0
10
0
20
0
0
INSERT
2
PKG_1
8
0
10
0
20
0
41
-1
0
TEXT
8
LABEL_INFO
10
-400
20
49.9999737533
40
35
1
0 162000000 0 0 0 1
50
90
41
0.75
7
W6
0
TEXT
8
LABEL_ATTRIBUTE
10
-400
20
49.9999737533
40
35
1
Ref.Des.
50
90
41
0.75
7
W6
0
TEXT
8
PART_NAME_02
10
-400
20
49.9999737533
40
35
1
J1
50
90
41
0.75
7
W6
0
TEXT
8
LABEL_INFO
10
-100
20
280
40
70
1
0 0 0 2 0 1
73
2
11
-100
21
280
41
0.75
7
W10
0
TEXT
8
LABEL_ATTRIBUTE
10
-100
20
280
40
70
1
PartType
73
2
11
-100
21
280
41
0.75
7
W10
0
TEXT
8
PART_TYPE_02
10
-100
20
280
40
70
1
MOLEX_SL_5P
73
3
11
-100
21
280
41
0.75
7
W10
0
TEXT
8
PART_INFO
10
-100
20
180
40
70
1
000000
71
2
73
3
11
-100
21
180
41
0.75
7
W10
0
TEXT
8
PART_PTS
10
-100
20
80
40
70
1
1 2 3 4 5 
71
2
73
3
11
-100
21
80
41
0.75
7
W10
0
ENDBLK
0
BLOCK
2
PART_TOP_7
8
0
10
0
20
0
3
PART_TOP_7
70
64
0
INSERT
2
SYM_TOP_7
8
0
10
0
20
0
0
INSERT
2
PKG_2
8
0
10
0
20
0
0
TEXT
8
LABEL_INFO
10
-100
20
280
40
70
1
0 0 0 2 0 1
73
2
11
-100
21
280
41
0.75
7
W10
0
TEXT
8
LABEL_ATTRIBUTE
10
-100
20
280
40
70
1
PartType
73
2
11
-100
21
280
41
0.75
7
W10
0
TEXT
8
PART_TYPE_01
10
-100
20
280
40
70
1
MOLEX_SL_2P
73
3
11
-100
21
280
41
0.75
7
W10
0
TEXT
8
LABEL_INFO
10
-150
20
-25
40
35
1
0 162000000 0 0 0 1
50
90
41
0.75
7
W6
0
TEXT
8
LABEL_ATTRIBUTE
10
-150
20
-25
40
35
1
Ref.Des.
50
90
41
0.75
7
W6
0
TEXT
8
PART_NAME_01
10
-150
20
-25
40
35
1
J10
50
90
41
0.75
7
W6
0
TEXT
8
PART_INFO
10
-150
20
-75
40
35
1
000000
50
90
41
0.75
7
W6
0
TEXT
8
PART_PTS
10
-150
20
-125
40
35
1
1 2 
50
90
41
0.75
7
W6
0
ENDBLK
0
BLOCK
2
PART_TOP_8
8
0
10
0
20
0
3
PART_TOP_8
70
64
0
INSERT
2
SYM_TOP_11
8
0
10
0
20
0
0
INSERT
2
PKG_3
8
0
10
0
20
0
0
TEXT
8
LABEL_INFO
10
-25
20
-75
40
35
1
0 0 0 0 0 1
41
0.75
7
W6
0
TEXT
8
LABEL_ATTRIBUTE
10
-25
20
-75
40
35
1
Ref.Des.
41
0.75
7
W6
0
TEXT
8
PART_NAME_01
10
-25
20
-75
40
35
1
J11
41
0.75
7
W6
0
TEXT
8
PART_TYPE_TOP
10
-25
20
-125
40
35
1
CON1PIN
41
0.75
7
W6
0
TEXT
8
PART_INFO
10
-25
20
-175
40
35
1
000000
41
0.75
7
W6
0
TEXT
8
PART_PTS
10
-25
20
-225
40
35
1
1 
41
0.75
7
W6
0
ENDBLK
0
BLOCK
2
PART_TOP_9
8
0
10
0
20
0
3
PART_TOP_9
70
64
0
INSERT
2
SYM_TOP_11
8
0
10
0
20
0
0
INSERT
2
PKG_3
8
0
10
0
20
0
0
TEXT
8
LABEL_INFO
10
-25
20
-75
40
35
1
0 0 0 0 0 1
41
0.75
7
W6
0
TEXT
8
LABEL_ATTRIBUTE
10
-25
20
-75
40
35
1
Ref.Des.
41
0.75
7
W6
0
TEXT
8
PART_NAME_01
10
-25
20
-75
40
35
1
J12
41
0.75
7
W6
0
TEXT
8
PART_TYPE_TOP
10
-25
20
-125
40
35
1
CON1PIN
41
0.75
7
W6
0
TEXT
8
PART_INFO
10
-25
20
-175
40
35
1
000000
41
0.75
7
W6
0
TEXT
8
PART_PTS
10
-25
20
-225
40
35
1
1 
41
0.75
7
W6
0
ENDBLK
0
BLOCK
2
PART_TOP_10
8
0
10
0
20
0
3
PART_TOP_10
70
64
0
INSERT
2
SYM_TOP_11
8
0
10
0
20
0
0
INSERT
2
PKG_3
8
0
10
0
20
0
0
TEXT
8
LABEL_INFO
10
-25
20
-75
40
35
1
0 0 0 0 0 1
41
0.75
7
W6
0
TEXT
8
LABEL_ATTRIBUTE
10
-25
20
-75
40
35
1
Ref.Des.
41
0.75
7
W6
0
TEXT
8
PART_NAME_01
10
-25
20
-75
40
35
1
J13
41
0.75
7
W6
0
TEXT
8
PART_TYPE_TOP
10
-25
20
-125
40
35
1
CON1PIN
41
0.75
7
W6
0
TEXT
8
PART_INFO
10
-25
20
-175
40
35
1
000000
41
0.75
7
W6
0
TEXT
8
PART_PTS
10
-25
20
-225
40
35
1
1 
41
0.75
7
W6
0
ENDBLK
0
BLOCK
2
PART_TOP_11
8
0
10
0
20
0
3
PART_TOP_11
70
64
0
INSERT
2
SYM_TOP_11
8
0
10
0
20
0
0
INSERT
2
PKG_3
8
0
10
0
20
0
0
TEXT
8
LABEL_INFO
10
-25
20
-75
40
35
1
0 0 0 0 0 1
41
0.75
7
W6
0
TEXT
8
LABEL_ATTRIBUTE
10
-25
20
-75
40
35
1
Ref.Des.
41
0.75
7
W6
0
TEXT
8
PART_NAME_01
10
-25
20
-75
40
35
1
J14
41
0.75
7
W6
0
TEXT
8
PART_TYPE_TOP
10
-25
20
-125
40
35
1
CON1PIN
41
0.75
7
W6
0
TEXT
8
PART_INFO
10
-25
20
-175
40
35
1
000000
41
0.75
7
W6
0
TEXT
8
PART_PTS
10
-25
20
-225
40
35
1
1 
41
0.75
7
W6
0
ENDBLK
0
BLOCK
2
PART_TOP_12
8
0
10
0
20
0
3
PART_TOP_12
70
64
0
INSERT
2
SYM_TOP_11
8
0
10
0
20
0
0
INSERT
2
PKG_3
8
0
10
0
20
0
0
TEXT
8
LABEL_INFO
10
-25
20
-75
40
35
1
0 0 0 0 0 1
41
0.75
7
W6
0
TEXT
8
LABEL_ATTRIBUTE
10
-25
20
-75
40
35
1
Ref.Des.
41
0.75
7
W6
0
TEXT
8
PART_NAME_01
10
-25
20
-75
40
35
1
J15
41
0.75
7
W6
0
TEXT
8
PART_TYPE_TOP
10
-25
20
-125
40
35
1
CON1PIN
41
0.75
7
W6
0
TEXT
8
PART_INFO
10
-25
20
-175
40
35
1
000000
41
0.75
7
W6
0
TEXT
8
PART_PTS
10
-25
20
-225
40
35
1
1 
41
0.75
7
W6
0
ENDBLK
0
BLOCK
2
PART_TOP_13
8
0
10
0
20
0
3
PART_TOP_13
70
64
0
INSERT
2
SYM_TOP_7
8
0
10
0
20
0
0
INSERT
2
PKG_2
8
0
10
0
20
0
0
TEXT
8
LABEL_INFO
10
-100
20
280
40
70
1
0 0 0 2 0 1
73
2
11
-100
21
280
41
0.75
7
W10
0
TEXT
8
LABEL_ATTRIBUTE
10
-100
20
280
40
70
1
PartType
73
2
11
-100
21
280
41
0.75
7
W10
0
TEXT
8
PART_TYPE_01
10
-100
20
280
40
70
1
MOLEX_SL_2P
73
3
11
-100
21
280
41
0.75
7
W10
0
TEXT
8
LABEL_INFO
10
100
20
25
40
35
1
0 324000000 0 0 0 1
50
180
41
0.75
7
W6
0
TEXT
8
LABEL_ATTRIBUTE
10
100
20
25
40
35
1
Ref.Des.
50
180
41
0.75
7
W6
0
TEXT
8
PART_NAME_01
10
100
20
25
40
35
1
J2
50
180
41
0.75
7
W6
0
TEXT
8
PART_INFO
10
100
20
-25
40
35
1
000000
50
180
41
0.75
7
W6
0
TEXT
8
PART_PTS
10
100
20
-75
40
35
1
1 2 
50
180
41
0.75
7
W6
0
ENDBLK
0
BLOCK
2
PART_TOP_14
8
0
10
0
20
0
3
PART_TOP_14
70
64
0
INSERT
2
SYM_TOP_11
8
0
10
0
20
0
0
INSERT
2
PKG_3
8
0
10
0
20
0
0
TEXT
8
LABEL_INFO
10
-25
20
50
40
35
1
0 0 0 0 0 1
41
0.75
7
W6
0
TEXT
8
LABEL_ATTRIBUTE
10
-25
20
50
40
35
1
Ref.Des.
41
0.75
7
W6
0
TEXT
8
PART_NAME_01
10
-25
20
50
40
35
1
J3
41
0.75
7
W6
0
TEXT
8
PART_TYPE_TOP
10
-25
20
0
40
35
1
CON1PIN
41
0.75
7
W6
0
TEXT
8
PART_INFO
10
-25
20
-50
40
35
1
000000
41
0.75
7
W6
0
TEXT
8
PART_PTS
10
-25
20
-100
40
35
1
1 
41
0.75
7
W6
0
ENDBLK
0
BLOCK
2
PART_TOP_15
8
0
10
0
20
0
3
PART_TOP_15
70
64
0
INSERT
2
SYM_TOP_11
8
0
10
0
20
0
0
INSERT
2
PKG_3
8
0
10
0
20
0
0
TEXT
8
LABEL_INFO
10
-25
20
-75
40
35
1
0 0 0 0 0 1
41
0.75
7
W6
0
TEXT
8
LABEL_ATTRIBUTE
10
-25
20
-75
40
35
1
Ref.Des.
41
0.75
7
W6
0
TEXT
8
PART_NAME_01
10
-25
20
-75
40
35
1
J4
41
0.75
7
W6
0
TEXT
8
PART_TYPE_TOP
10
-25
20
-125
40
35
1
CON1PIN
41
0.75
7
W6
0
TEXT
8
PART_INFO
10
-25
20
-175
40
35
1
000000
41
0.75
7
W6
0
TEXT
8
PART_PTS
10
-25
20
-225
40
35
1
1 
41
0.75
7
W6
0
ENDBLK
0
BLOCK
2
PART_TOP_16
8
0
10
0
20
0
3
PART_TOP_16
70
64
0
INSERT
2
SYM_TOP_11
8
0
10
0
20
0
0
INSERT
2
PKG_3
8
0
10
0
20
0
0
TEXT
8
LABEL_INFO
10
-25
20
-75
40
35
1
0 0 0 0 0 1
41
0.75
7
W6
0
TEXT
8
LABEL_ATTRIBUTE
10
-25
20
-75
40
35
1
Ref.Des.
41
0.75
7
W6
0
TEXT
8
PART_NAME_01
10
-25
20
-75
40
35
1
J5
41
0.75
7
W6
0
TEXT
8
PART_TYPE_TOP
10
-25
20
-125
40
35
1
CON1PIN
41
0.75
7
W6
0
TEXT
8
PART_INFO
10
-25
20
-175
40
35
1
000000
41
0.75
7
W6
0
TEXT
8
PART_PTS
10
-25
20
-225
40
35
1
1 
41
0.75
7
W6
0
ENDBLK
0
BLOCK
2
PART_TOP_17
8
0
10
0
20
0
3
PART_TOP_17
70
64
0
INSERT
2
SYM_TOP_11
8
0
10
0
20
0
0
INSERT
2
PKG_3
8
0
10
0
20
0
0
TEXT
8
LABEL_INFO
10
-25
20
50
40
35
1
0 0 0 0 0 1
41
0.75
7
W6
0
TEXT
8
LABEL_ATTRIBUTE
10
-25
20
50
40
35
1
Ref.Des.
41
0.75
7
W6
0
TEXT
8
PART_NAME_01
10
-25
20
50
40
35
1
J6
41
0.75
7
W6
0
TEXT
8
PART_TYPE_TOP
10
-25
20
0
40
35
1
CON1PIN
41
0.75
7
W6
0
TEXT
8
PART_INFO
10
-25
20
-50
40
35
1
000000
41
0.75
7
W6
0
TEXT
8
PART_PTS
10
-25
20
-100
40
35
1
1 
41
0.75
7
W6
0
ENDBLK
0
BLOCK
2
PART_TOP_18
8
0
10
0
20
0
3
PART_TOP_18
70
64
0
INSERT
2
SYM_TOP_11
8
0
10
0
20
0
0
INSERT
2
PKG_3
8
0
10
0
20
0
0
TEXT
8
LABEL_INFO
10
-25
20
-75
40
35
1
0 0 0 0 0 1
41
0.75
7
W6
0
TEXT
8
LABEL_ATTRIBUTE
10
-25
20
-75
40
35
1
Ref.Des.
41
0.75
7
W6
0
TEXT
8
PART_NAME_01
10
-25
20
-75
40
35
1
J7
41
0.75
7
W6
0
TEXT
8
PART_TYPE_TOP
10
-25
20
-125
40
35
1
CON1PIN
41
0.75
7
W6
0
TEXT
8
PART_INFO
10
-25
20
-175
40
35
1
000000
41
0.75
7
W6
0
TEXT
8
PART_PTS
10
-25
20
-225
40
35
1
1 
41
0.75
7
W6
0
ENDBLK
0
BLOCK
2
PART_TOP_19
8
0
10
0
20
0
3
PART_TOP_19
70
64
0
INSERT
2
SYM_TOP_11
8
0
10
0
20
0
0
INSERT
2
PKG_3
8
0
10
0
20
0
0
TEXT
8
LABEL_INFO
10
-25
20
50
40
35
1
0 0 0 0 0 1
41
0.75
7
W6
0
TEXT
8
LABEL_ATTRIBUTE
10
-25
20
50
40
35
1
Ref.Des.
41
0.75
7
W6
0
TEXT
8
PART_NAME_01
10
-25
20
50
40
35
1
J8
41
0.75
7
W6
0
TEXT
8
PART_TYPE_TOP
10
-25
20
0
40
35
1
CON1PIN
41
0.75
7
W6
0
TEXT
8
PART_INFO
10
-25
20
-50
40
35
1
000000
41
0.75
7
W6
0
TEXT
8
PART_PTS
10
-25
20
-100
40
35
1
1 
41
0.75
7
W6
0
ENDBLK
0
BLOCK
2
PART_TOP_20
8
0
10
0
20
0
3
PART_TOP_20
70
64
0
INSERT
2
SYM_TOP_11
8
0
10
0
20
0
0
INSERT
2
PKG_3
8
0
10
0
20
0
0
TEXT
8
LABEL_INFO
10
-100
20
-25
40
35
1
0 0 0 0 0 1
41
0.75
7
W6
0
TEXT
8
LABEL_ATTRIBUTE
10
-100
20
-25
40
35
1
Ref.Des.
41
0.75
7
W6
0
TEXT
8
PART_NAME_01
10
-100
20
-25
40
35
1
J9
41
0.75
7
W6
0
TEXT
8
PART_TYPE_TOP
10
-100
20
-75
40
35
1
CON1PIN
41
0.75
7
W6
0
TEXT
8
PART_INFO
10
-100
20
-125
40
35
1
000000
41
0.75
7
W6
0
TEXT
8
PART_PTS
10
-100
20
-175
40
35
1
1 
41
0.75
7
W6
0
ENDBLK
0
BLOCK
2
PART_BOT_21
8
0
10
0
20
0
3
PART_BOT_21
70
64
0
INSERT
2
SYM_BOT_2
8
0
10
0
20
0
0
INSERT
2
PKG_0
8
0
10
0
20
0
41
-1
0
TEXT
8
LABEL_INFO
10
-70
20
150
40
70
1
0 0 0 2 0 1
73
2
11
-70
21
150
41
0.75
7
W10
0
TEXT
8
LABEL_ATTRIBUTE
10
-70
20
150
40
70
1
PartType
73
2
11
-70
21
150
41
0.75
7
W10
0
TEXT
8
PART_TYPE_02
10
-70
20
150
40
70
1
0603
73
3
11
-70
21
150
41
0.75
7
W10
0
TEXT
8
LABEL_INFO
10
0
20
50
40
35
1
0 0 0 0 0 1
41
0.75
7
W6
0
TEXT
8
LABEL_ATTRIBUTE
10
0
20
50
40
35
1
Ref.Des.
41
0.75
7
W6
0
TEXT
8
PART_NAME_02
10
0
20
50
40
35
1
R1
41
0.75
7
W6
0
TEXT
8
PART_INFO
10
0
20
0
40
35
1
000000
71
2
41
0.75
7
W6
0
TEXT
8
PART_PTS
10
0
20
-50
40
35
1
1 2 
71
2
41
0.75
7
W6
0
ENDBLK
0
BLOCK
2
PART_BOT_22
8
0
10
0
20
0
3
PART_BOT_22
70
64
0
INSERT
2
SYM_BOT_2
8
0
10
0
20
0
0
INSERT
2
PKG_0
8
0
10
0
20
0
41
-1
0
TEXT
8
LABEL_INFO
10
-70
20
150
40
70
1
0 0 0 2 0 1
73
2
11
-70
21
150
41
0.75
7
W10
0
TEXT
8
LABEL_ATTRIBUTE
10
-70
20
150
40
70
1
PartType
73
2
11
-70
21
150
41
0.75
7
W10
0
TEXT
8
PART_TYPE_02
10
-70
20
150
40
70
1
0603
73
3
11
-70
21
150
41
0.75
7
W10
0
TEXT
8
LABEL_INFO
10
-25
20
-75
40
35
1
0 0 0 0 0 1
41
0.75
7
W6
0
TEXT
8
LABEL_ATTRIBUTE
10
-25
20
-75
40
35
1
Ref.Des.
41
0.75
7
W6
0
TEXT
8
PART_NAME_02
10
-25
20
-75
40
35
1
R2
41
0.75
7
W6
0
TEXT
8
PART_INFO
10
-25
20
-125
40
35
1
000000
71
2
41
0.75
7
W6
0
TEXT
8
PART_PTS
10
-25
20
-175
40
35
1
1 2 
71
2
41
0.75
7
W6
0
ENDBLK
0
BLOCK
2
PART_BOT_23
8
0
10
0
20
0
3
PART_BOT_23
70
64
0
INSERT
2
SYM_BOT_2
8
0
10
0
20
0
0
INSERT
2
PKG_0
8
0
10
0
20
0
41
-1
0
TEXT
8
LABEL_INFO
10
-70
20
150
40
70
1
0 0 0 2 0 1
73
2
11
-70
21
150
41
0.75
7
W10
0
TEXT
8
LABEL_ATTRIBUTE
10
-70
20
150
40
70
1
PartType
73
2
11
-70
21
150
41
0.75
7
W10
0
TEXT
8
PART_TYPE_02
10
-70
20
150
40
70
1
0603
73
3
11
-70
21
150
41
0.75
7
W10
0
TEXT
8
LABEL_INFO
10
125
20
0
40
35
1
0 324000000 0 0 0 1
50
180
41
0.75
7
W6
0
TEXT
8
LABEL_ATTRIBUTE
10
125
20
0
40
35
1
Ref.Des.
50
180
41
0.75
7
W6
0
TEXT
8
PART_NAME_02
10
125
20
0
40
35
1
R3
50
180
41
0.75
7
W6
0
TEXT
8
PART_INFO
10
125
20
-50
40
35
1
000000
71
2
50
180
41
0.75
7
W6
0
TEXT
8
PART_PTS
10
125
20
-100
40
35
1
1 2 
71
2
50
180
41
0.75
7
W6
0
ENDBLK
0
BLOCK
2
PART_BOT_24
8
0
10
0
20
0
3
PART_BOT_24
70
64
0
INSERT
2
SYM_BOT_2
8
0
10
0
20
0
0
INSERT
2
PKG_0
8
0
10
0
20
0
41
-1
0
TEXT
8
LABEL_INFO
10
-70
20
150
40
70
1
0 0 0 2 0 1
73
2
11
-70
21
150
41
0.75
7
W10
0
TEXT
8
LABEL_ATTRIBUTE
10
-70
20
150
40
70
1
PartType
73
2
11
-70
21
150
41
0.75
7
W10
0
TEXT
8
PART_TYPE_02
10
-70
20
150
40
70
1
0603
73
3
11
-70
21
150
41
0.75
7
W10
0
TEXT
8
LABEL_INFO
10
125
20
25
40
35
1
0 324000000 0 0 0 1
50
180
41
0.75
7
W6
0
TEXT
8
LABEL_ATTRIBUTE
10
125
20
25
40
35
1
Ref.Des.
50
180
41
0.75
7
W6
0
TEXT
8
PART_NAME_02
10
125
20
25
40
35
1
R4
50
180
41
0.75
7
W6
0
TEXT
8
PART_INFO
10
125
20
-25
40
35
1
000000
71
2
50
180
41
0.75
7
W6
0
TEXT
8
PART_PTS
10
125
20
-75
40
35
1
1 2 
71
2
50
180
41
0.75
7
W6
0
ENDBLK
0
BLOCK
2
PART_TOP_25
8
0
10
0
20
0
3
PART_TOP_25
70
64
0
INSERT
2
SYM_TOP_12
8
0
10
0
20
0
0
INSERT
2
PKG_4
8
0
10
0
20
0
0
TEXT
8
LABEL_INFO
10
400
20
475
40
35
1
1 0 0 0 0 1
41
0.75
7
W6
0
TEXT
8
LABEL_ATTRIBUTE
10
400
20
475
40
35
1
Ref.Des.
41
0.75
7
W6
0
TEXT
8
PART_NAME_01
10
400
20
475
40
35
1
U1
41
0.75
7
W6
0
TEXT
8
LABEL_INFO
10
-394.9209973753
20
-592.3860104987
40
35.1082887139
1
1 0 0 0 1 1
41
0.75
7
W5$0154593176
0
TEXT
8
LABEL_ATTRIBUTE
10
-394.9209973753
20
-592.3860104987
40
35.1082887139
1
PartType
41
0.75
7
W5$0154593176
0
TEXT
8
PART_TYPE_01
10
-394.9209973753
20
-592.3860104987
40
35.1082887139
1
Part Type=RN2903
41
0.75
7
W5$0154593176
0
TEXT
8
PART_INFO
10
-394.9209973753
20
-642.5407086614
40
35.1082887139
1
000000
41
0.75
7
W5$0154593176
0
TEXT
8
PART_PTS
10
-394.9209973753
20
-692.6954068241
40
35.1082887139
1
1 2 3 6 7 8 11 12 20 21 22 23 24 26 27 28 30 31 32 33 34 41 47 
41
0.75
7
W5$0154593176
0
ENDBLK
0
BLOCK
2
PART_BOT_26
8
0
10
0
20
0
3
PART_BOT_26
70
64
0
INSERT
2
SYM_BOT_13
8
0
10
0
20
0
0
INSERT
2
PKG_5
8
0
10
0
20
0
41
-1
0
TEXT
8
LABEL_INFO
10
220
20
45
40
70
1
0 0 0 2 0 1
73
2
11
220
21
45
41
0.75
7
W10
0
TEXT
8
LABEL_ATTRIBUTE
10
220
20
45
40
70
1
PartType
73
2
11
220
21
45
41
0.75
7
W10
0
TEXT
8
PART_TYPE_02
10
220
20
45
40
70
1
SO8
73
3
11
220
21
45
41
0.75
7
W10
0
TEXT
8
LABEL_INFO
10
-200
20
49.9999737533
40
35
1
0 162000000 0 0 0 1
50
90
41
0.75
7
W6
0
TEXT
8
LABEL_ATTRIBUTE
10
-200
20
49.9999737533
40
35
1
Ref.Des.
50
90
41
0.75
7
W6
0
TEXT
8
PART_NAME_02
10
-200
20
49.9999737533
40
35
1
U2
50
90
41
0.75
7
W6
0
TEXT
8
PART_INFO
10
-200
20
-0.0000262467
40
35
1
000000
71
2
50
90
41
0.75
7
W6
0
TEXT
8
PART_PTS
10
-200
20
-50.0000262467
40
35
1
3 4 5 6 7 8 
71
2
50
90
41
0.75
7
W6
0
ENDBLK
0
BLOCK
2
PART_BOT_27
8
0
10
0
20
0
3
PART_BOT_27
70
64
0
INSERT
2
SYM_BOT_13
8
0
10
0
20
0
0
INSERT
2
PKG_5
8
0
10
0
20
0
41
-1
0
TEXT
8
LABEL_INFO
10
220
20
45
40
70
1
0 0 0 2 0 1
73
2
11
220
21
45
41
0.75
7
W10
0
TEXT
8
LABEL_ATTRIBUTE
10
220
20
45
40
70
1
PartType
73
2
11
220
21
45
41
0.75
7
W10
0
TEXT
8
PART_TYPE_02
10
220
20
45
40
70
1
SO8
73
3
11
220
21
45
41
0.75
7
W10
0
TEXT
8
LABEL_INFO
10
74.9999737533
20
125
40
35
1
0 324000000 0 0 0 1
50
180
41
0.75
7
W6
0
TEXT
8
LABEL_ATTRIBUTE
10
74.9999737533
20
125
40
35
1
Ref.Des.
50
180
41
0.75
7
W6
0
TEXT
8
PART_NAME_02
10
74.9999737533
20
125
40
35
1
U3
50
180
41
0.75
7
W6
0
TEXT
8
PART_INFO
10
74.9999737533
20
75
40
35
1
000000
71
2
50
180
41
0.75
7
W6
0
TEXT
8
PART_PTS
10
74.9999737533
20
25
40
35
1
3 4 5 6 7 8 
71
2
50
180
41
0.75
7
W6
0
ENDBLK
0
BLOCK
2
PART_BOT_28
8
0
10
0
20
0
3
PART_BOT_28
70
64
0
INSERT
2
SYM_BOT_13
8
0
10
0
20
0
0
INSERT
2
PKG_5
8
0
10
0
20
0
41
-1
0
TEXT
8
LABEL_INFO
10
220
20
45
40
70
1
0 0 0 2 0 1
73
2
11
220
21
45
41
0.75
7
W10
0
TEXT
8
LABEL_ATTRIBUTE
10
220
20
45
40
70
1
PartType
73
2
11
220
21
45
41
0.75
7
W10
0
TEXT
8
PART_TYPE_02
10
220
20
45
40
70
1
SO8
73
3
11
220
21
45
41
0.75
7
W10
0
TEXT
8
LABEL_INFO
10
-25
20
-200
40
35
1
0 0 0 0 0 1
41
0.75
7
W6
0
TEXT
8
LABEL_ATTRIBUTE
10
-25
20
-200
40
35
1
Ref.Des.
41
0.75
7
W6
0
TEXT
8
PART_NAME_02
10
-25
20
-200
40
35
1
U4
41
0.75
7
W6
0
TEXT
8
PART_INFO
10
-25
20
-250
40
35
1
000000
71
2
41
0.75
7
W6
0
TEXT
8
PART_PTS
10
-25
20
-300
40
35
1
1 2 3 4 5 6 7 8 
71
2
41
0.75
7
W6
0
ENDBLK
0
BLOCK
2
PART_TOP_29
8
0
10
0
20
0
3
PART_TOP_29
70
64
0
INSERT
2
SYM_TOP_14
8
0
10
0
20
0
0
INSERT
2
PKG_6
8
0
10
0
20
0
0
TEXT
8
LABEL_INFO
10
75
20
25
40
35
1
0 0 0 0 0 1
41
0.75
7
W6
0
TEXT
8
LABEL_ATTRIBUTE
10
75
20
25
40
35
1
Ref.Des.
41
0.75
7
W6
0
TEXT
8
PART_NAME_01
10
75
20
25
40
35
1
U5
41
0.75
7
W6
0
TEXT
8
LABEL_INFO
10
-5
20
-100
40
70
1
0 0 0 0 0 1
41
0.75
7
W10
0
TEXT
8
LABEL_ATTRIBUTE
10
-5
20
-100
40
70
1
PartType
41
0.75
7
W10
0
TEXT
8
PART_TYPE_01
10
-5
20
-100
40
70
1
FIDUCIAL_MARK
41
0.75
7
W10
0
TEXT
8
PART_INFO
10
-5
20
-200
40
70
1
000000
41
0.75
7
W10
0
TEXT
8
PART_PTS
10
-5
20
-300
40
70
1
1 
41
0.75
7
W10
0
ENDBLK
0
BLOCK
2
PART_TOP_30
8
0
10
0
20
0
3
PART_TOP_30
70
64
0
INSERT
2
SYM_TOP_14
8
0
10
0
20
0
0
INSERT
2
PKG_6
8
0
10
0
20
0
0
TEXT
8
LABEL_INFO
10
75
20
-50
40
35
1
0 0 0 0 0 1
41
0.75
7
W6
0
TEXT
8
LABEL_ATTRIBUTE
10
75
20
-50
40
35
1
Ref.Des.
41
0.75
7
W6
0
TEXT
8
PART_NAME_01
10
75
20
-50
40
35
1
U6
41
0.75
7
W6
0
TEXT
8
LABEL_INFO
10
-5
20
-100
40
70
1
0 0 0 0 0 1
41
0.75
7
W10
0
TEXT
8
LABEL_ATTRIBUTE
10
-5
20
-100
40
70
1
PartType
41
0.75
7
W10
0
TEXT
8
PART_TYPE_01
10
-5
20
-100
40
70
1
FIDUCIAL_MARK
41
0.75
7
W10
0
TEXT
8
PART_INFO
10
-5
20
-200
40
70
1
000000
41
0.75
7
W10
0
TEXT
8
PART_PTS
10
-5
20
-300
40
70
1
1 
41
0.75
7
W10
0
ENDBLK
0
BLOCK
2
PART_TOP_31
8
0
10
0
20
0
3
PART_TOP_31
70
64
0
INSERT
2
SYM_TOP_14
8
0
10
0
20
0
0
INSERT
2
PKG_6
8
0
10
0
20
0
0
TEXT
8
LABEL_INFO
10
0
20
75
40
35
1
0 0 0 0 0 1
41
0.75
7
W6
0
TEXT
8
LABEL_ATTRIBUTE
10
0
20
75
40
35
1
Ref.Des.
41
0.75
7
W6
0
TEXT
8
PART_NAME_01
10
0
20
75
40
35
1
U7
41
0.75
7
W6
0
TEXT
8
LABEL_INFO
10
-5
20
-100
40
70
1
0 0 0 0 0 1
41
0.75
7
W10
0
TEXT
8
LABEL_ATTRIBUTE
10
-5
20
-100
40
70
1
PartType
41
0.75
7
W10
0
TEXT
8
PART_TYPE_01
10
-5
20
-100
40
70
1
FIDUCIAL_MARK
41
0.75
7
W10
0
TEXT
8
PART_INFO
10
-5
20
-200
40
70
1
000000
41
0.75
7
W10
0
TEXT
8
PART_PTS
10
-5
20
-300
40
70
1
1 
41
0.75
7
W10
0
ENDBLK
0
BLOCK
2
PART_TOP_32
8
0
10
0
20
0
3
PART_TOP_32
70
64
0
INSERT
2
SYM_TOP_14
8
0
10
0
20
0
0
INSERT
2
PKG_6
8
0
10
0
20
0
0
TEXT
8
LABEL_INFO
10
-100
20
25
40
35
1
0 0 0 0 0 1
41
0.75
7
W6
0
TEXT
8
LABEL_ATTRIBUTE
10
-100
20
25
40
35
1
Ref.Des.
41
0.75
7
W6
0
TEXT
8
PART_NAME_01
10
-100
20
25
40
35
1
U8
41
0.75
7
W6
0
TEXT
8
LABEL_INFO
10
-5
20
-100
40
70
1
0 0 0 0 0 1
41
0.75
7
W10
0
TEXT
8
LABEL_ATTRIBUTE
10
-5
20
-100
40
70
1
PartType
41
0.75
7
W10
0
TEXT
8
PART_TYPE_01
10
-5
20
-100
40
70
1
FIDUCIAL_MARK
41
0.75
7
W10
0
TEXT
8
PART_INFO
10
-5
20
-200
40
70
1
000000
41
0.75
7
W10
0
TEXT
8
PART_PTS
10
-5
20
-300
40
70
1
1 
41
0.75
7
W10
0
ENDBLK
0
BLOCK
2
SYM_BOT_2
8
0
10
0
20
0
3
SYM_BOT_2
70
64
0
TEXT
8
SYM_NAME
10
0
20
0
40
70
1
0603
41
0.75
0
TEXT
8
SYM_PART_TYPE_01
10
-70
20
150
40
70
1
 
73
2
11
-70
21
150
41
0.75
7
W10R0
0
TEXT
8
SYM_PART_NAME_01
10
-70
20
150
40
70
1
 
41
0.75
7
W10R0
0
INSERT
2
PART_BODY_BOT_12
8
0
10
0
20
0
0
INSERT
2
STK_BOT_382
8
0
10
-31
20
0
0
TEXT
8
SYM_TERMINAL
10
0
20
-120
40
70
1
1
0
INSERT
2
STK_BOT_382
8
0
10
31
20
0
0
TEXT
8
SYM_TERMINAL
10
0
20
-240
40
70
1
2
0
ENDBLK
0
BLOCK
2
PKG_0
8
0
10
0
20
0
3
PKG_0
70
64
0
TEXT
8
PKG_INFO
10
0
20
0
40
70
1
*SYM:= 2
0
TEXT
8
PKG_INFO
10
0
20
-120
40
70
1
*PKG:= 0 0603 GEN
0
ENDBLK
0
BLOCK
2
SYM_TOP_2
8
0
10
0
20
0
3
SYM_TOP_2
70
64
0
TEXT
8
SYM_NAME
10
0
20
0
40
70
1
0603
41
0.75
0
TEXT
8
SYM_PART_TYPE_01
10
-70
20
150
40
70
1
 
73
2
11
-70
21
150
41
0.75
7
W10R0
0
TEXT
8
SYM_PART_NAME_01
10
-70
20
150
40
70
1
 
41
0.75
7
W10R0
0
INSERT
2
PART_BODY_TOP_12
8
0
10
0
20
0
0
INSERT
2
STK_TOP_382
8
0
10
-31
20
0
0
TEXT
8
SYM_TERMINAL
10
0
20
-120
40
70
1
1
0
INSERT
2
STK_TOP_382
8
0
10
31
20
0
0
TEXT
8
SYM_TERMINAL
10
0
20
-240
40
70
1
2
0
ENDBLK
0
BLOCK
2
SYM_BOT_3
8
0
10
0
20
0
3
SYM_BOT_3
70
64
0
TEXT
8
SYM_NAME
10
0
20
0
40
70
1
MOLEX_SL_5P
41
0.75
0
TEXT
8
SYM_PART_NAME_01
10
-100
20
290
40
70
1
 
41
0.75
7
W10R0
0
TEXT
8
SYM_PART_TYPE_01
10
-100
20
280
40
70
1
 
73
2
11
-100
21
280
41
0.75
7
W10R0
0
INSERT
2
PART_BODY_BOT_13
8
0
10
0
20
0
0
INSERT
2
STK_BOT_480
8
0
10
0
20
0
0
TEXT
8
SYM_TERMINAL
10
0
20
-120
40
70
1
1
0
INSERT
2
STK_BOT_479
8
0
10
-100
20
0
0
TEXT
8
SYM_TERMINAL
10
0
20
-240
40
70
1
2
0
INSERT
2
STK_BOT_479
8
0
10
-200
20
0
0
TEXT
8
SYM_TERMINAL
10
0
20
-360
40
70
1
3
0
INSERT
2
STK_BOT_479
8
0
10
-300
20
0
0
TEXT
8
SYM_TERMINAL
10
0
20
-480
40
70
1
4
0
INSERT
2
STK_BOT_479
8
0
10
-400
20
0
0
TEXT
8
SYM_TERMINAL
10
0
20
-600
40
70
1
5
0
ENDBLK
0
BLOCK
2
PKG_1
8
0
10
0
20
0
3
PKG_1
70
64
0
TEXT
8
PKG_INFO
10
0
20
0
40
70
1
*SYM:= 3 4 5 6
0
TEXT
8
PKG_INFO
10
0
20
-120
40
70
1
*PKG:= 0 MOLEX_SL_5P UND
0
ENDBLK
0
BLOCK
2
SYM_TOP_7
8
0
10
0
20
0
3
SYM_TOP_7
70
64
0
TEXT
8
SYM_NAME
10
0
20
0
40
70
1
MOLEX_SL_2P
41
0.75
0
TEXT
8
SYM_PART_TYPE_01
10
-100
20
280
40
70
1
 
73
2
11
-100
21
280
41
0.75
7
W10R0
0
TEXT
8
SYM_PART_NAME_01
10
-100
20
290
40
70
1
 
41
0.75
7
W10R0
0
INSERT
2
PART_BODY_TOP_17
8
0
10
0
20
0
0
INSERT
2
STK_TOP_480
8
0
10
0
20
0
0
TEXT
8
SYM_TERMINAL
10
0
20
-120
40
70
1
1
0
INSERT
2
STK_TOP_479
8
0
10
-100
20
0
0
TEXT
8
SYM_TERMINAL
10
0
20
-240
40
70
1
2
0
ENDBLK
0
BLOCK
2
PKG_2
8
0
10
0
20
0
3
PKG_2
70
64
0
TEXT
8
PKG_INFO
10
0
20
0
40
70
1
*SYM:= 7 8 9 10
0
TEXT
8
PKG_INFO
10
0
20
-120
40
70
1
*PKG:= 0 MOLEX_SL_2P UND
0
ENDBLK
0
BLOCK
2
SYM_TOP_11
8
0
10
0
20
0
3
SYM_TOP_11
70
64
0
TEXT
8
SYM_NAME
10
0
20
0
40
70
1
CON1PIN
41
0.75
0
TEXT
8
SYM_PART_NAME_01
10
-70
20
80
40
70
1
 
41
0.75
7
W10R0
0
INSERT
2
PART_BODY_TOP_21
8
0
10
0
20
0
0
INSERT
2
STK_TOP_583
8
0
10
0
20
0
0
TEXT
8
SYM_TERMINAL
10
0
20
-120
40
70
1
1
0
ENDBLK
0
BLOCK
2
PKG_3
8
0
10
0
20
0
3
PKG_3
70
64
0
TEXT
8
PKG_INFO
10
0
20
0
40
70
1
*SYM:= 11
0
TEXT
8
PKG_INFO
10
0
20
-120
40
70
1
*PKG:= 0 CON1PIN UND
0
ENDBLK
0
BLOCK
2
SYM_TOP_12
8
0
10
0
20
0
3
SYM_TOP_12
70
64
0
TEXT
8
SYM_NAME
10
0
20
0
40
70
1
RN2903
41
0.75
0
TEXT
8
SYM_PART_NAME_01
10
-394.2990026247
20
571.7360104987
40
35.0534829396
1
 
41
0.75
7
W5$0076377953R1
0
TEXT
8
SYM_PART_TYPE_01
10
-394.9209973753
20
-592.3860104987
40
35.1082887139
1
 
41
0.75
7
W5$0154593176R1
0
INSERT
2
PART_BODY_TOP_22
8
0
10
0
20
0
0
INSERT
2
STK_TOP_560
8
0
10
350
20
-475
0
TEXT
8
SYM_TERMINAL
10
0
20
-120
40
70
1
1
0
INSERT
2
STK_TOP_560
8
0
10
350
20
-425
0
TEXT
8
SYM_TERMINAL
10
0
20
-240
40
70
1
2
0
INSERT
2
STK_TOP_560
8
0
10
350
20
-375
0
TEXT
8
SYM_TERMINAL
10
0
20
-360
40
70
1
3
0
INSERT
2
STK_TOP_560
8
0
10
350
20
-325
0
TEXT
8
SYM_TERMINAL
10
0
20
-480
40
70
1
4
0
INSERT
2
STK_TOP_560
8
0
10
350
20
-275
0
TEXT
8
SYM_TERMINAL
10
0
20
-600
40
70
1
5
0
INSERT
2
STK_TOP_560
8
0
10
350
20
-225
0
TEXT
8
SYM_TERMINAL
10
0
20
-720
40
70
1
6
0
INSERT
2
STK_TOP_560
8
0
10
350
20
-175
0
TEXT
8
SYM_TERMINAL
10
0
20
-840
40
70
1
7
0
INSERT
2
STK_TOP_560
8
0
10
350
20
-125
0
TEXT
8
SYM_TERMINAL
10
0
20
-960
40
70
1
8
0
INSERT
2
STK_TOP_560
8
0
10
350
20
-75
0
TEXT
8
SYM_TERMINAL
10
0
20
-1080
40
70
1
9
0
INSERT
2
STK_TOP_560
8
0
10
350
20
-25
0
TEXT
8
SYM_TERMINAL
10
0
20
-1200
40
70
1
10
0
INSERT
2
STK_TOP_560
8
0
10
350
20
25
0
TEXT
8
SYM_TERMINAL
10
0
20
-1320
40
70
1
11
0
INSERT
2
STK_TOP_560
8
0
10
350
20
75
0
TEXT
8
SYM_TERMINAL
10
0
20
-1440
40
70
1
12
0
INSERT
2
STK_TOP_560
8
0
10
350
20
125
0
TEXT
8
SYM_TERMINAL
10
0
20
-1560
40
70
1
13
0
INSERT
2
STK_TOP_560
8
0
10
350
20
175
0
TEXT
8
SYM_TERMINAL
10
0
20
-1680
40
70
1
14
0
INSERT
2
STK_TOP_560
8
0
10
350
20
225
0
TEXT
8
SYM_TERMINAL
10
0
20
-1800
40
70
1
15
0
INSERT
2
STK_TOP_560
8
0
10
350
20
275
0
TEXT
8
SYM_TERMINAL
10
0
20
-1920
40
70
1
16
0
INSERT
2
STK_TOP_560
8
0
10
350
20
325
0
TEXT
8
SYM_TERMINAL
10
0
20
-2040
40
70
1
17
0
INSERT
2
STK_TOP_560
8
0
10
350
20
375
0
TEXT
8
SYM_TERMINAL
10
0
20
-2160
40
70
1
18
0
INSERT
2
STK_TOP_560
8
0
10
350
20
425
0
TEXT
8
SYM_TERMINAL
10
0
20
-2280
40
70
1
19
0
INSERT
2
STK_TOP_560
8
0
10
350
20
475
0
TEXT
8
SYM_TERMINAL
10
0
20
-2400
40
70
1
20
0
INSERT
2
STK_TOP_561
8
0
10
150
20
525
0
TEXT
8
SYM_TERMINAL
10
0
20
-2520
40
70
1
21
0
INSERT
2
STK_TOP_561
8
0
10
100
20
525
0
TEXT
8
SYM_TERMINAL
10
0
20
-2640
40
70
1
22
0
INSERT
2
STK_TOP_561
8
0
10
50
20
525
0
TEXT
8
SYM_TERMINAL
10
0
20
-2760
40
70
1
23
0
INSERT
2
STK_TOP_561
8
0
10
0
20
525
0
TEXT
8
SYM_TERMINAL
10
0
20
-2880
40
70
1
24
0
INSERT
2
STK_TOP_561
8
0
10
-50
20
525
0
TEXT
8
SYM_TERMINAL
10
0
20
-3000
40
70
1
25
0
INSERT
2
STK_TOP_561
8
0
10
-100
20
525
0
TEXT
8
SYM_TERMINAL
10
0
20
-3120
40
70
1
26
0
INSERT
2
STK_TOP_561
8
0
10
-150
20
525
0
TEXT
8
SYM_TERMINAL
10
0
20
-3240
40
70
1
27
0
INSERT
2
STK_TOP_560
8
0
10
-350
20
475
0
TEXT
8
SYM_TERMINAL
10
0
20
-3360
40
70
1
28
0
INSERT
2
STK_TOP_560
8
0
10
-350
20
425
0
TEXT
8
SYM_TERMINAL
10
0
20
-3480
40
70
1
29
0
INSERT
2
STK_TOP_560
8
0
10
-350
20
375
0
TEXT
8
SYM_TERMINAL
10
0
20
-3600
40
70
1
30
0
INSERT
2
STK_TOP_560
8
0
10
-350
20
325
0
TEXT
8
SYM_TERMINAL
10
0
20
-3720
40
70
1
31
0
INSERT
2
STK_TOP_560
8
0
10
-350
20
275
0
TEXT
8
SYM_TERMINAL
10
0
20
-3840
40
70
1
32
0
INSERT
2
STK_TOP_560
8
0
10
-350
20
225
0
TEXT
8
SYM_TERMINAL
10
0
20
-3960
40
70
1
33
0
INSERT
2
STK_TOP_560
8
0
10
-350
20
175
0
TEXT
8
SYM_TERMINAL
10
0
20
-4080
40
70
1
34
0
INSERT
2
STK_TOP_560
8
0
10
-350
20
125
0
TEXT
8
SYM_TERMINAL
10
0
20
-4200
40
70
1
35
0
INSERT
2
STK_TOP_560
8
0
10
-350
20
75
0
TEXT
8
SYM_TERMINAL
10
0
20
-4320
40
70
1
36
0
INSERT
2
STK_TOP_560
8
0
10
-350
20
25
0
TEXT
8
SYM_TERMINAL
10
0
20
-4440
40
70
1
37
0
INSERT
2
STK_TOP_560
8
0
10
-350
20
-25
0
TEXT
8
SYM_TERMINAL
10
0
20
-4560
40
70
1
38
0
INSERT
2
STK_TOP_560
8
0
10
-350
20
-75
0
TEXT
8
SYM_TERMINAL
10
0
20
-4680
40
70
1
39
0
INSERT
2
STK_TOP_560
8
0
10
-350
20
-125
0
TEXT
8
SYM_TERMINAL
10
0
20
-4800
40
70
1
40
0
INSERT
2
STK_TOP_560
8
0
10
-350
20
-175
0
TEXT
8
SYM_TERMINAL
10
0
20
-4920
40
70
1
41
0
INSERT
2
STK_TOP_560
8
0
10
-350
20
-225
0
TEXT
8
SYM_TERMINAL
10
0
20
-5040
40
70
1
42
0
INSERT
2
STK_TOP_560
8
0
10
-350
20
-275
0
TEXT
8
SYM_TERMINAL
10
0
20
-5160
40
70
1
43
0
INSERT
2
STK_TOP_560
8
0
10
-350
20
-325
0
TEXT
8
SYM_TERMINAL
10
0
20
-5280
40
70
1
44
0
INSERT
2
STK_TOP_560
8
0
10
-350
20
-375
0
TEXT
8
SYM_TERMINAL
10
0
20
-5400
40
70
1
45
0
INSERT
2
STK_TOP_560
8
0
10
-350
20
-425
0
TEXT
8
SYM_TERMINAL
10
0
20
-5520
40
70
1
46
0
INSERT
2
STK_TOP_560
8
0
10
-350
20
-475
0
TEXT
8
SYM_TERMINAL
10
0
20
-5640
40
70
1
47
0
ENDBLK
0
BLOCK
2
PKG_4
8
0
10
0
20
0
3
PKG_4
70
64
0
TEXT
8
PKG_INFO
10
0
20
0
40
70
1
*SYM:= 12
0
TEXT
8
PKG_INFO
10
0
20
-120
40
70
1
*PKG:= 0 RN2903 UND
0
TEXT
8
PKG_INFO
10
0
20
-240
40
70
1
*GATE:=0
0
TEXT
8
PKG_INFO
10
0
20
-360
40
70
1
*GATEPIN:= 0 9 1 <>
0
TEXT
8
PKG_INFO
10
0
20
-480
40
70
1
*GATEPIN:= 0 9 2 <>
0
TEXT
8
PKG_INFO
10
0
20
-600
40
70
1
*GATEPIN:= 0 9 3 <>
0
TEXT
8
PKG_INFO
10
0
20
-720
40
70
1
*GATEPIN:= 0 9 4 <>
0
TEXT
8
PKG_INFO
10
0
20
-840
40
70
1
*GATEPIN:= 0 9 5 <>
0
TEXT
8
PKG_INFO
10
0
20
-960
40
70
1
*GATEPIN:= 0 9 6 <>
0
TEXT
8
PKG_INFO
10
0
20
-1080
40
70
1
*GATEPIN:= 0 9 7 <>
0
TEXT
8
PKG_INFO
10
0
20
-1200
40
70
1
*GATEPIN:= 0 9 8 <>
0
TEXT
8
PKG_INFO
10
0
20
-1320
40
70
1
*GATEPIN:= 0 9 9 <>
0
TEXT
8
PKG_INFO
10
0
20
-1440
40
70
1
*GATEPIN:= 0 9 10 <>
0
TEXT
8
PKG_INFO
10
0
20
-1560
40
70
1
*GATEPIN:= 0 9 11 <>
0
TEXT
8
PKG_INFO
10
0
20
-1680
40
70
1
*GATEPIN:= 0 9 12 <>
0
TEXT
8
PKG_INFO
10
0
20
-1800
40
70
1
*GATEPIN:= 0 9 13 <>
0
TEXT
8
PKG_INFO
10
0
20
-1920
40
70
1
*GATEPIN:= 0 9 14 <>
0
TEXT
8
PKG_INFO
10
0
20
-2040
40
70
1
*GATEPIN:= 0 9 15 <>
0
TEXT
8
PKG_INFO
10
0
20
-2160
40
70
1
*GATEPIN:= 0 9 16 <>
0
TEXT
8
PKG_INFO
10
0
20
-2280
40
70
1
*GATEPIN:= 0 9 17 <>
0
TEXT
8
PKG_INFO
10
0
20
-2400
40
70
1
*GATEPIN:= 0 9 18 <>
0
TEXT
8
PKG_INFO
10
0
20
-2520
40
70
1
*GATEPIN:= 0 9 19 <>
0
TEXT
8
PKG_INFO
10
0
20
-2640
40
70
1
*GATEPIN:= 0 9 20 <>
0
TEXT
8
PKG_INFO
10
0
20
-2760
40
70
1
*GATEPIN:= 0 9 21 <>
0
TEXT
8
PKG_INFO
10
0
20
-2880
40
70
1
*GATEPIN:= 0 9 22 <>
0
TEXT
8
PKG_INFO
10
0
20
-3000
40
70
1
*GATEPIN:= 0 9 23 <>
0
TEXT
8
PKG_INFO
10
0
20
-3120
40
70
1
*GATEPIN:= 0 9 24 <>
0
TEXT
8
PKG_INFO
10
0
20
-3240
40
70
1
*GATEPIN:= 0 9 25 <>
0
TEXT
8
PKG_INFO
10
0
20
-3360
40
70
1
*GATEPIN:= 0 9 26 <>
0
TEXT
8
PKG_INFO
10
0
20
-3480
40
70
1
*GATEPIN:= 0 9 27 <>
0
TEXT
8
PKG_INFO
10
0
20
-3600
40
70
1
*GATEPIN:= 0 9 28 <>
0
TEXT
8
PKG_INFO
10
0
20
-3720
40
70
1
*GATEPIN:= 0 9 29 <>
0
TEXT
8
PKG_INFO
10
0
20
-3840
40
70
1
*GATEPIN:= 0 9 30 <>
0
TEXT
8
PKG_INFO
10
0
20
-3960
40
70
1
*GATEPIN:= 0 9 31 <>
0
TEXT
8
PKG_INFO
10
0
20
-4080
40
70
1
*GATEPIN:= 0 9 32 <>
0
TEXT
8
PKG_INFO
10
0
20
-4200
40
70
1
*GATEPIN:= 0 9 33 <>
0
TEXT
8
PKG_INFO
10
0
20
-4320
40
70
1
*GATEPIN:= 0 9 34 <>
0
TEXT
8
PKG_INFO
10
0
20
-4440
40
70
1
*GATEPIN:= 0 9 35 <>
0
TEXT
8
PKG_INFO
10
0
20
-4560
40
70
1
*GATEPIN:= 0 9 36 <>
0
TEXT
8
PKG_INFO
10
0
20
-4680
40
70
1
*GATEPIN:= 0 9 37 <>
0
TEXT
8
PKG_INFO
10
0
20
-4800
40
70
1
*GATEPIN:= 0 9 38 <>
0
TEXT
8
PKG_INFO
10
0
20
-4920
40
70
1
*GATEPIN:= 0 9 39 <>
0
TEXT
8
PKG_INFO
10
0
20
-5040
40
70
1
*GATEPIN:= 0 9 40 <>
0
TEXT
8
PKG_INFO
10
0
20
-5160
40
70
1
*GATEPIN:= 0 9 41 <>
0
TEXT
8
PKG_INFO
10
0
20
-5280
40
70
1
*GATEPIN:= 0 9 42 <>
0
TEXT
8
PKG_INFO
10
0
20
-5400
40
70
1
*GATEPIN:= 0 9 43 <>
0
TEXT
8
PKG_INFO
10
0
20
-5520
40
70
1
*GATEPIN:= 0 9 44 <>
0
TEXT
8
PKG_INFO
10
0
20
-5640
40
70
1
*GATEPIN:= 0 9 45 <>
0
TEXT
8
PKG_INFO
10
0
20
-5760
40
70
1
*GATEPIN:= 0 9 46 <>
0
TEXT
8
PKG_INFO
10
0
20
-5880
40
70
1
*GATEPIN:= 0 9 47 <>
0
ENDBLK
0
BLOCK
2
SYM_BOT_13
8
0
10
0
20
0
3
SYM_BOT_13
70
64
0
TEXT
8
SYM_NAME
10
0
20
0
40
70
1
SO8_25X75
41
0.75
0
TEXT
8
SYM_PART_TYPE_01
10
220
20
45
40
70
1
 
73
2
11
220
21
45
41
0.75
7
W10R0
0
TEXT
8
SYM_PART_NAME_01
10
210
20
70
40
70
1
 
41
0.75
7
W10R0
0
INSERT
2
PART_BODY_BOT_23
8
0
10
0
20
0
0
INSERT
2
STK_BOT_585
8
0
10
-150
20
-113
0
TEXT
8
SYM_TERMINAL
10
0
20
-120
40
70
1
1
0
INSERT
2
STK_BOT_584
8
0
10
-100
20
-113
0
TEXT
8
SYM_TERMINAL
10
0
20
-240
40
70
1
2
0
INSERT
2
STK_BOT_584
8
0
10
-50
20
-113
0
TEXT
8
SYM_TERMINAL
10
0
20
-360
40
70
1
3
0
INSERT
2
STK_BOT_584
8
0
10
0
20
-113
0
TEXT
8
SYM_TERMINAL
10
0
20
-480
40
70
1
4
0
INSERT
2
STK_BOT_584
8
0
10
0
20
113
0
TEXT
8
SYM_TERMINAL
10
0
20
-600
40
70
1
5
0
INSERT
2
STK_BOT_584
8
0
10
-50
20
113
0
TEXT
8
SYM_TERMINAL
10
0
20
-720
40
70
1
6
0
INSERT
2
STK_BOT_584
8
0
10
-100
20
113
0
TEXT
8
SYM_TERMINAL
10
0
20
-840
40
70
1
7
0
INSERT
2
STK_BOT_584
8
0
10
-150
20
113
0
TEXT
8
SYM_TERMINAL
10
0
20
-960
40
70
1
8
0
ENDBLK
0
BLOCK
2
PKG_5
8
0
10
0
20
0
3
PKG_5
70
64
0
TEXT
8
PKG_INFO
10
0
20
0
40
70
1
*SYM:= 13
0
TEXT
8
PKG_INFO
10
0
20
-120
40
70
1
*PKG:= 0 SO8 UND
0
ENDBLK
0
BLOCK
2
SYM_TOP_14
8
0
10
0
20
0
3
SYM_TOP_14
70
64
0
TEXT
8
SYM_NAME
10
0
20
0
40
70
1
FIDUCIAL_MARK
41
0.75
0
TEXT
8
SYM_PART_TYPE_01
10
-5
20
-100
40
70
1
 
41
0.75
7
W10R0
0
TEXT
8
SYM_PART_NAME_01
10
-5
20
0
40
70
1
 
41
0.75
7
W10R0
0
INSERT
2
PART_BODY_TOP_26
8
0
10
0
20
0
0
INSERT
2
STK_TOP_581
8
0
10
0
20
0
0
TEXT
8
SYM_TERMINAL
10
0
20
-120
40
70
1
1
0
ENDBLK
0
BLOCK
2
PKG_6
8
0
10
0
20
0
3
PKG_6
70
64
0
TEXT
8
PKG_INFO
10
0
20
0
40
70
1
*SYM:= 14
0
TEXT
8
PKG_INFO
10
0
20
-120
40
70
1
*PKG:= 4 FIDUCIAL_MARK UND
0
ENDBLK
0
BLOCK
2
PART_BODY_BOT_12
8
0
10
0
20
0
3
PART_BODY_BOT_12
70
64
0
POLYLINE
8
PART_BOT_2DLINE_00
66
1
40
10
41
10
0
VERTEX
8
PART_BOT_2DLINE_00
10
-12
20
35
0
VERTEX
8
PART_BOT_2DLINE_00
10
-70
20
35
0
VERTEX
8
PART_BOT_2DLINE_00
10
-70
20
-35
0
VERTEX
8
PART_BOT_2DLINE_00
10
-12
20
-35
0
SEQEND
0
INSERT
2
SMOOTH_10
8
PART_BOT_2DLINE_00
10
-12
20
35
0
INSERT
2
SMOOTH_10
8
PART_BOT_2DLINE_00
10
-70
20
35
0
INSERT
2
SMOOTH_10
8
PART_BOT_2DLINE_00
10
-70
20
-35
0
INSERT
2
SMOOTH_10
8
PART_BOT_2DLINE_00
10
-12
20
-35
0
POLYLINE
8
PART_BOT_2DLINE_00
66
1
40
10
41
10
0
VERTEX
8
PART_BOT_2DLINE_00
10
12
20
35
0
VERTEX
8
PART_BOT_2DLINE_00
10
70
20
35
0
VERTEX
8
PART_BOT_2DLINE_00
10
70
20
-35
0
VERTEX
8
PART_BOT_2DLINE_00
10
12
20
-35
0
SEQEND
0
INSERT
2
SMOOTH_10
8
PART_BOT_2DLINE_00
10
12
20
35
0
INSERT
2
SMOOTH_10
8
PART_BOT_2DLINE_00
10
70
20
35
0
INSERT
2
SMOOTH_10
8
PART_BOT_2DLINE_00
10
70
20
-35
0
INSERT
2
SMOOTH_10
8
PART_BOT_2DLINE_00
10
12
20
-35
0
ENDBLK
0
BLOCK
2
STK_BOT_382
8
0
10
0
20
0
3
STK_BOT_382
70
64
0
INSERT
2
DRIL_HOLE_0
8
DRIL_PLTE_THRU_01
10
0
20
0
0
INSERT
2
DRIL_HOLE_0
8
DRIL_PLTE_THRU_02
10
0
20
0
0
INSERT
2
PAD_0
8
PADS_INNER
10
0
20
0
0
INSERT
2
PAD_1
8
PADS_BOT
10
0
20
0
0
INSERT
2
PAD_0
8
PADS_TOP
10
0
20
0
0
ENDBLK
0
BLOCK
2
PART_BODY_TOP_12
8
0
10
0
20
0
3
PART_BODY_TOP_12
70
64
0
POLYLINE
8
PART_TOP_2DLINE_00
66
1
40
10
41
10
0
VERTEX
8
PART_TOP_2DLINE_00
10
-12
20
35
0
VERTEX
8
PART_TOP_2DLINE_00
10
-70
20
35
0
VERTEX
8
PART_TOP_2DLINE_00
10
-70
20
-35
0
VERTEX
8
PART_TOP_2DLINE_00
10
-12
20
-35
0
SEQEND
0
INSERT
2
SMOOTH_10
8
PART_TOP_2DLINE_00
10
-12
20
35
0
INSERT
2
SMOOTH_10
8
PART_TOP_2DLINE_00
10
-70
20
35
0
INSERT
2
SMOOTH_10
8
PART_TOP_2DLINE_00
10
-70
20
-35
0
INSERT
2
SMOOTH_10
8
PART_TOP_2DLINE_00
10
-12
20
-35
0
POLYLINE
8
PART_TOP_2DLINE_00
66
1
40
10
41
10
0
VERTEX
8
PART_TOP_2DLINE_00
10
12
20
35
0
VERTEX
8
PART_TOP_2DLINE_00
10
70
20
35
0
VERTEX
8
PART_TOP_2DLINE_00
10
70
20
-35
0
VERTEX
8
PART_TOP_2DLINE_00
10
12
20
-35
0
SEQEND
0
INSERT
2
SMOOTH_10
8
PART_TOP_2DLINE_00
10
12
20
35
0
INSERT
2
SMOOTH_10
8
PART_TOP_2DLINE_00
10
70
20
35
0
INSERT
2
SMOOTH_10
8
PART_TOP_2DLINE_00
10
70
20
-35
0
INSERT
2
SMOOTH_10
8
PART_TOP_2DLINE_00
10
12
20
-35
0
ENDBLK
0
BLOCK
2
STK_TOP_382
8
0
10
0
20
0
3
STK_TOP_382
70
64
0
INSERT
2
DRIL_HOLE_0
8
DRIL_PLTE_THRU_01
10
0
20
0
0
INSERT
2
DRIL_HOLE_0
8
DRIL_PLTE_THRU_02
10
0
20
0
0
INSERT
2
PAD_0
8
PADS_INNER
10
0
20
0
0
INSERT
2
PAD_0
8
PADS_BOT
10
0
20
0
0
INSERT
2
PAD_1
8
PADS_TOP
10
0
20
0
0
ENDBLK
0
BLOCK
2
PART_BODY_BOT_13
8
0
10
0
20
0
3
PART_BODY_BOT_13
70
64
0
ENDBLK
0
BLOCK
2
STK_BOT_480
8
0
10
0
20
0
3
STK_BOT_480
70
64
0
INSERT
2
DRIL_HOLE_45
8
DRIL_PLTE_THRU_01
10
0
20
0
0
INSERT
2
DRIL_HOLE_45
8
DRIL_PLTE_THRU_02
10
0
20
0
0
INSERT
2
PAD_2
8
PADS_INNER
10
0
20
0
0
INSERT
2
PAD_2
8
PADS_BOT
10
0
20
0
0
INSERT
2
PAD_2
8
PADS_TOP
10
0
20
0
0
ENDBLK
0
BLOCK
2
STK_BOT_479
8
0
10
0
20
0
3
STK_BOT_479
70
64
0
INSERT
2
DRIL_HOLE_45
8
DRIL_PLTE_THRU_01
10
0
20
0
0
INSERT
2
DRIL_HOLE_45
8
DRIL_PLTE_THRU_02
10
0
20
0
0
INSERT
2
PAD_3
8
PADS_INNER
10
0
20
0
0
INSERT
2
PAD_3
8
PADS_BOT
10
0
20
0
0
INSERT
2
PAD_3
8
PADS_TOP
10
0
20
0
0
ENDBLK
0
BLOCK
2
SYM_TOP_4
8
0
10
0
20
0
3
SYM_TOP_4
70
64
0
TEXT
8
SYM_NAME
10
0
20
0
40
70
1
MOLEX_SL_5P_RA
41
0.75
0
TEXT
8
SYM_PART_NAME_01
10
-100
20
290
40
70
1
 
41
0.75
7
W10R0
0
TEXT
8
SYM_PART_TYPE_01
10
-100
20
280
40
70
1
 
73
2
11
-100
21
280
41
0.75
7
W10R0
0
INSERT
2
PART_BODY_TOP_14
8
0
10
0
20
0
0
INSERT
2
STK_TOP_480
8
0
10
0
20
0
0
TEXT
8
SYM_TERMINAL
10
0
20
-120
40
70
1
1
0
INSERT
2
STK_TOP_479
8
0
10
-100
20
0
0
TEXT
8
SYM_TERMINAL
10
0
20
-240
40
70
1
2
0
INSERT
2
STK_TOP_479
8
0
10
-200
20
0
0
TEXT
8
SYM_TERMINAL
10
0
20
-360
40
70
1
3
0
INSERT
2
STK_TOP_479
8
0
10
-300
20
0
0
TEXT
8
SYM_TERMINAL
10
0
20
-480
40
70
1
4
0
INSERT
2
STK_TOP_479
8
0
10
-400
20
0
0
TEXT
8
SYM_TERMINAL
10
0
20
-600
40
70
1
5
0
ENDBLK
0
BLOCK
2
SYM_TOP_5
8
0
10
0
20
0
3
SYM_TOP_5
70
64
0
TEXT
8
SYM_NAME
10
0
20
0
40
70
1
MOLEX_SL_5P_LOCK
41
0.75
0
TEXT
8
SYM_PART_TYPE_01
10
-100
20
280
40
70
1
 
73
2
11
-100
21
280
41
0.75
7
W10R0
0
TEXT
8
SYM_PART_NAME_01
10
-100
20
290
40
70
1
 
41
0.75
7
W10R0
0
INSERT
2
PART_BODY_TOP_15
8
0
10
0
20
0
0
INSERT
2
STK_TOP_480
8
0
10
0
20
0
0
TEXT
8
SYM_TERMINAL
10
0
20
-120
40
70
1
1
0
INSERT
2
STK_TOP_479
8
0
10
-100
20
0
0
TEXT
8
SYM_TERMINAL
10
0
20
-240
40
70
1
2
0
INSERT
2
STK_TOP_479
8
0
10
-200
20
0
0
TEXT
8
SYM_TERMINAL
10
0
20
-360
40
70
1
3
0
INSERT
2
STK_TOP_479
8
0
10
-300
20
0
0
TEXT
8
SYM_TERMINAL
10
0
20
-480
40
70
1
4
0
INSERT
2
STK_TOP_479
8
0
10
-400
20
0
0
TEXT
8
SYM_TERMINAL
10
0
20
-600
40
70
1
5
0
INSERT
2
STK_TOP_481
8
0
10
-560
20
30
0
TEXT
8
SYM_TERMINAL
10
0
20
-720
40
70
1
11
0
INSERT
2
STK_TOP_481
8
0
10
160
20
30
0
TEXT
8
SYM_TERMINAL
10
0
20
-840
40
70
1
12
0
ENDBLK
0
BLOCK
2
SYM_TOP_6
8
0
10
0
20
0
3
SYM_TOP_6
70
64
0
TEXT
8
SYM_NAME
10
0
20
0
40
70
1
MOLEX_SL_5P_RA_LOCK
41
0.75
0
TEXT
8
SYM_PART_TYPE_01
10
-100
20
280
40
70
1
 
73
2
11
-100
21
280
41
0.75
7
W10R0
0
TEXT
8
SYM_PART_NAME_01
10
-100
20
290
40
70
1
 
41
0.75
7
W10R0
0
INSERT
2
PART_BODY_TOP_16
8
0
10
0
20
0
0
INSERT
2
STK_TOP_480
8
0
10
0
20
0
0
TEXT
8
SYM_TERMINAL
10
0
20
-120
40
70
1
1
0
INSERT
2
STK_TOP_479
8
0
10
-100
20
0
0
TEXT
8
SYM_TERMINAL
10
0
20
-240
40
70
1
2
0
INSERT
2
STK_TOP_479
8
0
10
-200
20
0
0
TEXT
8
SYM_TERMINAL
10
0
20
-360
40
70
1
3
0
INSERT
2
STK_TOP_479
8
0
10
-300
20
0
0
TEXT
8
SYM_TERMINAL
10
0
20
-480
40
70
1
4
0
INSERT
2
STK_TOP_479
8
0
10
-400
20
0
0
TEXT
8
SYM_TERMINAL
10
0
20
-600
40
70
1
5
0
INSERT
2
STK_TOP_481
8
0
10
-450
20
-340
0
TEXT
8
SYM_TERMINAL
10
0
20
-720
40
70
1
11
0
INSERT
2
STK_TOP_481
8
0
10
50
20
-340
0
TEXT
8
SYM_TERMINAL
10
0
20
-840
40
70
1
12
0
ENDBLK
0
BLOCK
2
PART_BODY_TOP_17
8
0
10
0
20
0
3
PART_BODY_TOP_17
70
64
0
POLYLINE
8
PART_TOP_2DLINE_01
6
PADS_DASH_762000
66
1
40
20
41
20
70
1
0
VERTEX
8
PART_TOP_2DLINE_01
10
-160
20
-50
0
VERTEX
8
PART_TOP_2DLINE_01
10
60
20
-50
0
VERTEX
8
PART_TOP_2DLINE_01
10
60
20
50
0
VERTEX
8
PART_TOP_2DLINE_01
10
-160
20
50
0
SEQEND
0
INSERT
2
SMOOTH_20
8
PART_TOP_2DLINE_01
10
-160
20
-50
0
INSERT
2
SMOOTH_20
8
PART_TOP_2DLINE_01
10
60
20
-50
0
INSERT
2
SMOOTH_20
8
PART_TOP_2DLINE_01
10
60
20
50
0
INSERT
2
SMOOTH_20
8
PART_TOP_2DLINE_01
10
-160
20
50
0
ENDBLK
0
BLOCK
2
STK_TOP_480
8
0
10
0
20
0
3
STK_TOP_480
70
64
0
INSERT
2
DRIL_HOLE_45
8
DRIL_PLTE_THRU_01
10
0
20
0
0
INSERT
2
DRIL_HOLE_45
8
DRIL_PLTE_THRU_02
10
0
20
0
0
INSERT
2
PAD_2
8
PADS_INNER
10
0
20
0
0
INSERT
2
PAD_2
8
PADS_BOT
10
0
20
0
0
INSERT
2
PAD_2
8
PADS_TOP
10
0
20
0
0
ENDBLK
0
BLOCK
2
STK_TOP_479
8
0
10
0
20
0
3
STK_TOP_479
70
64
0
INSERT
2
DRIL_HOLE_45
8
DRIL_PLTE_THRU_01
10
0
20
0
0
INSERT
2
DRIL_HOLE_45
8
DRIL_PLTE_THRU_02
10
0
20
0
0
INSERT
2
PAD_3
8
PADS_INNER
10
0
20
0
0
INSERT
2
PAD_3
8
PADS_BOT
10
0
20
0
0
INSERT
2
PAD_3
8
PADS_TOP
10
0
20
0
0
ENDBLK
0
BLOCK
2
SYM_TOP_8
8
0
10
0
20
0
3
SYM_TOP_8
70
64
0
TEXT
8
SYM_NAME
10
0
20
0
40
70
1
MOLEX_SL_2P_RA
41
0.75
0
TEXT
8
SYM_PART_NAME_01
10
-100
20
290
40
70
1
 
41
0.75
7
W10R0
0
TEXT
8
SYM_PART_TYPE_01
10
-100
20
280
40
70
1
 
73
2
11
-100
21
280
41
0.75
7
W10R0
0
INSERT
2
PART_BODY_TOP_18
8
0
10
0
20
0
0
INSERT
2
STK_TOP_480
8
0
10
0
20
0
0
TEXT
8
SYM_TERMINAL
10
0
20
-120
40
70
1
1
0
INSERT
2
STK_TOP_479
8
0
10
-100
20
0
0
TEXT
8
SYM_TERMINAL
10
0
20
-240
40
70
1
2
0
ENDBLK
0
BLOCK
2
SYM_TOP_9
8
0
10
0
20
0
3
SYM_TOP_9
70
64
0
TEXT
8
SYM_NAME
10
0
20
0
40
70
1
MOLEX_SL_2P_LOCK
41
0.75
0
TEXT
8
SYM_PART_NAME_01
10
-100
20
290
40
70
1
 
41
0.75
7
W10R0
0
TEXT
8
SYM_PART_TYPE_01
10
-100
20
280
40
70
1
 
73
2
11
-100
21
280
41
0.75
7
W10R0
0
INSERT
2
PART_BODY_TOP_19
8
0
10
0
20
0
0
INSERT
2
STK_TOP_480
8
0
10
0
20
0
0
TEXT
8
SYM_TERMINAL
10
0
20
-120
40
70
1
1
0
INSERT
2
STK_TOP_479
8
0
10
-100
20
0
0
TEXT
8
SYM_TERMINAL
10
0
20
-240
40
70
1
2
0
INSERT
2
STK_TOP_481
8
0
10
-260
20
30
0
TEXT
8
SYM_TERMINAL
10
0
20
-360
40
70
1
11
0
INSERT
2
STK_TOP_481
8
0
10
160
20
30
0
TEXT
8
SYM_TERMINAL
10
0
20
-480
40
70
1
12
0
ENDBLK
0
BLOCK
2
SYM_TOP_10
8
0
10
0
20
0
3
SYM_TOP_10
70
64
0
TEXT
8
SYM_NAME
10
0
20
0
40
70
1
MOLEX_SL_2P_RA_LOCK
41
0.75
0
TEXT
8
SYM_PART_TYPE_01
10
-100
20
280
40
70
1
 
73
2
11
-100
21
280
41
0.75
7
W10R0
0
TEXT
8
SYM_PART_NAME_01
10
-100
20
290
40
70
1
 
41
0.75
7
W10R0
0
INSERT
2
PART_BODY_TOP_20
8
0
10
0
20
0
0
INSERT
2
STK_TOP_480
8
0
10
0
20
0
0
TEXT
8
SYM_TERMINAL
10
0
20
-120
40
70
1
1
0
INSERT
2
STK_TOP_479
8
0
10
-100
20
0
0
TEXT
8
SYM_TERMINAL
10
0
20
-240
40
70
1
2
0
INSERT
2
STK_TOP_481
8
0
10
-150
20
-340
0
TEXT
8
SYM_TERMINAL
10
0
20
-360
40
70
1
11
0
INSERT
2
STK_TOP_481
8
0
10
50
20
-340
0
TEXT
8
SYM_TERMINAL
10
0
20
-480
40
70
1
12
0
ENDBLK
0
BLOCK
2
PART_BODY_TOP_21
8
0
10
0
20
0
3
PART_BODY_TOP_21
70
64
0
ENDBLK
0
BLOCK
2
STK_TOP_583
8
0
10
0
20
0
3
STK_TOP_583
70
64
0
INSERT
2
DRIL_HOLE_47
8
DRIL_PLTE_THRU_01
10
0
20
0
0
INSERT
2
DRIL_HOLE_47
8
DRIL_PLTE_THRU_02
10
0
20
0
0
INSERT
2
PAD_4
8
PADS_INNER
10
0
20
0
0
INSERT
2
PAD_4
8
PADS_BOT
10
0
20
0
0
INSERT
2
PAD_4
8
PADS_TOP
10
0
20
0
0
ENDBLK
0
BLOCK
2
PART_BODY_TOP_22
8
0
10
0
20
0
3
PART_BODY_TOP_22
70
64
0
POLYLINE
8
PART_TOP_2DLINE_27
66
1
40
5
41
5
0
VERTEX
8
PART_TOP_2DLINE_27
10
-350
20
-525
0
VERTEX
8
PART_TOP_2DLINE_27
10
350
20
-525
0
SEQEND
0
INSERT
2
SMOOTH_5
8
PART_TOP_2DLINE_27
10
-350
20
-525
0
INSERT
2
SMOOTH_5
8
PART_TOP_2DLINE_27
10
350
20
-525
0
POLYLINE
8
PART_TOP_2DLINE_27
66
1
40
5
41
5
0
VERTEX
8
PART_TOP_2DLINE_27
10
350
20
-525
0
VERTEX
8
PART_TOP_2DLINE_27
10
350
20
525
0
SEQEND
0
INSERT
2
SMOOTH_5
8
PART_TOP_2DLINE_27
10
350
20
-525
0
INSERT
2
SMOOTH_5
8
PART_TOP_2DLINE_27
10
350
20
525
0
POLYLINE
8
PART_TOP_2DLINE_27
66
1
40
5
41
5
0
VERTEX
8
PART_TOP_2DLINE_27
10
350
20
525
0
VERTEX
8
PART_TOP_2DLINE_27
10
-350
20
525
0
SEQEND
0
INSERT
2
SMOOTH_5
8
PART_TOP_2DLINE_27
10
350
20
525
0
INSERT
2
SMOOTH_5
8
PART_TOP_2DLINE_27
10
-350
20
525
0
POLYLINE
8
PART_TOP_2DLINE_27
66
1
40
5
41
5
0
VERTEX
8
PART_TOP_2DLINE_27
10
-350
20
525
0
VERTEX
8
PART_TOP_2DLINE_27
10
-350
20
-525
0
SEQEND
0
INSERT
2
SMOOTH_5
8
PART_TOP_2DLINE_27
10
-350
20
525
0
INSERT
2
SMOOTH_5
8
PART_TOP_2DLINE_27
10
-350
20
-525
0
POLYLINE
8
PART_TOP_2DLINE_26
66
1
40
5
41
5
0
VERTEX
8
PART_TOP_2DLINE_26
10
-350
20
-525
0
VERTEX
8
PART_TOP_2DLINE_26
10
350
20
-525
0
SEQEND
0
INSERT
2
SMOOTH_5
8
PART_TOP_2DLINE_26
10
-350
20
-525
0
INSERT
2
SMOOTH_5
8
PART_TOP_2DLINE_26
10
350
20
-525
0
POLYLINE
8
PART_TOP_2DLINE_26
66
1
40
5
41
5
0
VERTEX
8
PART_TOP_2DLINE_26
10
-350
20
525
0
VERTEX
8
PART_TOP_2DLINE_26
10
-200
20
525
0
SEQEND
0
INSERT
2
SMOOTH_5
8
PART_TOP_2DLINE_26
10
-350
20
525
0
INSERT
2
SMOOTH_5
8
PART_TOP_2DLINE_26
10
-200
20
525
0
POLYLINE
8
PART_TOP_2DLINE_26
66
1
40
5
41
5
0
VERTEX
8
PART_TOP_2DLINE_26
10
200
20
525
0
VERTEX
8
PART_TOP_2DLINE_26
10
350
20
525
0
SEQEND
0
INSERT
2
SMOOTH_5
8
PART_TOP_2DLINE_26
10
200
20
525
0
INSERT
2
SMOOTH_5
8
PART_TOP_2DLINE_26
10
350
20
525
0
POLYLINE
8
PART_TOP_2DLINE_26
66
1
40
0.04
41
0.04
70
1
0
VERTEX
8
PART_TOP_2DLINE_26
10
361.26
20
-524.212992126
42
1
0
VERTEX
8
PART_TOP_2DLINE_26
10
381.26
20
-524.212992126
42
1
0
SEQEND
0
POLYLINE
8
PART_TOP_2DLINE_20
66
1
40
1.968503937
41
1.968503937
0
VERTEX
8
PART_TOP_2DLINE_20
10
-393.7009973753
20
-541.3390026247
0
VERTEX
8
PART_TOP_2DLINE_20
10
393.7009973753
20
-541.3390026247
0
SEQEND
0
INSERT
2
SMOOTH_1$968503937
8
PART_TOP_2DLINE_20
10
-393.7009973753
20
-541.3390026247
0
INSERT
2
SMOOTH_1$968503937
8
PART_TOP_2DLINE_20
10
393.7009973753
20
-541.3390026247
0
POLYLINE
8
PART_TOP_2DLINE_20
66
1
40
1.968503937
41
1.968503937
0
VERTEX
8
PART_TOP_2DLINE_20
10
393.7009973753
20
-541.3390026247
0
VERTEX
8
PART_TOP_2DLINE_20
10
393.7009973753
20
570.8660104987
0
SEQEND
0
INSERT
2
SMOOTH_1$968503937
8
PART_TOP_2DLINE_20
10
393.7009973753
20
-541.3390026247
0
INSERT
2
SMOOTH_1$968503937
8
PART_TOP_2DLINE_20
10
393.7009973753
20
570.8660104987
0
POLYLINE
8
PART_TOP_2DLINE_20
66
1
40
1.968503937
41
1.968503937
0
VERTEX
8
PART_TOP_2DLINE_20
10
393.7009973753
20
570.8660104987
0
VERTEX
8
PART_TOP_2DLINE_20
10
-393.7009973753
20
570.8660104987
0
SEQEND
0
INSERT
2
SMOOTH_1$968503937
8
PART_TOP_2DLINE_20
10
393.7009973753
20
570.8660104987
0
INSERT
2
SMOOTH_1$968503937
8
PART_TOP_2DLINE_20
10
-393.7009973753
20
570.8660104987
0
POLYLINE
8
PART_TOP_2DLINE_20
66
1
40
1.968503937
41
1.968503937
0
VERTEX
8
PART_TOP_2DLINE_20
10
-393.7009973753
20
570.8660104987
0
VERTEX
8
PART_TOP_2DLINE_20
10
-393.7009973753
20
-541.3390026247
0
SEQEND
0
INSERT
2
SMOOTH_1$968503937
8
PART_TOP_2DLINE_20
10
-393.7009973753
20
570.8660104987
0
INSERT
2
SMOOTH_1$968503937
8
PART_TOP_2DLINE_20
10
-393.7009973753
20
-541.3390026247
0
ENDBLK
0
BLOCK
2
STK_TOP_560
8
0
10
0
20
0
3
STK_TOP_560
70
64
0
INSERT
2
DRIL_HOLE_0
8
DRIL_PLTE_THRU_01
10
0
20
0
0
INSERT
2
DRIL_HOLE_0
8
DRIL_PLTE_THRU_02
10
0
20
0
0
INSERT
2
PAD_0
8
PADS_INNER
10
0
20
0
0
INSERT
2
PAD_0
8
PADS_BOT
10
0
20
0
0
INSERT
2
PAD_5
8
PADS_XR_21
10
0
20
0
50
0.01
0
INSERT
2
PAD_6
8
PADS_XR_23
10
0
20
0
50
0.01
0
INSERT
2
PAD_6
8
PADS_TOP
10
0
20
0
50
0.01
0
ENDBLK
0
BLOCK
2
STK_TOP_561
8
0
10
0
20
0
3
STK_TOP_561
70
64
0
INSERT
2
DRIL_HOLE_0
8
DRIL_PLTE_THRU_01
10
0
20
0
0
INSERT
2
DRIL_HOLE_0
8
DRIL_PLTE_THRU_02
10
0
20
0
0
INSERT
2
PAD_0
8
PADS_INNER
10
0
20
0
0
INSERT
2
PAD_0
8
PADS_BOT
10
0
20
0
0
INSERT
2
PAD_5
8
PADS_XR_21
10
0
20
0
50
90
0
INSERT
2
PAD_6
8
PADS_XR_23
10
0
20
0
50
90
0
INSERT
2
PAD_6
8
PADS_TOP
10
0
20
0
50
90
0
ENDBLK
0
BLOCK
2
PART_BODY_BOT_23
8
0
10
0
20
0
3
PART_BODY_BOT_23
70
64
0
POLYLINE
8
PART_BOT_2DLINE_26
66
1
40
7
41
7
70
1
0
VERTEX
8
PART_BOT_2DLINE_26
10
-175
20
-65
0
VERTEX
8
PART_BOT_2DLINE_26
10
25
20
-65
0
VERTEX
8
PART_BOT_2DLINE_26
10
25
20
65
0
VERTEX
8
PART_BOT_2DLINE_26
10
-175
20
65
0
SEQEND
0
INSERT
2
SMOOTH_7
8
PART_BOT_2DLINE_26
10
-175
20
-65
0
INSERT
2
SMOOTH_7
8
PART_BOT_2DLINE_26
10
25
20
-65
0
INSERT
2
SMOOTH_7
8
PART_BOT_2DLINE_26
10
25
20
65
0
INSERT
2
SMOOTH_7
8
PART_BOT_2DLINE_26
10
-175
20
65
0
POLYLINE
8
PART_BOT_2DLINE_26
66
1
40
10
41
10
0
VERTEX
8
PART_BOT_2DLINE_26
10
-170
20
25
42
-1.1959865811
0
VERTEX
8
PART_BOT_2DLINE_26
10
-170
20
-25
0
SEQEND
0
INSERT
2
SMOOTH_10
8
PART_BOT_2DLINE_26
10
-170
20
25
0
INSERT
2
SMOOTH_10
8
PART_BOT_2DLINE_26
10
-170
20
-25
0
ENDBLK
0
BLOCK
2
STK_BOT_585
8
0
10
0
20
0
3
STK_BOT_585
70
64
0
INSERT
2
DRIL_HOLE_0
8
DRIL_PLTE_THRU_01
10
0
20
0
0
INSERT
2
DRIL_HOLE_0
8
DRIL_PLTE_THRU_02
10
0
20
0
0
INSERT
2
PAD_0
8
PADS_INNER
10
0
20
0
0
INSERT
2
PAD_7
8
PADS_BOT
10
0
20
0
50
90
0
INSERT
2
PAD_0
8
PADS_TOP
10
0
20
0
0
ENDBLK
0
BLOCK
2
STK_BOT_584
8
0
10
0
20
0
3
STK_BOT_584
70
64
0
INSERT
2
DRIL_HOLE_0
8
DRIL_PLTE_THRU_01
10
0
20
0
0
INSERT
2
DRIL_HOLE_0
8
DRIL_PLTE_THRU_02
10
0
20
0
0
INSERT
2
PAD_0
8
PADS_INNER
10
0
20
0
0
INSERT
2
PAD_8
8
PADS_BOT
10
0
20
0
50
90
0
INSERT
2
PAD_0
8
PADS_TOP
10
0
20
0
0
ENDBLK
0
BLOCK
2
PART_BODY_TOP_26
8
0
10
0
20
0
3
PART_BODY_TOP_26
70
64
0
POLYLINE
8
KEEPOUT_01
6
KEEPOUT_00011110$0
66
1
70
1
0
VERTEX
8
KEEPOUT_01
10
60
20
0
42
1
0
VERTEX
8
KEEPOUT_01
10
-60
20
0
42
1
0
SEQEND
0
ENDBLK
0
BLOCK
2
STK_TOP_581
8
0
10
0
20
0
3
STK_TOP_581
70
64
0
INSERT
2
DRIL_HOLE_0
8
DRIL_NPLTE_THRU_01
10
0
20
0
0
INSERT
2
DRIL_HOLE_0
8
DRIL_NPLTE_THRU_02
10
0
20
0
0
INSERT
2
PAD_0
8
PADS_INNER
10
0
20
0
0
INSERT
2
PAD_0
8
PADS_BOT
10
0
20
0
0
INSERT
2
PAD_9
8
PADS_XR_21
10
0
20
0
0
INSERT
2
PAD_10
8
PADS_TOP
10
0
20
0
0
ENDBLK
0
BLOCK
2
SYM_TOP_1
8
0
10
0
20
0
3
SYM_TOP_1
70
64
0
TEXT
8
SYM_NAME
10
0
20
0
40
70
1
STANDARDVIA
41
0.75
0
INSERT
2
PART_BODY_TOP_0
8
0
10
0
20
0
0
INSERT
2
STK_TOP_250
8
0
10
0
20
0
0
TEXT
8
SYM_TERMINAL
10
0
20
-120
40
70
1
1
0
ENDBLK
0
BLOCK
2
PART_BODY_TOP_14
8
0
10
0
20
0
3
PART_BODY_TOP_14
70
64
0
POLYLINE
8
PART_TOP_2DLINE_01
6
PADS_DASH_762000
66
1
40
20
41
20
70
1
0
VERTEX
8
PART_TOP_2DLINE_01
10
-500
20
100
0
VERTEX
8
PART_TOP_2DLINE_01
10
-500
20
-500
0
VERTEX
8
PART_TOP_2DLINE_01
10
100
20
-500
0
VERTEX
8
PART_TOP_2DLINE_01
10
100
20
100
0
SEQEND
0
INSERT
2
SMOOTH_20
8
PART_TOP_2DLINE_01
10
-500
20
100
0
INSERT
2
SMOOTH_20
8
PART_TOP_2DLINE_01
10
-500
20
-500
0
INSERT
2
SMOOTH_20
8
PART_TOP_2DLINE_01
10
100
20
-500
0
INSERT
2
SMOOTH_20
8
PART_TOP_2DLINE_01
10
100
20
100
0
ENDBLK
0
BLOCK
2
PART_BODY_TOP_15
8
0
10
0
20
0
3
PART_BODY_TOP_15
70
64
0
POLYLINE
8
PART_TOP_2DLINE_01
6
PADS_DASH_762000
66
1
40
20
41
20
70
1
0
VERTEX
8
PART_TOP_2DLINE_01
10
-650
20
-100
0
VERTEX
8
PART_TOP_2DLINE_01
10
250
20
-100
0
VERTEX
8
PART_TOP_2DLINE_01
10
250
20
150
0
VERTEX
8
PART_TOP_2DLINE_01
10
-50
20
150
0
VERTEX
8
PART_TOP_2DLINE_01
10
-50
20
200
0
VERTEX
8
PART_TOP_2DLINE_01
10
-350
20
200
0
VERTEX
8
PART_TOP_2DLINE_01
10
-350
20
150
0
VERTEX
8
PART_TOP_2DLINE_01
10
-650
20
150
0
SEQEND
0
INSERT
2
SMOOTH_20
8
PART_TOP_2DLINE_01
10
-650
20
-100
0
INSERT
2
SMOOTH_20
8
PART_TOP_2DLINE_01
10
250
20
-100
0
INSERT
2
SMOOTH_20
8
PART_TOP_2DLINE_01
10
250
20
150
0
INSERT
2
SMOOTH_20
8
PART_TOP_2DLINE_01
10
-50
20
150
0
INSERT
2
SMOOTH_20
8
PART_TOP_2DLINE_01
10
-50
20
200
0
INSERT
2
SMOOTH_20
8
PART_TOP_2DLINE_01
10
-350
20
200
0
INSERT
2
SMOOTH_20
8
PART_TOP_2DLINE_01
10
-350
20
150
0
INSERT
2
SMOOTH_20
8
PART_TOP_2DLINE_01
10
-650
20
150
0
ENDBLK
0
BLOCK
2
STK_TOP_481
8
0
10
0
20
0
3
STK_TOP_481
70
64
0
INSERT
2
DRIL_HOLE_135
8
DRIL_PLTE_THRU_01
10
0
20
0
0
INSERT
2
DRIL_HOLE_135
8
DRIL_PLTE_THRU_02
10
0
20
0
0
INSERT
2
PAD_0
8
PADS_INNER
10
0
20
0
0
INSERT
2
PAD_0
8
PADS_BOT
10
0
20
0
0
INSERT
2
PAD_0
8
PADS_TOP
10
0
20
0
0
ENDBLK
0
BLOCK
2
PART_BODY_TOP_16
8
0
10
0
20
0
3
PART_BODY_TOP_16
70
64
0
POLYLINE
8
PART_TOP_2DLINE_01
6
PADS_DASH_762000
66
1
40
20
41
20
70
1
0
VERTEX
8
PART_TOP_2DLINE_01
10
-550
20
-550
0
VERTEX
8
PART_TOP_2DLINE_01
10
150
20
-550
0
VERTEX
8
PART_TOP_2DLINE_01
10
150
20
150
0
VERTEX
8
PART_TOP_2DLINE_01
10
-550
20
150
0
SEQEND
0
INSERT
2
SMOOTH_20
8
PART_TOP_2DLINE_01
10
-550
20
-550
0
INSERT
2
SMOOTH_20
8
PART_TOP_2DLINE_01
10
150
20
-550
0
INSERT
2
SMOOTH_20
8
PART_TOP_2DLINE_01
10
150
20
150
0
INSERT
2
SMOOTH_20
8
PART_TOP_2DLINE_01
10
-550
20
150
0
ENDBLK
0
BLOCK
2
PART_BODY_TOP_18
8
0
10
0
20
0
3
PART_BODY_TOP_18
70
64
0
POLYLINE
8
PART_TOP_2DLINE_01
6
PADS_DASH_762000
66
1
40
20
41
20
70
1
0
VERTEX
8
PART_TOP_2DLINE_01
10
-200
20
100
0
VERTEX
8
PART_TOP_2DLINE_01
10
-200
20
-500
0
VERTEX
8
PART_TOP_2DLINE_01
10
100
20
-500
0
VERTEX
8
PART_TOP_2DLINE_01
10
100
20
100
0
SEQEND
0
INSERT
2
SMOOTH_20
8
PART_TOP_2DLINE_01
10
-200
20
100
0
INSERT
2
SMOOTH_20
8
PART_TOP_2DLINE_01
10
-200
20
-500
0
INSERT
2
SMOOTH_20
8
PART_TOP_2DLINE_01
10
100
20
-500
0
INSERT
2
SMOOTH_20
8
PART_TOP_2DLINE_01
10
100
20
100
0
ENDBLK
0
BLOCK
2
PART_BODY_TOP_19
8
0
10
0
20
0
3
PART_BODY_TOP_19
70
64
0
POLYLINE
8
PART_TOP_2DLINE_01
6
PADS_DASH_762000
66
1
40
20
41
20
70
1
0
VERTEX
8
PART_TOP_2DLINE_01
10
-350
20
-100
0
VERTEX
8
PART_TOP_2DLINE_01
10
250
20
-100
0
VERTEX
8
PART_TOP_2DLINE_01
10
250
20
150
0
VERTEX
8
PART_TOP_2DLINE_01
10
100
20
150
0
VERTEX
8
PART_TOP_2DLINE_01
10
100
20
200
0
VERTEX
8
PART_TOP_2DLINE_01
10
-200
20
200
0
VERTEX
8
PART_TOP_2DLINE_01
10
-200
20
150
0
VERTEX
8
PART_TOP_2DLINE_01
10
-350
20
150
0
SEQEND
0
INSERT
2
SMOOTH_20
8
PART_TOP_2DLINE_01
10
-350
20
-100
0
INSERT
2
SMOOTH_20
8
PART_TOP_2DLINE_01
10
250
20
-100
0
INSERT
2
SMOOTH_20
8
PART_TOP_2DLINE_01
10
250
20
150
0
INSERT
2
SMOOTH_20
8
PART_TOP_2DLINE_01
10
100
20
150
0
INSERT
2
SMOOTH_20
8
PART_TOP_2DLINE_01
10
100
20
200
0
INSERT
2
SMOOTH_20
8
PART_TOP_2DLINE_01
10
-200
20
200
0
INSERT
2
SMOOTH_20
8
PART_TOP_2DLINE_01
10
-200
20
150
0
INSERT
2
SMOOTH_20
8
PART_TOP_2DLINE_01
10
-350
20
150
0
ENDBLK
0
BLOCK
2
PART_BODY_TOP_20
8
0
10
0
20
0
3
PART_BODY_TOP_20
70
64
0
POLYLINE
8
PART_TOP_2DLINE_01
6
PADS_DASH_762000
66
1
40
20
41
20
70
1
0
VERTEX
8
PART_TOP_2DLINE_01
10
-250
20
-550
0
VERTEX
8
PART_TOP_2DLINE_01
10
150
20
-550
0
VERTEX
8
PART_TOP_2DLINE_01
10
150
20
150
0
VERTEX
8
PART_TOP_2DLINE_01
10
-250
20
150
0
SEQEND
0
INSERT
2
SMOOTH_20
8
PART_TOP_2DLINE_01
10
-250
20
-550
0
INSERT
2
SMOOTH_20
8
PART_TOP_2DLINE_01
10
150
20
-550
0
INSERT
2
SMOOTH_20
8
PART_TOP_2DLINE_01
10
150
20
150
0
INSERT
2
SMOOTH_20
8
PART_TOP_2DLINE_01
10
-250
20
150
0
ENDBLK
0
BLOCK
2
PART_BODY_TOP_0
8
0
10
0
20
0
3
PART_BODY_TOP_0
70
64
0
ENDBLK
0
BLOCK
2
STK_TOP_250
8
0
10
0
20
0
3
STK_TOP_250
70
64
0
INSERT
2
DRIL_HOLE_20
8
DRIL_PLTE_THRU_01
10
0
20
0
0
INSERT
2
DRIL_HOLE_20
8
DRIL_PLTE_THRU_02
10
0
20
0
0
INSERT
2
PAD_11
8
PADS_INNER
10
0
20
0
0
INSERT
2
PAD_11
8
PADS_BOT
10
0
20
0
0
INSERT
2
PAD_11
8
PADS_TOP
10
0
20
0
0
ENDBLK
999
*** POWERPCB  PCB PARAMETER ***
0
BLOCK
2
PCB_PARAMS
8
0
10
0
20
0
3
PCB_PARAMS
70
64
999
 *  1.Job name           2.Backupfile name       3.CursorType
999
 *  4.TearDropFlag       5.HighlighNetsFlag      6.HatchDisplayFlag
999
 *  7.PadsFlag           8.TracksFlag            9.ViasFlag
999
 * 10.CopperFlag        11.LinesFlag            12.TextFlag
999
 * 13.TopComponentFlag  14.BottomComponentFlag  16.ObjectSnapFlags
0
TEXT
8
PCB_PARAMS
10
0
20
-120
40
70
1
A:=RN2903A3.pcb <> 3 0 1 0 1 1 1 1 1 1 1 1 32 502 0
999
 *  1.RefDesHeight       2.RefDesWidth           3.DefaultWidth
999
 *  4.VGX                5.VGY                   6.OVR
999
 *  7.HatchGrid          8.ObjectSnapRadius
0
TEXT
8
PCB_PARAMS
10
0
20
-240
40
70
1
B:=100 10 10 25 25 3 5 25
999
 *  1.ScaleFactor        2.NetAttributeFlags     3.BackupInterval
999
 *  4.WorkingLevel       5.HatchMode             6.HatchDirection
999
 *  7.ConnectionColor    8.BackgroundColor       9.ForegroundColor
999
 * 10.BoardOutlineColor
0
TEXT
8
PCB_PARAMS
10
0
20
-360
40
70
1
C:=16.4744548798 10002 20 1 0 81000000 8 0 10 10
999
 * MitreAngle0 - MitreAngle6
0
TEXT
8
PCB_PARAMS
10
0
20
-480
40
70
1
D:=324000000 324000000 324000000 324000000 324000000 324000000 162000000
999
 * Hatch & Keepout Parameters
0
TEXT
8
PCB_PARAMS
10
0
20
-600
40
70
1
E:=0.5 0 0 5 0 1
999
 * Fanout Parameters
0
TEXT
8
PCB_PARAMS
10
0
20
-720
40
70
1
F:=25 25 250 1 2 0 1 1 0 0 1 1 1 1
999
 * Pad Entry Parameters
0
TEXT
8
PCB_PARAMS
10
0
20
-840
40
70
1
P:= 1 1 1 1
999
 * DFF Parameters
0
TEXT
8
PCB_PARAMS
10
0
20
-960
40
70
1
Q:=89.9999 3967 114300 114300 114300 5 4 114300 114300 114300 114300 1 114300 1 114300 1 114300 0
0
ENDBLK
0
BLOCK
2
DRIL_SYMBOL_0
8
0
10
0
20
0
3
DRIL_SYMBOL_0
70
64
0
ENDBLK
0
BLOCK
2
DRIL_SYMBOL_45
8
0
10
0
20
0
3
DRIL_SYMBOL_45
70
64
0
POLYLINE
8
DRIL_SYMBOL
66
1
40
2
41
2
0
VERTEX
8
DRIL_SYMBOL
10
0
20
-10
0
VERTEX
8
DRIL_SYMBOL
10
0
20
10
0
SEQEND
0
POLYLINE
8
DRIL_SYMBOL
66
1
40
2
41
2
0
VERTEX
8
DRIL_SYMBOL
10
-10
20
0
0
VERTEX
8
DRIL_SYMBOL
10
10
20
0
0
SEQEND
0
ENDBLK
0
BLOCK
2
DRIL_SYMBOL_47
8
0
10
0
20
0
3
DRIL_SYMBOL_47
70
64
0
POLYLINE
8
DRIL_SYMBOL
66
1
40
2
41
2
0
VERTEX
8
DRIL_SYMBOL
10
0
20
-10
0
VERTEX
8
DRIL_SYMBOL
10
0
20
10
0
SEQEND
0
POLYLINE
8
DRIL_SYMBOL
66
1
40
2
41
2
0
VERTEX
8
DRIL_SYMBOL
10
-10
20
0
0
VERTEX
8
DRIL_SYMBOL
10
10
20
0
0
SEQEND
0
ENDBLK
0
BLOCK
2
DRIL_SYMBOL_135
8
0
10
0
20
0
3
DRIL_SYMBOL_135
70
64
0
POLYLINE
8
DRIL_SYMBOL
66
1
40
2
41
2
0
VERTEX
8
DRIL_SYMBOL
10
0
20
-10
0
VERTEX
8
DRIL_SYMBOL
10
0
20
10
0
SEQEND
0
POLYLINE
8
DRIL_SYMBOL
66
1
40
2
41
2
0
VERTEX
8
DRIL_SYMBOL
10
-10
20
0
0
VERTEX
8
DRIL_SYMBOL
10
10
20
0
0
SEQEND
0
ENDBLK
0
BLOCK
2
DRIL_SYMBOL_20
8
0
10
0
20
0
3
DRIL_SYMBOL_20
70
64
0
POLYLINE
8
DRIL_SYMBOL
66
1
40
2
41
2
0
VERTEX
8
DRIL_SYMBOL
10
0
20
-10
0
VERTEX
8
DRIL_SYMBOL
10
0
20
10
0
SEQEND
0
POLYLINE
8
DRIL_SYMBOL
66
1
40
2
41
2
0
VERTEX
8
DRIL_SYMBOL
10
-10
20
0
0
VERTEX
8
DRIL_SYMBOL
10
10
20
0
0
SEQEND
0
ENDBLK
999
*** POWERPCB  SMOOTH CIRCLE ***
0
BLOCK
2
SMOOTH_10
8
0
10
0
20
0
3
SMOOTH_10
70
64
0
POLYLINE
8
0
66
1
40
5
41
5
70
1
0
VERTEX
8
0
10
-2.5
20
0
42
1
0
VERTEX
8
0
10
2.5
20
0
42
1
0
SEQEND
0
ENDBLK
0
BLOCK
2
SMOOTH_12
8
0
10
0
20
0
3
SMOOTH_12
70
64
0
POLYLINE
8
0
66
1
40
6
41
6
70
1
0
VERTEX
8
0
10
-3
20
0
42
1
0
VERTEX
8
0
10
3
20
0
42
1
0
SEQEND
0
ENDBLK
0
BLOCK
2
SMOOTH_20
8
0
10
0
20
0
3
SMOOTH_20
70
64
0
POLYLINE
8
0
66
1
40
10
41
10
70
1
0
VERTEX
8
0
10
-5
20
0
42
1
0
VERTEX
8
0
10
5
20
0
42
1
0
SEQEND
0
ENDBLK
0
BLOCK
2
SMOOTH_5
8
0
10
0
20
0
3
SMOOTH_5
70
64
0
POLYLINE
8
0
66
1
40
2.5
41
2.5
70
1
0
VERTEX
8
0
10
-1.25
20
0
42
1
0
VERTEX
8
0
10
1.25
20
0
42
1
0
SEQEND
0
ENDBLK
0
BLOCK
2
SMOOTH_1$968503937
8
0
10
0
20
0
3
SMOOTH_1$968503937
70
64
0
POLYLINE
8
0
66
1
40
0.9842519685
41
0.9842519685
70
1
0
VERTEX
8
0
10
-0.4921259843
20
0
42
1
0
VERTEX
8
0
10
0.4921259843
20
0
42
1
0
SEQEND
0
ENDBLK
0
BLOCK
2
SMOOTH_7
8
0
10
0
20
0
3
SMOOTH_7
70
64
0
POLYLINE
8
0
66
1
40
3.5
41
3.5
70
1
0
VERTEX
8
0
10
-1.75
20
0
42
1
0
VERTEX
8
0
10
1.75
20
0
42
1
0
SEQEND
0
ENDBLK
0
BLOCK
2
PAD_0
8
0
10
0
20
0
3
PAD_0
70
64
0
POLYLINE
8
0
70
1
66
1
0
VERTEX
8
0
10
0
20
0
42
1
0
VERTEX
8
0
10
0
20
0
42
1
0
SEQEND
0
ENDBLK
0
BLOCK
2
PAD_1
8
0
10
0
20
0
3
PAD_1
70
64
0
POLYLINE
8
0
66
1
40
30
41
30
0
VERTEX
8
0
10
-19
20
0
0
VERTEX
8
0
10
19
20
0
0
SEQEND
0
ENDBLK
0
BLOCK
2
PAD_2
8
0
10
0
20
0
3
PAD_2
70
64
0
POLYLINE
8
0
66
1
40
75
41
75
0
VERTEX
8
0
10
-37.5
20
0
0
VERTEX
8
0
10
37.5
20
0
0
SEQEND
0
ENDBLK
0
BLOCK
2
PAD_3
8
0
10
0
20
0
3
PAD_3
70
64
0
POLYLINE
8
0
70
1
66
1
40
37.5
41
37.5
0
VERTEX
8
0
10
0
20
-18.75
42
1
0
VERTEX
8
0
10
0
20
18.75
42
1
0
SEQEND
0
ENDBLK
0
BLOCK
2
PAD_4
8
0
10
0
20
0
3
PAD_4
70
64
0
POLYLINE
8
0
70
1
66
1
40
39
41
39
0
VERTEX
8
0
10
0
20
-19.5
42
1
0
VERTEX
8
0
10
0
20
19.5
42
1
0
SEQEND
0
ENDBLK
0
BLOCK
2
PAD_5
8
0
10
0
20
0
3
PAD_5
70
64
0
POLYLINE
8
0
66
1
40
48.1062992126
41
48.1062992126
0
VERTEX
8
0
10
-34.0531496063
20
0
0
VERTEX
8
0
10
34.0531496063
20
0
0
SEQEND
0
ENDBLK
0
BLOCK
2
PAD_6
8
0
10
0
20
0
3
PAD_6
70
64
0
POLYLINE
8
0
66
1
40
40
41
40
0
VERTEX
8
0
10
-30
20
0
0
VERTEX
8
0
10
30
20
0
0
SEQEND
0
ENDBLK
0
BLOCK
2
PAD_7
8
0
10
0
20
0
3
PAD_7
70
64
0
POLYLINE
8
0
66
1
40
25
41
25
0
VERTEX
8
0
10
-37.5
20
0
0
VERTEX
8
0
10
37.5
20
0
0
SEQEND
0
ENDBLK
0
BLOCK
2
PAD_8
8
0
10
0
20
0
3
PAD_8
70
64
0
POLYLINE
8
0
70
1
66
1
40
12.5
41
12.5
0
VERTEX
8
0
10
-25
20
-6.25
0
VERTEX
8
0
10
25
20
-6.25
42
1
0
VERTEX
8
0
10
25
20
6.25
0
VERTEX
8
0
10
-25
20
6.25
42
1
0
SEQEND
0
ENDBLK
0
BLOCK
2
PAD_9
8
0
10
0
20
0
3
PAD_9
70
64
0
POLYLINE
8
0
70
1
66
1
40
60
41
60
0
VERTEX
8
0
10
0
20
-30
42
1
0
VERTEX
8
0
10
0
20
30
42
1
0
SEQEND
0
ENDBLK
0
BLOCK
2
PAD_10
8
0
10
0
20
0
3
PAD_10
70
64
0
POLYLINE
8
0
70
1
66
1
40
20
41
20
0
VERTEX
8
0
10
0
20
-10
42
1
0
VERTEX
8
0
10
0
20
10
42
1
0
SEQEND
0
ENDBLK
0
BLOCK
2
PAD_11
8
0
10
0
20
0
3
PAD_11
70
64
0
POLYLINE
8
0
70
1
66
1
40
17.5
41
17.5
0
VERTEX
8
0
10
0
20
-8.75
42
1
0
VERTEX
8
0
10
0
20
8.75
42
1
0
SEQEND
0
ENDBLK
999
*** POWERPCB  DRILL HOLE ***
0
BLOCK
2
DRIL_HOLE_0
8
0
10
0
20
0
3
DRIL_HOLE_0
70
64
0
POLYLINE
8
0
66
1
70
1
0
VERTEX
8
0
10
0
20
0
42
1
0
VERTEX
8
0
10
0
20
0
42
1
0
SEQEND
0
INSERT
2
DRIL_SYMBOL_0
8
0
10
0
20
0
0
ENDBLK
0
BLOCK
2
DRIL_HOLE_45
8
0
10
0
20
0
3
DRIL_HOLE_45
70
64
0
POLYLINE
8
0
66
1
40
22.5
41
22.5
70
1
0
VERTEX
8
0
10
-11.25
20
0
42
1
0
VERTEX
8
0
10
11.25
20
0
42
1
0
SEQEND
0
INSERT
2
DRIL_SYMBOL_45
8
0
10
0
20
0
0
ENDBLK
0
BLOCK
2
DRIL_HOLE_47
8
0
10
0
20
0
3
DRIL_HOLE_47
70
64
0
POLYLINE
8
0
66
1
40
23.5
41
23.5
70
1
0
VERTEX
8
0
10
-11.75
20
0
42
1
0
VERTEX
8
0
10
11.75
20
0
42
1
0
SEQEND
0
INSERT
2
DRIL_SYMBOL_47
8
0
10
0
20
0
0
ENDBLK
0
BLOCK
2
DRIL_HOLE_135
8
0
10
0
20
0
3
DRIL_HOLE_135
70
64
0
POLYLINE
8
0
66
1
40
67.5
41
67.5
70
1
0
VERTEX
8
0
10
-33.75
20
0
42
1
0
VERTEX
8
0
10
33.75
20
0
42
1
0
SEQEND
0
INSERT
2
DRIL_SYMBOL_135
8
0
10
0
20
0
0
ENDBLK
0
BLOCK
2
DRIL_HOLE_20
8
0
10
0
20
0
3
DRIL_HOLE_20
70
64
0
POLYLINE
8
0
66
1
40
10
41
10
70
1
0
VERTEX
8
0
10
-5
20
0
42
1
0
VERTEX
8
0
10
5
20
0
42
1
0
SEQEND
0
INSERT
2
DRIL_SYMBOL_20
8
0
10
0
20
0
0
ENDBLK
0
ENDSEC
0
SECTION
2
ENTITIES
999
*** POWERPCB  DBLAYER ***
0
INSERT
2
DBLAYERS
8
0
10
0
20
0
999
*** POWERPCB  BOARD ***
0
INSERT
2
BOARD_1
8
0
10
3250
20
-2700
0
INSERT
2
ATTRIBUTES
8
0
10
0
20
0
999
*** POWERPCB  2DLINE ***
0
INSERT
2
DRAWING_2
8
0
10
-3910
20
-6430
0
INSERT
2
DRAWING_3
8
0
10
9230
20
710
0
INSERT
2
DRAWING_4
8
0
10
9230
20
710
0
INSERT
2
DRAWING_5
8
0
10
9230
20
710
0
INSERT
2
DRAWING_6
8
0
10
9230
20
710
0
INSERT
2
DRAWING_7
8
0
10
9230
20
710
0
INSERT
2
DRAWING_8
8
0
10
9230
20
710
0
INSERT
2
DRAWING_9
8
0
10
9230
20
710
0
INSERT
2
DRAWING_10
8
0
10
9230
20
710
0
INSERT
2
DRAWING_11
8
0
10
9230
20
710
0
INSERT
2
D_1dfeghi_24
8
0
10
0
20
1975
0
INSERT
2
D_2dfeghi_25
8
0
10
0.2767979003
20
575
999
*** POWERPCB  COPPER ***
999
*** POWERPCB  FREE TEXT ***
0
TEXT
8
TEXT_27
10
15475
20
-5400
40
119.7
1
9
41
0.75
7
W10
0
TEXT
8
TEXT_27
10
13925
20
-4915
40
119.7
1
ASSEMBLY (CS)
41
0.75
7
W10
0
TEXT
8
TEXT_00
10
14880
20
-5090
40
119.7
1
2024/09/06
41
0.75
7
W10
0
TEXT
8
TEXT_00
10
9680
20
-5190
40
70
1
ANGLES +/-   1
41
0.75
7
W10
0
TEXT
8
TEXT_00
10
9680
20
-5040
40
70
1
FRACT.  +/-
41
0.75
7
W10
0
TEXT
8
TEXT_00
10
9680
20
-4890
40
70
1
.XXX    +/-  .007
41
0.75
7
W10
0
TEXT
8
TEXT_00
10
9680
20
-4740
40
70
1
.XX     +/-  .01
41
0.75
7
W10
0
TEXT
8
TEXT_00
10
9680
20
-4590
40
70
1
.X      +/-
41
0.75
7
W10
0
TEXT
8
TEXT_00
10
9880
20
-4440
40
70
1
TOL. UNLESS NOTED
41
0.75
7
W10
0
TEXT
8
TEXT_00
10
9830
20
-4340
40
70
1
TOL. SI NON INDIQUEES
41
0.75
7
W10
0
TEXT
8
TEXT_00
10
10380
20
-5140
40
35
1
O
41
0.75
7
W8
0
TEXT
8
TEXT_00
10
11080
20
-4990
40
87.5
1
ECH./SCALE
41
0.75
7
W10
0
TEXT
8
TEXT_00
10
14330
20
-4990
40
87.5
1
DATE
41
0.75
7
W10
0
TEXT
8
TEXT_00
10
13155
20
-5090
40
119.7
1
A.ANISOV
41
0.75
7
W10
0
TEXT
8
TEXT_00
10
12580
20
-4990
40
87.5
1
BY
41
0.75
7
W10
0
TEXT
8
TEXT_00
10
12580
20
-5390
40
87.5
1
TITRE/TITLE
41
0.75
7
W10
0
TEXT
8
TEXT_00
10
12580
20
-5690
40
87.5
1
DOC.
41
0.75
7
W10
0
TEXT
8
TEXT_00
10
14000
20
-5625
40
119.7
1
pic board
41
0.75
7
W10
0
TEXT
8
TEXT_00
10
13430
20
-6040
40
70
1
NUMERO DE DESSIN/DRAWING NUMBER
41
0.75
7
W10
0
TEXT
8
TEXT_00
10
12580
20
-6040
40
70
1
FORMAT
41
0.75
7
W10
0
TEXT
8
TEXT_00
10
12580
20
-6140
40
70
1
SIZE
41
0.75
7
W10
0
TEXT
8
TEXT_00
10
15375
20
-6100
40
70
1
FEUILLE/SHEET
41
0.75
7
W10
0
TEXT
8
TEXT_00
10
15605
20
-6215
40
70
1
DE
41
0.75
7
W10
0
TEXT
8
TEXT_00
10
15605
20
-6315
40
70
1
OF
41
0.75
7
W10
0
TEXT
8
TEXT_00
10
12030
20
-5090
40
119.7
1
1:1
41
0.75
7
W10
0
TEXT
8
TEXT_00
10
12730
20
-6365
40
149.8
1
B
41
0.75
7
W10
0
TEXT
8
TEXT_00
10
9655
20
-6340
40
84
1
THE WRITTEN AUTHORIZATION FROM Elumen.
41
0.75
7
W10
0
TEXT
8
TEXT_00
10
9655
20
-6240
40
84
1
COPIED OR TRANSMITTED TO OTHER PERSONS, WITHOUT 
41
0.75
7
W10
0
TEXT
8
TEXT_00
10
9655
20
-6140
40
84
1
TECHNOLOGIES IT SHALL NOT BE USED, REPRODUCED, 
41
0.75
7
W10
0
TEXT
8
TEXT_00
10
9655
20
-6040
40
84
1
THIS DOCUMENT IS THE PROPERTRY OF Elumen
41
0.75
7
W10
0
TEXT
8
TEXT_00
10
9655
20
-5790
40
84
1
ECRITE DE LA COMPAGNIE Elumen
41
0.75
7
W10
0
TEXT
8
TEXT_00
10
9655
20
-5690
40
84
1
PERSONNES A MOINS DE RECEVOIR UNE AUTORISATION
41
0.75
7
W10
0
TEXT
8
TEXT_00
10
9655
20
-5390
40
84
1
CE DOCUMENT EST LA PROPRIETE DE LA COMPAGNIE
41
0.75
7
W10
0
TEXT
8
TEXT_00
10
9655
20
-5490
40
84
1
Elumen. IL NE DOIT PAS ETRE UTILISE,
41
0.75
7
W10
0
TEXT
8
TEXT_00
10
9655
20
-5590
40
84
1
REPRODUIT, COPIE OU COMMUNIQUE A D'AUTRES
41
0.75
7
W10
0
TEXT
8
TEXT_00
10
13680
20
-4590
40
119.7
1
ELUMEN LIGHT NETWORK
41
0.75
7
W10
0
TEXT
8
TEXT_00
10
13850
20
-6275
40
119.7
1
pic12f, pic16f
41
0.75
7
W10
0
TEXT
8
TEXT_00
10
15475
20
-6275
40
119.7
1
1
41
0.75
7
W10
0
TEXT
8
TEXT_00
10
15775
20
-6250
40
119.7
1
1
41
0.75
7
W10
0
TEXT
8
TEXT_26
10
1025
20
825
40
70
1
Modul RF- P02401
50
90
41
0.75
7
W10
0
TEXT
8
TEXT_26
10
975
20
1450
40
70
1
Elumen 
50
90
41
0.75
7
W10
0
TEXT
8
TEXT_26
10
1025
20
1450
40
42
1
05-03-2025
50
90
41
0.75
7
W10
0
TEXT
8
TEXT_26
10
25
20
1675
40
70
1
1
41
0.75
7
W10
0
TEXT
8
TEXT_26
10
0
20
1300
40
70
1
2
41
0.75
7
W10
0
TEXT
8
TEXT_26
10
0
20
950
40
70
1
3
41
0.75
7
W10
0
TEXT
8
TEXT_26
10
225
20
700
40
70
1
4
41
0.75
7
W10
0
TEXT
8
TEXT_26
10
325
20
700
40
70
1
5
41
0.75
7
W10
0
TEXT
8
TEXT_26
10
425
20
700
40
70
1
6
41
0.75
7
W10
0
TEXT
8
TEXT_26
10
550
20
700
40
70
1
7
41
0.75
7
W10
0
TEXT
8
TEXT_26
10
675
20
700
40
70
1
8
41
0.75
7
W10
0
TEXT
8
TEXT_26
10
775
20
700
40
70
1
9
41
0.75
7
W10
0
TEXT
8
TEXT_26
10
850
20
700
40
70
1
10
41
0.75
7
W10
0
TEXT
8
TEXT_26
10
975
20
1375
40
70
1
11
41
0.75
7
W10
0
TEXT
8
TEXT_26
10
800
20
1900
40
70
1
12
41
0.75
7
W10
0
TEXT
8
TEXT_26
10
750
20
1800
40
35
1
antenna
50
90
41
0.75
7
W5
0
TEXT
8
TEXT_26
10
25
20
1500
40
35
1
reset
41
0.75
7
W5
999
*** POWERPCB  COPPER PLANE ***
0
INSERT
2
POUR_HEADER_0
8
0
10
0
20
1975
6
SIG_3
0
INSERT
2
POUR_HEADER_1
8
0
10
0
20
1975
6
SIG_3
999
*** POWERPCB  GENERAL KEEPOUT ***
999
*** POWERPCB  COMPONENT ***
0
INSERT
2
PART_BOT_0
8
0
10
425
20
1500
50
-270
41
-1
0
INSERT
2
PART_BOT_1
8
0
10
800
20
1300
50
-90
41
-1
0
INSERT
2
PART_TOP_2
8
0
10
100
20
1850
0
INSERT
2
PART_BOT_3
8
0
10
725
20
900
50
-180
41
-1
0
INSERT
2
PART_BOT_4
8
0
10
750
20
1525
50
-90
41
-1
0
INSERT
2
PART_BOT_5
8
0
10
700
20
1275
50
-270
41
-1
0
INSERT
2
PART_BOT_6
8
0
10
300
20
1350
50
-270
41
-1
0
INSERT
2
PART_TOP_7
8
0
10
75
20
1450
50
270
0
INSERT
2
PART_TOP_8
8
0
10
775
20
675
0
INSERT
2
PART_TOP_9
8
0
10
875
20
675
0
INSERT
2
PART_TOP_10
8
0
10
475
20
675
0
INSERT
2
PART_TOP_11
8
0
10
375
20
675
0
INSERT
2
PART_TOP_12
8
0
10
275
20
675
0
INSERT
2
PART_TOP_13
8
0
10
550
20
1900
50
180
0
INSERT
2
PART_TOP_14
8
0
10
975
20
1350
0
INSERT
2
PART_TOP_15
8
0
10
675
20
675
0
INSERT
2
PART_TOP_16
8
0
10
575
20
675
0
INSERT
2
PART_TOP_17
8
0
10
75
20
1700
0
INSERT
2
PART_TOP_18
8
0
10
75
20
1325
0
INSERT
2
PART_TOP_19
8
0
10
75
20
975
0
INSERT
2
PART_TOP_20
8
0
10
875
20
1850
0
INSERT
2
PART_BOT_21
8
0
10
250
20
1250
41
-1
0
INSERT
2
PART_BOT_22
8
0
10
525
20
900
41
-1
0
INSERT
2
PART_BOT_23
8
0
10
475
20
1325
50
-180
41
-1
0
INSERT
2
PART_BOT_24
8
0
10
475
20
1250
50
-180
41
-1
0
INSERT
2
PART_TOP_25
8
0
10
525
20
1275
0
INSERT
2
PART_BOT_26
8
0
10
650
20
975
50
-270
41
-1
0
INSERT
2
PART_BOT_27
8
0
10
675
20
1525
50
-180
41
-1
0
INSERT
2
PART_BOT_28
8
0
10
275
20
1050
41
-1
0
INSERT
2
PART_TOP_29
8
0
10
275
20
1900
0
INSERT
2
PART_TOP_30
8
0
10
75
20
650
0
INSERT
2
PART_TOP_31
8
0
10
975
20
650
0
INSERT
2
PART_TOP_32
8
0
10
975
20
1900
999
*** POWERPCB  LINK/TRACE ***
0
POLYLINE
8
TRACE_01
6
SIG_0
66
1
40
20
41
20
0
VERTEX
8
TRACE_01
10
575
20
1150
0
VERTEX
8
TRACE_01
10
675
20
1150
0
VERTEX
8
TRACE_01
10
675
20
1050
0
SEQEND
0
INSERT
2
SMOOTH_20
8
TRACE_01
10
575
20
1150
0
INSERT
2
SMOOTH_20
8
TRACE_01
10
675
20
1150
0
INSERT
2
SMOOTH_20
8
TRACE_01
10
675
20
1050
0
POLYLINE
8
TRACE_02
6
SIG_0
66
1
40
20
41
20
0
VERTEX
8
TRACE_02
10
537
20
1135.9224671916
0
VERTEX
8
TRACE_02
10
537
20
1163
0
VERTEX
8
TRACE_02
10
425
20
1163
0
SEQEND
0
INSERT
2
SMOOTH_20
8
TRACE_02
10
537
20
1135.9224671916
0
INSERT
2
SMOOTH_20
8
TRACE_02
10
537
20
1163
0
INSERT
2
SMOOTH_20
8
TRACE_02
10
425
20
1163
0
POLYLINE
8
TRACE_02
6
SIG_0
66
1
40
20
41
20
0
VERTEX
8
TRACE_02
10
537
20
1135.9224671916
0
VERTEX
8
TRACE_02
10
575
20
1150
0
SEQEND
0
INSERT
2
SMOOTH_20
8
TRACE_02
10
537
20
1135.9224671916
0
INSERT
2
SMOOTH_20
8
TRACE_02
10
575
20
1150
0
POLYLINE
8
TRACE_02
6
SIG_0
66
1
40
20
41
20
0
VERTEX
8
TRACE_02
10
694
20
900
0
VERTEX
8
TRACE_02
10
556
20
900
0
SEQEND
0
INSERT
2
SMOOTH_20
8
TRACE_02
10
694
20
900
0
INSERT
2
SMOOTH_20
8
TRACE_02
10
556
20
900
0
POLYLINE
8
TRACE_02
6
SIG_0
66
1
40
20
41
20
0
VERTEX
8
TRACE_02
10
694
20
900
0
VERTEX
8
TRACE_02
10
675
20
900
0
VERTEX
8
TRACE_02
10
675
20
1050
0
SEQEND
0
INSERT
2
SMOOTH_20
8
TRACE_02
10
694
20
900
0
INSERT
2
SMOOTH_20
8
TRACE_02
10
675
20
900
0
INSERT
2
SMOOTH_20
8
TRACE_02
10
675
20
1050
0
POLYLINE
8
TRACE_02
6
SIG_0
66
1
40
20
41
20
0
VERTEX
8
TRACE_02
10
444
20
1250
0
VERTEX
8
TRACE_02
10
444
20
1325
0
SEQEND
0
INSERT
2
SMOOTH_20
8
TRACE_02
10
444
20
1250
0
INSERT
2
SMOOTH_20
8
TRACE_02
10
444
20
1325
0
POLYLINE
8
TRACE_02
6
SIG_0
66
1
40
20
41
20
0
VERTEX
8
TRACE_02
10
425
20
1163
0
VERTEX
8
TRACE_02
10
375
20
1163
0
SEQEND
0
INSERT
2
SMOOTH_20
8
TRACE_02
10
425
20
1163
0
INSERT
2
SMOOTH_20
8
TRACE_02
10
375
20
1163
0
POLYLINE
8
TRACE_02
6
SIG_0
66
1
40
20
41
20
0
VERTEX
8
TRACE_02
10
425
20
1163
0
VERTEX
8
TRACE_02
10
444
20
1163
0
VERTEX
8
TRACE_02
10
444
20
1250
0
SEQEND
0
INSERT
2
SMOOTH_20
8
TRACE_02
10
425
20
1163
0
INSERT
2
SMOOTH_20
8
TRACE_02
10
444
20
1163
0
INSERT
2
SMOOTH_20
8
TRACE_02
10
444
20
1250
0
POLYLINE
8
TRACE_02
6
SIG_0
66
1
40
20
41
20
0
VERTEX
8
TRACE_02
10
700
20
1306
0
VERTEX
8
TRACE_02
10
700
20
1331
0
VERTEX
8
TRACE_02
10
800
20
1331
0
SEQEND
0
INSERT
2
SMOOTH_20
8
TRACE_02
10
700
20
1306
0
INSERT
2
SMOOTH_20
8
TRACE_02
10
700
20
1331
0
INSERT
2
SMOOTH_20
8
TRACE_02
10
800
20
1331
0
POLYLINE
8
TRACE_02
6
SIG_0
66
1
40
20
41
20
0
VERTEX
8
TRACE_02
10
800
20
1331
0
VERTEX
8
TRACE_02
10
819
20
1350
0
VERTEX
8
TRACE_02
10
975
20
1350
0
SEQEND
0
INSERT
2
SMOOTH_20
8
TRACE_02
10
800
20
1331
0
INSERT
2
SMOOTH_20
8
TRACE_02
10
819
20
1350
0
INSERT
2
SMOOTH_20
8
TRACE_02
10
975
20
1350
0
POLYLINE
8
TRACE_02
6
SIG_0
66
1
40
20
41
20
0
VERTEX
8
TRACE_02
10
800
20
1331
0
VERTEX
8
TRACE_02
10
800
20
1494
0
VERTEX
8
TRACE_02
10
750
20
1494
0
SEQEND
0
INSERT
2
SMOOTH_20
8
TRACE_02
10
800
20
1331
0
INSERT
2
SMOOTH_20
8
TRACE_02
10
800
20
1494
0
INSERT
2
SMOOTH_20
8
TRACE_02
10
750
20
1494
0
POLYLINE
8
TRACE_02
6
SIG_0
66
1
40
20
41
20
0
VERTEX
8
TRACE_02
10
750
20
1494
0
VERTEX
8
TRACE_02
10
625
20
1494
0
VERTEX
8
TRACE_02
10
625
20
1550
0
SEQEND
0
INSERT
2
SMOOTH_20
8
TRACE_02
10
750
20
1494
0
INSERT
2
SMOOTH_20
8
TRACE_02
10
625
20
1494
0
INSERT
2
SMOOTH_20
8
TRACE_02
10
625
20
1550
0
POLYLINE
8
TRACE_02
6
SIG_0
66
1
40
20
41
20
0
VERTEX
8
TRACE_02
10
625
20
1550
0
VERTEX
8
TRACE_02
10
625
20
1638
0
SEQEND
0
INSERT
2
SMOOTH_20
8
TRACE_02
10
625
20
1550
0
INSERT
2
SMOOTH_20
8
TRACE_02
10
625
20
1638
0
POLYLINE
8
TRACE_02
6
SIG_0
66
1
40
20
41
20
0
VERTEX
8
TRACE_02
10
537
20
1125
0
VERTEX
8
TRACE_02
10
537
20
1135.9224671916
0
SEQEND
0
INSERT
2
SMOOTH_20
8
TRACE_02
10
537
20
1125
0
INSERT
2
SMOOTH_20
8
TRACE_02
10
537
20
1135.9224671916
0
POLYLINE
8
TRACE_02
6
SIG_0
66
1
40
20
41
20
0
VERTEX
8
TRACE_02
10
525
20
1412
0
VERTEX
8
TRACE_02
10
425
20
1412
0
VERTEX
8
TRACE_02
10
425
20
1469
0
SEQEND
0
INSERT
2
SMOOTH_20
8
TRACE_02
10
525
20
1412
0
INSERT
2
SMOOTH_20
8
TRACE_02
10
425
20
1412
0
INSERT
2
SMOOTH_20
8
TRACE_02
10
425
20
1469
0
POLYLINE
8
TRACE_02
6
SIG_0
66
1
40
20
41
20
0
VERTEX
8
TRACE_02
10
525
20
1412
0
VERTEX
8
TRACE_02
10
525
20
1550
0
VERTEX
8
TRACE_02
10
625
20
1550
0
SEQEND
0
INSERT
2
SMOOTH_20
8
TRACE_02
10
525
20
1412
0
INSERT
2
SMOOTH_20
8
TRACE_02
10
525
20
1550
0
INSERT
2
SMOOTH_20
8
TRACE_02
10
625
20
1550
0
POLYLINE
8
TRACE_02
6
SIG_0
66
1
40
20
41
20
0
VERTEX
8
TRACE_02
10
375
20
1163
0
VERTEX
8
TRACE_02
10
325
20
1163
0
SEQEND
0
INSERT
2
SMOOTH_20
8
TRACE_02
10
375
20
1163
0
INSERT
2
SMOOTH_20
8
TRACE_02
10
325
20
1163
0
POLYLINE
8
TRACE_02
6
SIG_0
66
1
40
20
41
20
0
VERTEX
8
TRACE_02
10
375
20
1163
0
VERTEX
8
TRACE_02
10
375
20
1469
0
SEQEND
0
INSERT
2
SMOOTH_20
8
TRACE_02
10
375
20
1163
0
INSERT
2
SMOOTH_20
8
TRACE_02
10
375
20
1469
0
POLYLINE
8
TRACE_02
6
SIG_0
66
1
40
20
41
20
0
VERTEX
8
TRACE_02
10
375
20
1469
0
VERTEX
8
TRACE_02
10
425
20
1469
0
SEQEND
0
INSERT
2
SMOOTH_20
8
TRACE_02
10
375
20
1469
0
INSERT
2
SMOOTH_20
8
TRACE_02
10
425
20
1469
0
POLYLINE
8
TRACE_02
6
SIG_0
66
1
40
20
41
20
0
VERTEX
8
TRACE_02
10
275
20
1163
0
VERTEX
8
TRACE_02
10
219
20
1163
0
VERTEX
8
TRACE_02
10
219
20
1250
0
SEQEND
0
INSERT
2
SMOOTH_20
8
TRACE_02
10
275
20
1163
0
INSERT
2
SMOOTH_20
8
TRACE_02
10
219
20
1163
0
INSERT
2
SMOOTH_20
8
TRACE_02
10
219
20
1250
0
POLYLINE
8
TRACE_01
6
SIG_0
66
1
40
20
41
20
0
VERTEX
8
TRACE_01
10
875
20
1350
0
VERTEX
8
TRACE_01
10
975
20
1350
0
SEQEND
0
INSERT
2
SMOOTH_20
8
TRACE_01
10
875
20
1350
0
INSERT
2
SMOOTH_20
8
TRACE_01
10
975
20
1350
0
POLYLINE
8
TRACE_01
6
SIG_0
66
1
40
20
41
20
0
VERTEX
8
TRACE_01
10
175
20
1450
0
VERTEX
8
TRACE_01
10
300
20
1450
0
SEQEND
0
INSERT
2
SMOOTH_20
8
TRACE_01
10
175
20
1450
0
INSERT
2
SMOOTH_20
8
TRACE_01
10
300
20
1450
0
POLYLINE
8
TRACE_02
6
SIG_0
66
1
40
20
41
20
0
VERTEX
8
TRACE_02
10
300
20
1450
0
VERTEX
8
TRACE_02
10
319
20
1469
0
VERTEX
8
TRACE_02
10
375
20
1469
0
SEQEND
0
INSERT
2
SMOOTH_20
8
TRACE_02
10
300
20
1450
0
INSERT
2
SMOOTH_20
8
TRACE_02
10
319
20
1469
0
INSERT
2
SMOOTH_20
8
TRACE_02
10
375
20
1469
0
POLYLINE
8
TRACE_02
6
SIG_0
66
1
40
20
41
20
0
VERTEX
8
TRACE_02
10
75
20
975
0
VERTEX
8
TRACE_02
10
87
20
975
0
VERTEX
8
TRACE_02
10
275
20
1163
0
SEQEND
0
INSERT
2
SMOOTH_20
8
TRACE_02
10
75
20
975
0
INSERT
2
SMOOTH_20
8
TRACE_02
10
87
20
975
0
INSERT
2
SMOOTH_20
8
TRACE_02
10
275
20
1163
0
POLYLINE
8
TRACE_02
6
SIG_0
66
1
40
20
41
20
0
VERTEX
8
TRACE_02
10
325
20
1163
0
VERTEX
8
TRACE_02
10
275
20
1163
0
SEQEND
0
INSERT
2
SMOOTH_20
8
TRACE_02
10
325
20
1163
0
INSERT
2
SMOOTH_20
8
TRACE_02
10
275
20
1163
0
POLYLINE
8
TRACE_01
6
SIG_1
66
1
40
20
41
20
0
VERTEX
8
TRACE_01
10
325
20
1050
0
VERTEX
8
TRACE_01
10
325
20
1250
0
VERTEX
8
TRACE_01
10
525
20
1250
0
SEQEND
0
INSERT
2
SMOOTH_20
8
TRACE_01
10
325
20
1050
0
INSERT
2
SMOOTH_20
8
TRACE_01
10
325
20
1250
0
INSERT
2
SMOOTH_20
8
TRACE_01
10
525
20
1250
0
POLYLINE
8
TRACE_02
6
SIG_1
66
1
40
20
41
20
0
VERTEX
8
TRACE_02
10
325
20
937
0
VERTEX
8
TRACE_02
10
325
20
1050
0
SEQEND
0
INSERT
2
SMOOTH_20
8
TRACE_02
10
325
20
937
0
INSERT
2
SMOOTH_20
8
TRACE_02
10
325
20
1050
0
POLYLINE
8
TRACE_02
6
SIG_1
66
1
40
20
41
20
0
VERTEX
8
TRACE_02
10
275
20
675
0
VERTEX
8
TRACE_02
10
275
20
775
0
VERTEX
8
TRACE_02
10
325
20
775
0
VERTEX
8
TRACE_02
10
325
20
937
0
SEQEND
0
INSERT
2
SMOOTH_20
8
TRACE_02
10
275
20
675
0
INSERT
2
SMOOTH_20
8
TRACE_02
10
275
20
775
0
INSERT
2
SMOOTH_20
8
TRACE_02
10
325
20
775
0
INSERT
2
SMOOTH_20
8
TRACE_02
10
325
20
937
0
POLYLINE
8
TRACE_02
6
SIG_1
66
1
40
20
41
20
0
VERTEX
8
TRACE_02
10
506
20
1250
0
VERTEX
8
TRACE_02
10
525
20
1250
0
SEQEND
0
INSERT
2
SMOOTH_20
8
TRACE_02
10
506
20
1250
0
INSERT
2
SMOOTH_20
8
TRACE_02
10
525
20
1250
0
POLYLINE
8
TRACE_01
6
SIG_2
66
1
40
20
41
20
0
VERTEX
8
TRACE_01
10
775
20
675
0
VERTEX
8
TRACE_01
10
775
20
825
0
VERTEX
8
TRACE_01
10
825
20
875
0
VERTEX
8
TRACE_01
10
825
20
900
0
VERTEX
8
TRACE_01
10
875
20
900
0
SEQEND
0
INSERT
2
SMOOTH_20
8
TRACE_01
10
775
20
675
0
INSERT
2
SMOOTH_20
8
TRACE_01
10
775
20
825
0
INSERT
2
SMOOTH_20
8
TRACE_01
10
825
20
875
0
INSERT
2
SMOOTH_20
8
TRACE_01
10
825
20
900
0
INSERT
2
SMOOTH_20
8
TRACE_01
10
875
20
900
0
POLYLINE
8
TRACE_01
6
SIG_3
66
1
40
20
41
20
0
VERTEX
8
TRACE_01
10
475
20
1075
0
VERTEX
8
TRACE_01
10
625
20
1075
0
VERTEX
8
TRACE_01
10
625
20
950
0
VERTEX
8
TRACE_01
10
650
20
950
0
VERTEX
8
TRACE_01
10
725
20
1025
0
SEQEND
0
INSERT
2
SMOOTH_20
8
TRACE_01
10
475
20
1075
0
INSERT
2
SMOOTH_20
8
TRACE_01
10
625
20
1075
0
INSERT
2
SMOOTH_20
8
TRACE_01
10
625
20
950
0
INSERT
2
SMOOTH_20
8
TRACE_01
10
650
20
950
0
INSERT
2
SMOOTH_20
8
TRACE_01
10
725
20
1025
0
POLYLINE
8
TRACE_02
6
SIG_3
66
1
40
20
41
20
0
VERTEX
8
TRACE_02
10
475
20
1075
0
VERTEX
8
TRACE_02
10
537
20
1075
0
SEQEND
0
INSERT
2
SMOOTH_20
8
TRACE_02
10
475
20
1075
0
INSERT
2
SMOOTH_20
8
TRACE_02
10
537
20
1075
0
POLYLINE
8
TRACE_02
6
SIG_3
66
1
40
20
41
20
0
VERTEX
8
TRACE_02
10
725
20
1025
0
VERTEX
8
TRACE_02
10
763
20
1025
0
SEQEND
0
INSERT
2
SMOOTH_20
8
TRACE_02
10
725
20
1025
0
INSERT
2
SMOOTH_20
8
TRACE_02
10
763
20
1025
0
POLYLINE
8
TRACE_02
6
SIG_3
66
1
40
20
41
20
0
VERTEX
8
TRACE_02
10
800
20
1200
0
VERTEX
8
TRACE_02
10
800
20
1250
0
SEQEND
0
INSERT
2
SMOOTH_20
8
TRACE_02
10
800
20
1200
0
INSERT
2
SMOOTH_20
8
TRACE_02
10
800
20
1250
0
POLYLINE
8
TRACE_01
6
SIG_3
66
1
40
20
41
20
0
VERTEX
8
TRACE_01
10
575
20
1475
0
VERTEX
8
TRACE_01
10
575
20
1450
0
SEQEND
0
INSERT
2
SMOOTH_20
8
TRACE_01
10
575
20
1475
0
INSERT
2
SMOOTH_20
8
TRACE_01
10
575
20
1450
0
POLYLINE
8
TRACE_01
6
SIG_3
66
1
40
20
41
20
0
VERTEX
8
TRACE_01
10
575
20
1475
0
VERTEX
8
TRACE_01
10
775
20
1475
0
VERTEX
8
TRACE_01
10
775
20
1200
0
VERTEX
8
TRACE_01
10
800
20
1200
0
SEQEND
0
INSERT
2
SMOOTH_20
8
TRACE_01
10
575
20
1475
0
INSERT
2
SMOOTH_20
8
TRACE_01
10
775
20
1475
0
INSERT
2
SMOOTH_20
8
TRACE_01
10
775
20
1200
0
INSERT
2
SMOOTH_20
8
TRACE_01
10
800
20
1200
0
POLYLINE
8
TRACE_02
6
SIG_3
66
1
40
20
41
20
0
VERTEX
8
TRACE_02
10
800
20
1250
0
VERTEX
8
TRACE_02
10
800
20
1269
0
SEQEND
0
INSERT
2
SMOOTH_20
8
TRACE_02
10
800
20
1250
0
INSERT
2
SMOOTH_20
8
TRACE_02
10
800
20
1269
0
POLYLINE
8
TRACE_01
6
SIG_3
66
1
40
20
41
20
0
VERTEX
8
TRACE_01
10
425
20
1600
0
VERTEX
8
TRACE_01
10
575
20
1600
0
VERTEX
8
TRACE_01
10
575
20
1475
0
SEQEND
0
INSERT
2
SMOOTH_20
8
TRACE_01
10
425
20
1600
0
INSERT
2
SMOOTH_20
8
TRACE_01
10
575
20
1600
0
INSERT
2
SMOOTH_20
8
TRACE_01
10
575
20
1475
0
POLYLINE
8
TRACE_02
6
SIG_3
66
1
40
20
41
20
0
VERTEX
8
TRACE_02
10
425
20
1531
0
VERTEX
8
TRACE_02
10
319
20
1531
0
VERTEX
8
TRACE_02
10
300
20
1550
0
SEQEND
0
INSERT
2
SMOOTH_20
8
TRACE_02
10
425
20
1531
0
INSERT
2
SMOOTH_20
8
TRACE_02
10
319
20
1531
0
INSERT
2
SMOOTH_20
8
TRACE_02
10
300
20
1550
0
POLYLINE
8
TRACE_02
6
SIG_3
66
1
40
20
41
20
0
VERTEX
8
TRACE_02
10
425
20
1531
0
VERTEX
8
TRACE_02
10
425
20
1600
0
SEQEND
0
INSERT
2
SMOOTH_20
8
TRACE_02
10
425
20
1531
0
INSERT
2
SMOOTH_20
8
TRACE_02
10
425
20
1600
0
POLYLINE
8
TRACE_02
6
SIG_3
66
1
40
20
41
20
0
VERTEX
8
TRACE_02
10
700
20
1244
0
VERTEX
8
TRACE_02
10
800
20
1244
0
VERTEX
8
TRACE_02
10
800
20
1250
0
SEQEND
0
INSERT
2
SMOOTH_20
8
TRACE_02
10
700
20
1244
0
INSERT
2
SMOOTH_20
8
TRACE_02
10
800
20
1244
0
INSERT
2
SMOOTH_20
8
TRACE_02
10
800
20
1250
0
POLYLINE
8
TRACE_02
6
SIG_3
66
1
40
20
41
20
0
VERTEX
8
TRACE_02
10
800
20
1269
0
VERTEX
8
TRACE_02
10
800
20
1275
0
VERTEX
8
TRACE_02
10
950
20
1275
0
SEQEND
0
INSERT
2
SMOOTH_20
8
TRACE_02
10
800
20
1269
0
INSERT
2
SMOOTH_20
8
TRACE_02
10
800
20
1275
0
INSERT
2
SMOOTH_20
8
TRACE_02
10
950
20
1275
0
POLYLINE
8
TRACE_02
6
SIG_3
66
1
40
20
41
20
0
VERTEX
8
TRACE_02
10
675
20
1638
0
VERTEX
8
TRACE_02
10
675
20
1900
0
VERTEX
8
TRACE_02
10
650
20
1900
0
SEQEND
0
INSERT
2
SMOOTH_20
8
TRACE_02
10
675
20
1638
0
INSERT
2
SMOOTH_20
8
TRACE_02
10
675
20
1900
0
INSERT
2
SMOOTH_20
8
TRACE_02
10
650
20
1900
0
POLYLINE
8
TRACE_02
6
SIG_3
66
1
40
20
41
20
0
VERTEX
8
TRACE_02
10
750
20
1556
0
VERTEX
8
TRACE_02
10
750
20
1638
0
VERTEX
8
TRACE_02
10
675
20
1638
0
SEQEND
0
INSERT
2
SMOOTH_20
8
TRACE_02
10
750
20
1556
0
INSERT
2
SMOOTH_20
8
TRACE_02
10
750
20
1638
0
INSERT
2
SMOOTH_20
8
TRACE_02
10
675
20
1638
0
POLYLINE
8
TRACE_02
6
SIG_3
66
1
40
20
41
20
0
VERTEX
8
TRACE_02
10
756
20
900
0
VERTEX
8
TRACE_02
10
756
20
968
0
VERTEX
8
TRACE_02
10
763
20
975
0
SEQEND
0
INSERT
2
SMOOTH_20
8
TRACE_02
10
756
20
900
0
INSERT
2
SMOOTH_20
8
TRACE_02
10
756
20
968
0
INSERT
2
SMOOTH_20
8
TRACE_02
10
763
20
975
0
POLYLINE
8
TRACE_02
6
SIG_3
66
1
40
20
41
20
0
VERTEX
8
TRACE_02
10
763
20
975
0
VERTEX
8
TRACE_02
10
763
20
1025
0
SEQEND
0
INSERT
2
SMOOTH_20
8
TRACE_02
10
763
20
975
0
INSERT
2
SMOOTH_20
8
TRACE_02
10
763
20
1025
0
POLYLINE
8
TRACE_01
6
SIG_3
66
1
40
20
41
20
0
VERTEX
8
TRACE_01
10
950
20
1150
0
VERTEX
8
TRACE_01
10
950
20
1275
0
SEQEND
0
INSERT
2
SMOOTH_20
8
TRACE_01
10
950
20
1150
0
INSERT
2
SMOOTH_20
8
TRACE_01
10
950
20
1275
0
POLYLINE
8
TRACE_01
6
SIG_3
66
1
40
20
41
20
0
VERTEX
8
TRACE_01
10
950
20
975
0
VERTEX
8
TRACE_01
10
950
20
1150
0
SEQEND
0
INSERT
2
SMOOTH_20
8
TRACE_01
10
950
20
975
0
INSERT
2
SMOOTH_20
8
TRACE_01
10
950
20
1150
0
POLYLINE
8
TRACE_02
6
SIG_3
66
1
40
20
41
20
0
VERTEX
8
TRACE_02
10
950
20
975
0
VERTEX
8
TRACE_02
10
763
20
975
0
SEQEND
0
INSERT
2
SMOOTH_20
8
TRACE_02
10
950
20
975
0
INSERT
2
SMOOTH_20
8
TRACE_02
10
763
20
975
0
POLYLINE
8
TRACE_01
6
SIG_3
66
1
40
20
41
20
0
VERTEX
8
TRACE_01
10
875
20
1150
0
VERTEX
8
TRACE_01
10
950
20
1150
0
SEQEND
0
INSERT
2
SMOOTH_20
8
TRACE_01
10
875
20
1150
0
INSERT
2
SMOOTH_20
8
TRACE_01
10
950
20
1150
0
POLYLINE
8
TRACE_01
6
SIG_3
66
1
40
20
41
20
0
VERTEX
8
TRACE_01
10
875
20
1300
0
VERTEX
8
TRACE_01
10
925
20
1300
0
VERTEX
8
TRACE_01
10
950
20
1275
0
SEQEND
0
INSERT
2
SMOOTH_20
8
TRACE_01
10
875
20
1300
0
INSERT
2
SMOOTH_20
8
TRACE_01
10
925
20
1300
0
INSERT
2
SMOOTH_20
8
TRACE_01
10
950
20
1275
0
POLYLINE
8
TRACE_02
6
SIG_3
66
1
40
20
41
20
0
VERTEX
8
TRACE_02
10
925
20
800
0
VERTEX
8
TRACE_02
10
950
20
800
0
VERTEX
8
TRACE_02
10
950
20
975
0
SEQEND
0
INSERT
2
SMOOTH_20
8
TRACE_02
10
925
20
800
0
INSERT
2
SMOOTH_20
8
TRACE_02
10
950
20
800
0
INSERT
2
SMOOTH_20
8
TRACE_02
10
950
20
975
0
POLYLINE
8
TRACE_01
6
SIG_3
66
1
40
20
41
20
0
VERTEX
8
TRACE_01
10
650
20
1900
0
VERTEX
8
TRACE_01
10
650
20
1800
0
VERTEX
8
TRACE_01
10
675
20
1800
0
SEQEND
0
INSERT
2
SMOOTH_20
8
TRACE_01
10
650
20
1900
0
INSERT
2
SMOOTH_20
8
TRACE_01
10
650
20
1800
0
INSERT
2
SMOOTH_20
8
TRACE_01
10
675
20
1800
0
POLYLINE
8
TRACE_01
6
SIG_3
66
1
40
20
41
20
0
VERTEX
8
TRACE_01
10
175
20
800
0
VERTEX
8
TRACE_01
10
250
20
800
0
VERTEX
8
TRACE_01
10
250
20
925
0
SEQEND
0
INSERT
2
SMOOTH_20
8
TRACE_01
10
175
20
800
0
INSERT
2
SMOOTH_20
8
TRACE_01
10
250
20
800
0
INSERT
2
SMOOTH_20
8
TRACE_01
10
250
20
925
0
POLYLINE
8
TRACE_02
6
SIG_3
66
1
40
20
41
20
0
VERTEX
8
TRACE_02
10
250
20
925
0
VERTEX
8
TRACE_02
10
263
20
925
0
VERTEX
8
TRACE_02
10
275
20
937
0
SEQEND
0
INSERT
2
SMOOTH_20
8
TRACE_02
10
250
20
925
0
INSERT
2
SMOOTH_20
8
TRACE_02
10
263
20
925
0
INSERT
2
SMOOTH_20
8
TRACE_02
10
275
20
937
0
POLYLINE
8
TRACE_01
6
SIG_3
66
1
40
20
41
20
0
VERTEX
8
TRACE_01
10
250
20
925
0
VERTEX
8
TRACE_01
10
250
20
1100
0
SEQEND
0
INSERT
2
SMOOTH_20
8
TRACE_01
10
250
20
925
0
INSERT
2
SMOOTH_20
8
TRACE_01
10
250
20
1100
0
POLYLINE
8
TRACE_02
6
SIG_3
66
1
40
20
41
20
0
VERTEX
8
TRACE_02
10
575
20
1412
0
VERTEX
8
TRACE_02
10
575
20
1450
0
SEQEND
0
INSERT
2
SMOOTH_20
8
TRACE_02
10
575
20
1412
0
INSERT
2
SMOOTH_20
8
TRACE_02
10
575
20
1450
0
POLYLINE
8
TRACE_01
6
SIG_3
66
1
40
20
41
20
0
VERTEX
8
TRACE_01
10
300
20
1550
0
VERTEX
8
TRACE_01
10
375
20
1650
0
VERTEX
8
TRACE_01
10
375
20
1800
0
SEQEND
0
INSERT
2
SMOOTH_20
8
TRACE_01
10
300
20
1550
0
INSERT
2
SMOOTH_20
8
TRACE_01
10
375
20
1650
0
INSERT
2
SMOOTH_20
8
TRACE_01
10
375
20
1800
0
POLYLINE
8
TRACE_01
6
SIG_3
66
1
40
20
41
20
0
VERTEX
8
TRACE_01
10
175
20
1500
0
VERTEX
8
TRACE_01
10
225
20
1500
0
VERTEX
8
TRACE_01
10
300
20
1550
0
SEQEND
0
INSERT
2
SMOOTH_20
8
TRACE_01
10
175
20
1500
0
INSERT
2
SMOOTH_20
8
TRACE_01
10
225
20
1500
0
INSERT
2
SMOOTH_20
8
TRACE_01
10
300
20
1550
0
POLYLINE
8
TRACE_01
6
SIG_3
66
1
40
20
41
20
0
VERTEX
8
TRACE_01
10
375
20
1800
0
VERTEX
8
TRACE_01
10
425
20
1800
0
SEQEND
0
INSERT
2
SMOOTH_20
8
TRACE_01
10
375
20
1800
0
INSERT
2
SMOOTH_20
8
TRACE_01
10
425
20
1800
0
POLYLINE
8
TRACE_01
6
SIG_3
66
1
40
20
41
20
0
VERTEX
8
TRACE_01
10
675
20
1800
0
VERTEX
8
TRACE_01
10
875
20
1800
0
SEQEND
0
INSERT
2
SMOOTH_20
8
TRACE_01
10
675
20
1800
0
INSERT
2
SMOOTH_20
8
TRACE_01
10
875
20
1800
0
POLYLINE
8
TRACE_01
6
SIG_3
66
1
40
20
41
20
0
VERTEX
8
TRACE_01
10
875
20
1800
0
VERTEX
8
TRACE_01
10
875
20
1750
0
SEQEND
0
INSERT
2
SMOOTH_20
8
TRACE_01
10
875
20
1800
0
INSERT
2
SMOOTH_20
8
TRACE_01
10
875
20
1750
0
POLYLINE
8
TRACE_01
6
SIG_3
66
1
40
20
41
20
0
VERTEX
8
TRACE_01
10
425
20
1800
0
VERTEX
8
TRACE_01
10
425
20
1750
0
VERTEX
8
TRACE_01
10
525
20
1750
0
SEQEND
0
INSERT
2
SMOOTH_20
8
TRACE_01
10
425
20
1800
0
INSERT
2
SMOOTH_20
8
TRACE_01
10
425
20
1750
0
INSERT
2
SMOOTH_20
8
TRACE_01
10
525
20
1750
0
POLYLINE
8
TRACE_01
6
SIG_3
66
1
40
20
41
20
0
VERTEX
8
TRACE_01
10
525
20
1750
0
VERTEX
8
TRACE_01
10
625
20
1750
0
VERTEX
8
TRACE_01
10
625
20
1800
0
SEQEND
0
INSERT
2
SMOOTH_20
8
TRACE_01
10
525
20
1750
0
INSERT
2
SMOOTH_20
8
TRACE_01
10
625
20
1750
0
INSERT
2
SMOOTH_20
8
TRACE_01
10
625
20
1800
0
POLYLINE
8
TRACE_01
6
SIG_3
66
1
40
20
41
20
0
VERTEX
8
TRACE_01
10
525
20
1800
0
VERTEX
8
TRACE_01
10
525
20
1750
0
SEQEND
0
INSERT
2
SMOOTH_20
8
TRACE_01
10
525
20
1800
0
INSERT
2
SMOOTH_20
8
TRACE_01
10
525
20
1750
0
POLYLINE
8
TRACE_01
6
SIG_3
66
1
40
20
41
20
0
VERTEX
8
TRACE_01
10
625
20
1800
0
VERTEX
8
TRACE_01
10
675
20
1800
0
SEQEND
0
INSERT
2
SMOOTH_20
8
TRACE_01
10
625
20
1800
0
INSERT
2
SMOOTH_20
8
TRACE_01
10
675
20
1800
0
POLYLINE
8
TRACE_01
6
SIG_3
66
1
40
20
41
20
0
VERTEX
8
TRACE_01
10
200
20
1825
0
VERTEX
8
TRACE_01
10
375
20
1825
0
VERTEX
8
TRACE_01
10
375
20
1800
0
SEQEND
0
INSERT
2
SMOOTH_20
8
TRACE_01
10
200
20
1825
0
INSERT
2
SMOOTH_20
8
TRACE_01
10
375
20
1825
0
INSERT
2
SMOOTH_20
8
TRACE_01
10
375
20
1800
0
POLYLINE
8
TRACE_01
6
SIG_3
66
1
40
20
41
20
0
VERTEX
8
TRACE_01
10
131
20
1850
0
VERTEX
8
TRACE_01
10
200
20
1850
0
VERTEX
8
TRACE_01
10
200
20
1825
0
SEQEND
0
INSERT
2
SMOOTH_20
8
TRACE_01
10
131
20
1850
0
INSERT
2
SMOOTH_20
8
TRACE_01
10
200
20
1850
0
INSERT
2
SMOOTH_20
8
TRACE_01
10
200
20
1825
0
POLYLINE
8
TRACE_01
6
SIG_3
66
1
40
20
41
20
0
VERTEX
8
TRACE_01
10
175
20
1750
0
VERTEX
8
TRACE_01
10
200
20
1750
0
VERTEX
8
TRACE_01
10
200
20
1825
0
SEQEND
0
INSERT
2
SMOOTH_20
8
TRACE_01
10
175
20
1750
0
INSERT
2
SMOOTH_20
8
TRACE_01
10
200
20
1750
0
INSERT
2
SMOOTH_20
8
TRACE_01
10
200
20
1825
0
POLYLINE
8
TRACE_01
6
SIG_3
66
1
40
20
41
20
0
VERTEX
8
TRACE_01
10
75
20
1450
0
VERTEX
8
TRACE_01
10
125
20
1500
0
VERTEX
8
TRACE_01
10
175
20
1500
0
SEQEND
0
INSERT
2
SMOOTH_20
8
TRACE_01
10
75
20
1450
0
INSERT
2
SMOOTH_20
8
TRACE_01
10
125
20
1500
0
INSERT
2
SMOOTH_20
8
TRACE_01
10
175
20
1500
0
POLYLINE
8
TRACE_01
6
SIG_3
66
1
40
20
41
20
0
VERTEX
8
TRACE_01
10
75
20
1325
0
VERTEX
8
TRACE_01
10
75
20
1450
0
SEQEND
0
INSERT
2
SMOOTH_20
8
TRACE_01
10
75
20
1325
0
INSERT
2
SMOOTH_20
8
TRACE_01
10
75
20
1450
0
POLYLINE
8
TRACE_01
6
SIG_3
66
1
40
20
41
20
0
VERTEX
8
TRACE_01
10
75
20
1100
0
VERTEX
8
TRACE_01
10
75
20
1325
0
SEQEND
0
INSERT
2
SMOOTH_20
8
TRACE_01
10
75
20
1100
0
INSERT
2
SMOOTH_20
8
TRACE_01
10
75
20
1325
0
POLYLINE
8
TRACE_01
6
SIG_3
66
1
40
20
41
20
0
VERTEX
8
TRACE_01
10
75
20
1100
0
VERTEX
8
TRACE_01
10
175
20
1100
0
SEQEND
0
INSERT
2
SMOOTH_20
8
TRACE_01
10
75
20
1100
0
INSERT
2
SMOOTH_20
8
TRACE_01
10
175
20
1100
0
POLYLINE
8
TRACE_01
6
SIG_3
66
1
40
20
41
20
0
VERTEX
8
TRACE_01
10
175
20
1100
0
VERTEX
8
TRACE_01
10
250
20
1100
0
SEQEND
0
INSERT
2
SMOOTH_20
8
TRACE_01
10
175
20
1100
0
INSERT
2
SMOOTH_20
8
TRACE_01
10
250
20
1100
0
POLYLINE
8
TRACE_01
6
SIG_3
66
1
40
20
41
20
0
VERTEX
8
TRACE_01
10
875
20
800
0
VERTEX
8
TRACE_01
10
925
20
800
0
SEQEND
0
INSERT
2
SMOOTH_20
8
TRACE_01
10
875
20
800
0
INSERT
2
SMOOTH_20
8
TRACE_01
10
925
20
800
0
POLYLINE
8
TRACE_01
6
SIG_3
66
1
40
20
41
20
0
VERTEX
8
TRACE_01
10
875
20
1850
0
VERTEX
8
TRACE_01
10
875
20
1800
0
SEQEND
0
INSERT
2
SMOOTH_20
8
TRACE_01
10
875
20
1850
0
INSERT
2
SMOOTH_20
8
TRACE_01
10
875
20
1800
0
POLYLINE
8
TRACE_01
6
SIG_4
66
1
40
20
41
20
0
VERTEX
8
TRACE_01
10
175
20
1600
0
VERTEX
8
TRACE_01
10
225
20
1600
0
VERTEX
8
TRACE_01
10
300
20
1650
0
SEQEND
0
INSERT
2
SMOOTH_20
8
TRACE_01
10
175
20
1600
0
INSERT
2
SMOOTH_20
8
TRACE_01
10
225
20
1600
0
INSERT
2
SMOOTH_20
8
TRACE_01
10
300
20
1650
0
POLYLINE
8
TRACE_01
6
SIG_5
66
1
40
20
41
20
0
VERTEX
8
TRACE_01
10
175
20
1650
0
VERTEX
8
TRACE_01
10
225
20
1650
0
VERTEX
8
TRACE_01
10
225
20
1675
0
VERTEX
8
TRACE_01
10
300
20
1750
0
SEQEND
0
INSERT
2
SMOOTH_20
8
TRACE_01
10
175
20
1650
0
INSERT
2
SMOOTH_20
8
TRACE_01
10
225
20
1650
0
INSERT
2
SMOOTH_20
8
TRACE_01
10
225
20
1675
0
INSERT
2
SMOOTH_20
8
TRACE_01
10
300
20
1750
0
POLYLINE
8
TRACE_01
6
SIG_6
66
1
40
20
41
20
0
VERTEX
8
TRACE_01
10
550
20
1900
0
VERTEX
8
TRACE_01
10
575
20
1875
0
VERTEX
8
TRACE_01
10
575
20
1800
0
SEQEND
0
INSERT
2
SMOOTH_20
8
TRACE_01
10
550
20
1900
0
INSERT
2
SMOOTH_20
8
TRACE_01
10
575
20
1875
0
INSERT
2
SMOOTH_20
8
TRACE_01
10
575
20
1800
0
POLYLINE
8
TRACE_02
6
SIG_7
66
1
40
20
41
20
0
VERTEX
8
TRACE_02
10
281
20
1250
0
VERTEX
8
TRACE_02
10
281
20
1331
0
VERTEX
8
TRACE_02
10
300
20
1350
0
SEQEND
0
INSERT
2
SMOOTH_20
8
TRACE_02
10
281
20
1250
0
INSERT
2
SMOOTH_20
8
TRACE_02
10
281
20
1331
0
INSERT
2
SMOOTH_20
8
TRACE_02
10
300
20
1350
0
POLYLINE
8
TRACE_02
6
SIG_7
66
1
40
20
41
20
0
VERTEX
8
TRACE_02
10
300
20
1350
0
VERTEX
8
TRACE_02
10
175
20
1475
0
VERTEX
8
TRACE_02
10
175
20
1550
0
VERTEX
8
TRACE_02
10
75
20
1550
0
SEQEND
0
INSERT
2
SMOOTH_20
8
TRACE_02
10
300
20
1350
0
INSERT
2
SMOOTH_20
8
TRACE_02
10
175
20
1475
0
INSERT
2
SMOOTH_20
8
TRACE_02
10
175
20
1550
0
INSERT
2
SMOOTH_20
8
TRACE_02
10
75
20
1550
0
POLYLINE
8
TRACE_01
6
SIG_7
66
1
40
20
41
20
0
VERTEX
8
TRACE_01
10
75
20
1550
0
VERTEX
8
TRACE_01
10
175
20
1550
0
SEQEND
0
INSERT
2
SMOOTH_20
8
TRACE_01
10
75
20
1550
0
INSERT
2
SMOOTH_20
8
TRACE_01
10
175
20
1550
0
POLYLINE
8
TRACE_01
6
SIG_7
66
1
40
20
41
20
0
VERTEX
8
TRACE_01
10
75
20
1700
0
VERTEX
8
TRACE_01
10
75
20
1550
0
SEQEND
0
INSERT
2
SMOOTH_20
8
TRACE_01
10
75
20
1700
0
INSERT
2
SMOOTH_20
8
TRACE_01
10
75
20
1550
0
POLYLINE
8
TRACE_01
6
SIG_7
66
1
40
20
41
20
0
VERTEX
8
TRACE_01
10
69
20
1850
0
VERTEX
8
TRACE_01
10
75
20
1844
0
VERTEX
8
TRACE_01
10
75
20
1700
0
SEQEND
0
INSERT
2
SMOOTH_20
8
TRACE_01
10
69
20
1850
0
INSERT
2
SMOOTH_20
8
TRACE_01
10
75
20
1844
0
INSERT
2
SMOOTH_20
8
TRACE_01
10
75
20
1700
0
POLYLINE
8
TRACE_01
6
SIG_8
66
1
40
20
41
20
0
VERTEX
8
TRACE_01
10
875
20
675
0
VERTEX
8
TRACE_01
10
975
20
775
0
VERTEX
8
TRACE_01
10
975
20
850
0
SEQEND
0
INSERT
2
SMOOTH_20
8
TRACE_01
10
875
20
675
0
INSERT
2
SMOOTH_20
8
TRACE_01
10
975
20
775
0
INSERT
2
SMOOTH_20
8
TRACE_01
10
975
20
850
0
POLYLINE
8
TRACE_01
6
SIG_8
66
1
40
20
41
20
0
VERTEX
8
TRACE_01
10
875
20
850
0
VERTEX
8
TRACE_01
10
975
20
850
0
SEQEND
0
INSERT
2
SMOOTH_20
8
TRACE_01
10
875
20
850
0
INSERT
2
SMOOTH_20
8
TRACE_01
10
975
20
850
0
POLYLINE
8
TRACE_01
6
SIG_9
66
1
40
20
41
20
0
VERTEX
8
TRACE_01
10
575
20
675
0
VERTEX
8
TRACE_01
10
575
20
825
0
VERTEX
8
TRACE_01
10
675
20
825
0
VERTEX
8
TRACE_01
10
675
20
900
0
VERTEX
8
TRACE_01
10
775
20
1000
0
VERTEX
8
TRACE_01
10
775
20
1100
0
VERTEX
8
TRACE_01
10
875
20
1100
0
SEQEND
0
INSERT
2
SMOOTH_20
8
TRACE_01
10
575
20
675
0
INSERT
2
SMOOTH_20
8
TRACE_01
10
575
20
825
0
INSERT
2
SMOOTH_20
8
TRACE_01
10
675
20
825
0
INSERT
2
SMOOTH_20
8
TRACE_01
10
675
20
900
0
INSERT
2
SMOOTH_20
8
TRACE_01
10
775
20
1000
0
INSERT
2
SMOOTH_20
8
TRACE_01
10
775
20
1100
0
INSERT
2
SMOOTH_20
8
TRACE_01
10
875
20
1100
0
POLYLINE
8
TRACE_02
6
SIG_10
66
1
40
20
41
20
0
VERTEX
8
TRACE_02
10
375
20
937
0
VERTEX
8
TRACE_02
10
375
20
1025
0
VERTEX
8
TRACE_02
10
537
20
1025
0
SEQEND
0
INSERT
2
SMOOTH_20
8
TRACE_02
10
375
20
937
0
INSERT
2
SMOOTH_20
8
TRACE_02
10
375
20
1025
0
INSERT
2
SMOOTH_20
8
TRACE_02
10
537
20
1025
0
POLYLINE
8
TRACE_02
6
SIG_10
66
1
40
20
41
20
0
VERTEX
8
TRACE_02
10
537
20
1025
0
VERTEX
8
TRACE_02
10
625
20
1025
0
VERTEX
8
TRACE_02
10
625
20
1325
0
SEQEND
0
INSERT
2
SMOOTH_20
8
TRACE_02
10
537
20
1025
0
INSERT
2
SMOOTH_20
8
TRACE_02
10
625
20
1025
0
INSERT
2
SMOOTH_20
8
TRACE_02
10
625
20
1325
0
POLYLINE
8
TRACE_02
6
SIG_10
66
1
40
20
41
20
0
VERTEX
8
TRACE_02
10
625
20
1325
0
VERTEX
8
TRACE_02
10
625
20
1412
0
SEQEND
0
INSERT
2
SMOOTH_20
8
TRACE_02
10
625
20
1325
0
INSERT
2
SMOOTH_20
8
TRACE_02
10
625
20
1412
0
POLYLINE
8
TRACE_02
6
SIG_10
66
1
40
20
41
20
0
VERTEX
8
TRACE_02
10
506
20
1325
0
VERTEX
8
TRACE_02
10
625
20
1325
0
SEQEND
0
INSERT
2
SMOOTH_20
8
TRACE_02
10
506
20
1325
0
INSERT
2
SMOOTH_20
8
TRACE_02
10
625
20
1325
0
POLYLINE
8
TRACE_02
6
SIG_10
66
1
40
20
41
20
0
VERTEX
8
TRACE_02
10
375
20
675
0
VERTEX
8
TRACE_02
10
375
20
937
0
SEQEND
0
INSERT
2
SMOOTH_20
8
TRACE_02
10
375
20
675
0
INSERT
2
SMOOTH_20
8
TRACE_02
10
375
20
937
0
POLYLINE
8
TRACE_02
6
SIG_11
66
1
40
20
41
20
0
VERTEX
8
TRACE_02
10
725
20
1400
0
VERTEX
8
TRACE_02
10
675
20
1400
0
VERTEX
8
TRACE_02
10
675
20
1412
0
SEQEND
0
INSERT
2
SMOOTH_20
8
TRACE_02
10
725
20
1400
0
INSERT
2
SMOOTH_20
8
TRACE_02
10
675
20
1400
0
INSERT
2
SMOOTH_20
8
TRACE_02
10
675
20
1412
0
POLYLINE
8
TRACE_02
6
SIG_11
66
1
40
20
41
20
0
VERTEX
8
TRACE_02
10
475
20
675
0
VERTEX
8
TRACE_02
10
475
20
881
0
VERTEX
8
TRACE_02
10
494
20
900
0
SEQEND
0
INSERT
2
SMOOTH_20
8
TRACE_02
10
475
20
675
0
INSERT
2
SMOOTH_20
8
TRACE_02
10
475
20
881
0
INSERT
2
SMOOTH_20
8
TRACE_02
10
494
20
900
0
POLYLINE
8
TRACE_01
6
SIG_11
66
1
40
20
41
20
0
VERTEX
8
TRACE_01
10
400
20
1200
0
VERTEX
8
TRACE_01
10
400
20
1000
0
VERTEX
8
TRACE_01
10
475
20
1000
0
VERTEX
8
TRACE_01
10
475
20
675
0
SEQEND
0
INSERT
2
SMOOTH_20
8
TRACE_01
10
400
20
1200
0
INSERT
2
SMOOTH_20
8
TRACE_01
10
400
20
1000
0
INSERT
2
SMOOTH_20
8
TRACE_01
10
475
20
1000
0
INSERT
2
SMOOTH_20
8
TRACE_01
10
475
20
675
0
POLYLINE
8
TRACE_01
6
SIG_11
66
1
40
20
41
20
0
VERTEX
8
TRACE_01
10
400
20
1200
0
VERTEX
8
TRACE_01
10
550
20
1200
0
VERTEX
8
TRACE_01
10
600
20
1250
0
VERTEX
8
TRACE_01
10
600
20
1400
0
VERTEX
8
TRACE_01
10
725
20
1400
0
SEQEND
0
INSERT
2
SMOOTH_20
8
TRACE_01
10
400
20
1200
0
INSERT
2
SMOOTH_20
8
TRACE_01
10
550
20
1200
0
INSERT
2
SMOOTH_20
8
TRACE_01
10
600
20
1250
0
INSERT
2
SMOOTH_20
8
TRACE_01
10
600
20
1400
0
INSERT
2
SMOOTH_20
8
TRACE_01
10
725
20
1400
0
POLYLINE
8
TRACE_02
6
SIG_11
66
1
40
20
41
20
0
VERTEX
8
TRACE_02
10
494
20
933.9431496063
0
VERTEX
8
TRACE_02
10
494
20
937
0
VERTEX
8
TRACE_02
10
425
20
937
0
SEQEND
0
INSERT
2
SMOOTH_20
8
TRACE_02
10
494
20
933.9431496063
0
INSERT
2
SMOOTH_20
8
TRACE_02
10
494
20
937
0
INSERT
2
SMOOTH_20
8
TRACE_02
10
425
20
937
0
POLYLINE
8
TRACE_02
6
SIG_11
66
1
40
20
41
20
0
VERTEX
8
TRACE_02
10
494
20
933.9431496063
0
VERTEX
8
TRACE_02
10
494
20
975
0
VERTEX
8
TRACE_02
10
537
20
975
0
SEQEND
0
INSERT
2
SMOOTH_20
8
TRACE_02
10
494
20
933.9431496063
0
INSERT
2
SMOOTH_20
8
TRACE_02
10
494
20
975
0
INSERT
2
SMOOTH_20
8
TRACE_02
10
537
20
975
0
POLYLINE
8
TRACE_02
6
SIG_11
66
1
40
20
41
20
0
VERTEX
8
TRACE_02
10
494
20
900
0
VERTEX
8
TRACE_02
10
494
20
933.9431496063
0
SEQEND
0
INSERT
2
SMOOTH_20
8
TRACE_02
10
494
20
900
0
INSERT
2
SMOOTH_20
8
TRACE_02
10
494
20
933.9431496063
0
POLYLINE
8
TRACE_01
6
SIG_12
66
1
40
20
41
20
0
VERTEX
8
TRACE_01
10
675
20
675
0
VERTEX
8
TRACE_01
10
725
20
725
0
VERTEX
8
TRACE_01
10
725
20
850
0
VERTEX
8
TRACE_01
10
825
20
950
0
VERTEX
8
TRACE_01
10
825
20
1050
0
VERTEX
8
TRACE_01
10
875
20
1050
0
SEQEND
0
INSERT
2
SMOOTH_20
8
TRACE_01
10
675
20
675
0
INSERT
2
SMOOTH_20
8
TRACE_01
10
725
20
725
0
INSERT
2
SMOOTH_20
8
TRACE_01
10
725
20
850
0
INSERT
2
SMOOTH_20
8
TRACE_01
10
825
20
950
0
INSERT
2
SMOOTH_20
8
TRACE_01
10
825
20
1050
0
INSERT
2
SMOOTH_20
8
TRACE_01
10
875
20
1050
0
INSERT
2
SYM_TOP_1
8
VIAPTS
10
575
20
1150
6
SIG_0
0
INSERT
2
SYM_TOP_1
8
VIAPTS
10
675
20
1050
6
SIG_0
0
INSERT
2
SYM_TOP_1
8
VIAPTS
10
325
20
1050
6
SIG_1
0
INSERT
2
SYM_TOP_1
8
VIAPTS
10
525
20
1250
6
SIG_1
0
INSERT
2
SYM_TOP_1
8
VIAPTS
10
475
20
1075
6
SIG_3
0
INSERT
2
SYM_TOP_1
8
VIAPTS
10
725
20
1025
6
SIG_3
0
INSERT
2
SYM_TOP_1
8
VIAPTS
10
800
20
1200
6
SIG_3
0
INSERT
2
SYM_TOP_1
8
VIAPTS
10
425
20
1600
6
SIG_3
0
INSERT
2
SYM_TOP_1
8
VIAPTS
10
575
20
1450
6
SIG_3
0
INSERT
2
SYM_TOP_1
8
VIAPTS
10
950
20
975
6
SIG_3
0
INSERT
2
SYM_TOP_1
8
VIAPTS
10
950
20
1275
6
SIG_3
0
INSERT
2
SYM_TOP_1
8
VIAPTS
10
925
20
800
6
SIG_3
0
INSERT
2
SYM_TOP_1
8
VIAPTS
10
250
20
925
6
SIG_3
0
INSERT
2
SYM_TOP_1
8
VIAPTS
10
725
20
1400
6
SIG_11
999
*** POWERPCB  PCB PARAMETER ***
0
INSERT
2
PCB_PARAMS
8
0
10
0
20
0
0
ENDSEC
0
EOF
